AIRLINE,IATA_CD,FLIGHT_CD,TERMINAL,GATE,EXIT,CODESHARE,MASTERID,SCHEDULED_TM,ESTIMATED_TM,STATUS,FLIGHT_TYPE
에어로케이항공,KIX,RF313,P02,105,B,Master,RF313,2025-11-19 00:05:00,2025-11-19 00:14:00,도착,I
비엣젯항공,PQC,VJ974,P02,113,B,Master,VJ974,2025-11-19 00:30:00,2025-11-19 00:33:00,도착,I
홍콩익스프레스,HKG,UO614,P02,111,B,Master,UO614,2025-11-19 01:35:00,2025-11-19 01:23:00,도착,I
캐세이퍼시픽항공,HKG,CX5614,P02,111,B,Slave,UO614,2025-11-19 01:35:00,2025-11-19 01:23:00,도착,I
비엣젯항공,PQC,VJ978,P02,112,B,Master,VJ978,2025-11-19 01:20:00,2025-11-19 01:35:00,도착,I
세부퍼시픽항공,MNL,5J188,P02,107,B,Master,5J188,2025-11-19 00:45:00,2025-11-19 01:49:00,도착,I
대한항공,DYG,KE164,P03,245,A,Master,KE164,2025-11-19 03:40:00,2025-11-19 03:54:00,도착,I
아시아나항공,HND,OZ177,P01,18,B,Master,OZ177,2025-11-19 04:10:00,2025-11-19 04:02:00,도착,I
전일본공수,HND,NH6895,P01,18,B,Slave,OZ177,2025-11-19 04:10:00,2025-11-19 04:02:00,도착,I
대한항공,YVR,KE076,P03,225,A,Master,KE076,2025-11-19 05:00:00,2025-11-19 04:20:00,도착,I
웨스트젯,YVR,WS6060,P03,225,A,Slave,KE076,2025-11-19 05:00:00,2025-11-19 04:20:00,도착,I
비엣젯항공,PQC,VJ976,P02,102,B,Master,VJ976,2025-11-19 04:00:00,2025-11-19 04:15:00,도착,I
대한항공,PEK,KE864,P03,235,A,Master,KE864,2025-11-19 04:20:00,2025-11-19 04:14:00,도착,I
샤먼항공,PEK,MF9095,P03,235,A,Slave,KE864,2025-11-19 04:20:00,2025-11-19 04:14:00,도착,I
진에어,GUM,LJ920,P03,263,A,Master,LJ920,2025-11-19 04:15:00,2025-11-19 04:13:00,도착,I
대한항공,GUM,KE418,P03,246,A,Master,KE418,2025-11-19 04:50:00,2025-11-19 04:21:00,도착,I
델타항공,GUM,DL7830,P03,246,A,Slave,KE418,2025-11-19 04:50:00,2025-11-19 04:21:00,도착,I
비엣젯항공,CXR,VJ836,P02,113,B,Master,VJ836,2025-11-19 04:30:00,2025-11-19 04:26:00,도착,I
제주항공,MNL,7C2104,P01,3,B,Master,7C2104,2025-11-19 04:10:00,2025-11-19 04:22:00,도착,I
한 에어,MNL,H19754,P01,3,B,Slave,7C2104,2025-11-19 04:10:00,2025-11-19 04:22:00,도착,I
베트남항공,CXR,VN440,P02,112,B,Master,VN440,2025-11-19 04:25:00,2025-11-19 04:25:00,도착,I
대한항공,CXR,KE5680,P02,112,B,Slave,VN440,2025-11-19 04:25:00,2025-11-19 04:25:00,도착,I
대한항공,KTM,KE696,P03,236,A,Master,KE696,2025-11-19 04:30:00,2025-11-19 04:25:00,도착,I
티웨이항공,HKG,TW644,P01,48,E,Master,TW644,2025-11-19 05:00:00,2025-11-19 04:27:00,도착,I
대한항공,HND,KE752,P03,219,A,Master,KE752,2025-11-19 04:50:00,2025-11-19 04:30:00,도착,I
일본항공,HND,JL5257,P03,219,A,Slave,KE752,2025-11-19 04:50:00,2025-11-19 04:30:00,도착,I
에어 프랑스,HND,AF5367,P03,219,A,Slave,KE752,2025-11-19 04:50:00,2025-11-19 04:30:00,도착,I
버진 애트란틱항공,HND,VS5530,P03,219,A,Slave,KE752,2025-11-19 04:50:00,2025-11-19 04:30:00,도착,I
대한항공,BKK,KE658,P03,249,A,Master,KE658,2025-11-19 04:45:00,2025-11-19 04:28:00,도착,I
케냐항공,BKK,KQ5150,P03,249,A,Slave,KE658,2025-11-19 04:45:00,2025-11-19 04:28:00,도착,I
델타항공,BKK,DL7858,P03,249,A,Slave,KE658,2025-11-19 04:45:00,2025-11-19 04:28:00,도착,I
아시아나항공,MNL,OZ704,P01,27,B,Master,OZ704,2025-11-19 05:00:00,2025-11-19 04:29:00,도착,I
델타항공,ATL,DL027,P03,253,B,Master,DL027,2025-11-19 05:45:00,2025-11-19 04:36:00,도착,I
대한항공,ATL,KE5036,P03,253,B,Slave,DL027,2025-11-19 05:45:00,2025-11-19 04:36:00,도착,I
에어프레미아,LAX,YP104,P01,6,B,Master,YP104,2025-11-19 05:10:00,2025-11-19 04:37:00,도착,I
대한항공,MNL,KE624,P03,248,A,Master,KE624,2025-11-19 04:25:00,2025-11-19 04:43:00,도착,I
대한항공,LAS,KE006,P03,241,A,Master,KE006,2025-11-19 05:20:00,2025-11-19 04:42:00,도착,I
델타항공,LAS,DL7832,P03,241,A,Slave,KE006,2025-11-19 05:20:00,2025-11-19 04:42:00,도착,I
아에로멕시코,MEX,AM090,P03,276,B,Master,AM090,2025-11-19 06:00:00,2025-11-19 04:59:00,도착,I
란항공,MEX,LA5114,P03,276,B,Slave,AM090,2025-11-19 06:00:00,2025-11-19 04:59:00,도착,I
아시아나항공,SEA,OZ271,P01,21,B,Master,OZ271,2025-11-19 05:20:00,2025-11-19 04:54:00,도착,I
유나이티드항공,SEA,UA7292,P01,21,B,Slave,OZ271,2025-11-19 05:20:00,2025-11-19 04:54:00,도착,I
싱가포르항공,SEA,SQ5771,P01,21,B,Slave,OZ271,2025-11-19 05:20:00,2025-11-19 04:54:00,도착,I
타이항공,SEA,TG6752,P01,21,B,Slave,OZ271,2025-11-19 05:20:00,2025-11-19 04:54:00,도착,I
대한항공,HKG,KE2012,P03,247,A,Master,KE2012,2025-11-19 05:20:00,2025-11-19 05:03:00,도착,I
델타항공,HKG,DL7774,P03,247,A,Slave,KE2012,2025-11-19 05:20:00,2025-11-19 05:03:00,도착,I
웨스트젯,HKG,WS6036,P03,247,A,Slave,KE2012,2025-11-19 05:20:00,2025-11-19 05:03:00,도착,I
버진 애트란틱항공,HKG,VS5516,P03,247,A,Slave,KE2012,2025-11-19 05:20:00,2025-11-19 05:03:00,도착,I
에어프레미아,EWR,YP132,P01,31,E,Master,YP132,2025-11-19 05:40:00,2025-11-19 05:04:00,도착,I
비엣젯항공,CXR,VJ834,P02,117,E,Master,VJ834,2025-11-19 05:35:00,2025-11-19 05:04:00,도착,I
대한항공,LAX,KE012,P03,233,A,Master,KE012,2025-11-19 05:10:00,2025-11-19 05:09:00,도착,I
란항공,LAX,LA8425,P03,233,A,Slave,KE012,2025-11-19 05:10:00,2025-11-19 05:09:00,도착,I
아에로멕시코,LAX,AM6701,P03,233,A,Slave,KE012,2025-11-19 05:10:00,2025-11-19 05:09:00,도착,I
델타항공,LAX,DL7834,P03,233,A,Slave,KE012,2025-11-19 05:10:00,2025-11-19 05:09:00,도착,I
대한항공,CEB,KE602,P03,266,B,Master,KE602,2025-11-19 05:35:00,2025-11-19 05:08:00,도착,I
아시아나항공,CAN,OZ358,P01,12,B,Master,OZ358,2025-11-19 05:40:00,2025-11-19 05:10:00,도착,I
심천항공,CAN,ZH3291,P01,12,B,Slave,OZ358,2025-11-19 05:40:00,2025-11-19 05:10:00,도착,I
대한항공,HAN,KE448,P03,256,B,Master,KE448,2025-11-19 04:55:00,2025-11-19 05:16:00,도착,I
델타항공,HAN,DL7808,P03,256,B,Slave,KE448,2025-11-19 04:55:00,2025-11-19 05:16:00,도착,I
웨스트젯,HAN,WS6038,P03,256,B,Slave,KE448,2025-11-19 04:55:00,2025-11-19 05:16:00,도착,I
버진 애트란틱항공,HAN,VS5518,P03,256,B,Slave,KE448,2025-11-19 04:55:00,2025-11-19 05:16:00,도착,I
베트남항공,HAN,VN3410,P03,256,B,Slave,KE448,2025-11-19 04:55:00,2025-11-19 05:16:00,도착,I
아시아나항공,DAD,OZ756,P01,16,B,Master,OZ756,2025-11-19 05:40:00,2025-11-19 05:18:00,도착,I
에어캐나다,DAD,AC6972,P01,16,B,Slave,OZ756,2025-11-19 05:40:00,2025-11-19 05:18:00,도착,I
비엣젯항공,HPH,VJ926,P02,106,B,Master,VJ926,2025-11-19 06:00:00,2025-11-19 05:21:00,도착,I
에어부산,BKK,BX728,P03,280,B,Master,BX728,2025-11-19 06:05:00,2025-11-19 05:29:00,도착,I
필리핀항공,CEB,PR486,P01,45,E,Master,PR486,2025-11-19 06:00:00,2025-11-19 05:26:00,도착,I
이스타항공,CNX,ZE518,P02,122,E,Master,ZE518,2025-11-19 05:30:00,2025-11-19 05:25:00,도착,I
대한항공,DAD,KE460,P03,234,A,Master,KE460,2025-11-19 05:35:00,2025-11-19 05:28:00,도착,I
델타항공,DAD,DL7812,P03,234,A,Slave,KE460,2025-11-19 05:35:00,2025-11-19 05:28:00,도착,I
웨스트젯,DAD,WS6072,P03,234,A,Slave,KE460,2025-11-19 05:35:00,2025-11-19 05:28:00,도착,I
버진 애트란틱항공,DAD,VS5522,P03,234,A,Slave,KE460,2025-11-19 05:35:00,2025-11-19 05:28:00,도착,I
베트남항공,DAD,VN3441,P03,234,A,Slave,KE460,2025-11-19 05:35:00,2025-11-19 05:28:00,도착,I
아시아나항공,HKG,OZ746,P01,14,B,Master,OZ746,2025-11-19 05:00:00,2025-11-19 05:25:00,도착,I
홍콩항공,HKG,HX1566,P01,14,B,Slave,OZ746,2025-11-19 05:00:00,2025-11-19 05:25:00,도착,I
유나이티드항공,HKG,UA7307,P01,14,B,Slave,OZ746,2025-11-19 05:00:00,2025-11-19 05:25:00,도착,I
이스타항공,PVG,ZE872,P02,104,B,Master,ZE872,2025-11-19 05:25:00,2025-11-19 05:34:00,도착,I
진에어,CNX,LJ010,P03,278,B,Master,LJ010,2025-11-19 04:55:00,2025-11-19 05:38:00,도착,I
대한항공,CNX,KE5090,P03,278,B,Slave,LJ010,2025-11-19 04:55:00,2025-11-19 05:38:00,도착,I
에어아시아 버하드,BKI,AK1623,P02,125,D,Master,AK1623,2025-11-19 05:55:00,2025-11-19 05:38:00,도착,I
유나이티드항공,SFO,UA805,P01,46,E,Master,UA805,2025-11-19 05:40:00,2025-11-19 05:36:00,도착,I
아시아나항공,SFO,OZ6621,P01,46,E,Slave,UA805,2025-11-19 05:40:00,2025-11-19 05:36:00,도착,I
세부퍼시픽항공,MNL,5J186,P02,110,C,Master,5J186,2025-11-19 05:30:00,2025-11-19 05:41:00,도착,I
아시아나항공,SFO,OZ211,P01,23,B,Master,OZ211,2025-11-19 05:55:00,2025-11-19 05:40:00,도착,I
싱가포르항공,SFO,SQ5711,P01,23,B,Slave,OZ211,2025-11-19 05:55:00,2025-11-19 05:40:00,도착,I
타이항공,SFO,TG6744,P01,23,B,Slave,OZ211,2025-11-19 05:55:00,2025-11-19 05:40:00,도착,I
유나이티드항공,SFO,UA7290,P01,23,B,Slave,OZ211,2025-11-19 05:55:00,2025-11-19 05:40:00,도착,I
베트남항공,DAD,VN430,P02,109,C,Master,VN430,2025-11-19 05:45:00,2025-11-19 05:46:00,도착,I
에어아시아엑스,KUL,D7504,P02,121,D,Master,D7504,2025-11-19 06:20:00,2025-11-19 05:47:00,도착,I
티웨이항공,DAD,TW012,P02,129,D,Master,TW012,2025-11-19 06:05:00,2025-11-19 05:49:00,도착,I
바틱 에어 말레이시아,KUL,OD820,P01,50,E,Master,OD820,2025-11-19 05:50:00,2025-11-19 05:49:00,도착,I
아시아나항공,LAX,OZ203,P01,10,B,Master,OZ203,2025-11-19 05:55:00,2025-11-19 05:56:00,도착,I
타이항공,LAX,TG6742,P01,10,B,Slave,OZ203,2025-11-19 05:55:00,2025-11-19 05:56:00,도착,I
유나이티드항공,LAX,UA7288,P01,10,B,Slave,OZ203,2025-11-19 05:55:00,2025-11-19 05:56:00,도착,I
코파항공,LAX,CM8003,P01,10,B,Slave,OZ203,2025-11-19 05:55:00,2025-11-19 05:56:00,도착,I
싱가포르항공,LAX,SQ5703,P01,10,B,Slave,OZ203,2025-11-19 05:55:00,2025-11-19 05:56:00,도착,I
아시아나항공,HAN,OZ734,P01,15,B,Master,OZ734,2025-11-19 05:45:00,2025-11-19 05:53:00,도착,I
에어캐나다,HAN,AC6985,P01,15,B,Slave,OZ734,2025-11-19 05:45:00,2025-11-19 05:53:00,도착,I
유나이티드항공,HAN,UA7313,P01,15,B,Slave,OZ734,2025-11-19 05:45:00,2025-11-19 05:53:00,도착,I
티웨이항공,BKI,TW154,P02,103,C,Master,TW154,2025-11-19 06:15:00,2025-11-19 05:57:00,도착,I
대한항공,SIN,KE644,P03,252,B,Master,KE644,2025-11-19 05:45:00,2025-11-19 05:58:00,도착,I
델타항공,SIN,DL7820,P03,252,B,Slave,KE644,2025-11-19 05:45:00,2025-11-19 05:58:00,도착,I
스리랑카항공,SIN,UL3816,P03,252,B,Slave,KE644,2025-11-19 05:45:00,2025-11-19 05:58:00,도착,I
웨스트젯,SIN,WS6032,P03,252,B,Slave,KE644,2025-11-19 05:45:00,2025-11-19 05:58:00,도착,I
이스타항공,PQC,ZE582,P02,128,E,Master,ZE582,2025-11-19 05:30:00,2025-11-19 05:57:00,도착,I
대한항공,MNL,KE626,P03,242,A,Master,KE626,2025-11-19 06:00:00,2025-11-19 06:00:00,도착,I
아시아나항공,HKT,OZ726,P01,26,B,Master,OZ726,2025-11-19 06:35:00,2025-11-19 06:06:00,도착,I
필리핀항공,MNL,PR400,P01,47,E,Master,PR400,2025-11-19 06:10:00,2025-11-19 06:01:00,도착,I
대한항공,GUM,KE8426,P03,267,B,Master,KE8426,2025-11-19 06:25:00,2025-11-19 06:02:00,도착,I
대한항공,JFK,KE086,P03,231,A,Master,KE086,2025-11-19 06:30:00,2025-11-19 06:05:00,도착,I
델타항공,JFK,DL7844,P03,231,A,Slave,KE086,2025-11-19 06:30:00,2025-11-19 06:05:00,도착,I
진에어,PQC,LJ092,P03,268,B,Master,LJ092,2025-11-19 05:40:00,2025-11-19 06:04:00,도착,I
피치항공,HND,MM809,P02,107,B,Master,MM809,2025-11-19 04:40:00,2025-11-19 06:07:00,도착,I
대한항공,CXR,KE468,P03,258,B,Master,KE468,2025-11-19 06:05:00,2025-11-19 06:09:00,도착,I
델타항공,CXR,DL7814,P03,258,B,Slave,KE468,2025-11-19 06:05:00,2025-11-19 06:09:00,도착,I
베트남항공,CXR,VN3408,P03,258,B,Slave,KE468,2025-11-19 06:05:00,2025-11-19 06:09:00,도착,I
에어프레미아,BKK,YP602,P01,39,E,Master,YP602,2025-11-19 06:35:00,2025-11-19 06:12:00,도착,I
이스타항공,BKK,ZE512,P02,124,D,Master,ZE512,2025-11-19 06:20:00,2025-11-19 06:11:00,도착,I
진에어,BKK,LJ002,P03,249,A,Master,LJ002,2025-11-19 06:05:00,2025-11-19 06:12:00,도착,I
대한항공,BKK,KE5066,P03,249,A,Slave,LJ002,2025-11-19 06:05:00,2025-11-19 06:12:00,도착,I
비엣젯항공,DAD,VJ878,P02,123,D,Master,VJ878,2025-11-19 06:00:00,2025-11-19 06:15:00,도착,I
진에어,GUM,LJ918,P03,257,B,Master,LJ918,2025-11-19 06:45:00,2025-11-19 06:20:00,도착,I
라오항공,VTE,QV923,P01,42,E,Master,QV923,2025-11-19 07:05:00,2025-11-19 06:19:00,도착,I
티웨이항공,SIN,TW162,P01,49,E,Master,TW162,2025-11-19 06:35:00,2025-11-19 06:23:00,도착,I
베트남항공,HAN,VN416,P02,111,C,Master,VN416,2025-11-19 05:30:00,2025-11-19 06:24:00,도착,I
대한항공,CGK,KE438,P03,233,A,Master,KE438,2025-11-19 06:50:00,2025-11-19 06:28:00,도착,I
델타항공,CGK,DL7932,P03,233,A,Slave,KE438,2025-11-19 06:50:00,2025-11-19 06:28:00,도착,I
가루다인도네시아,CGK,GA9726,P03,233,A,Slave,KE438,2025-11-19 06:50:00,2025-11-19 06:28:00,도착,I
아시아나항공,CRK,OZ708,P01,2,B,Master,OZ708,2025-11-19 06:40:00,2025-11-19 06:29:00,도착,I
에어서울,GUM,RS102,P03,279,B,Master,RS102,2025-11-19 05:50:00,2025-11-19 06:35:00,도착,I
스리랑카항공,CMB,UL470,P01,28,E,Master,UL470,2025-11-19 06:45:00,2025-11-19 06:39:00,도착,I
대한항공,CMB,KE5472,P01,28,E,Slave,UL470,2025-11-19 06:45:00,2025-11-19 06:39:00,도착,I
대한항공,BKK,KE652,P03,261,B,Master,KE652,2025-11-19 06:35:00,2025-11-19 06:37:00,도착,I
델타항공,BKK,DL7854,P03,261,B,Slave,KE652,2025-11-19 06:35:00,2025-11-19 06:37:00,도착,I
하와이안 항공,BKK,HA6010,P03,261,B,Slave,KE652,2025-11-19 06:35:00,2025-11-19 06:37:00,도착,I
웨스트젯,BKK,WS6042,P03,261,B,Slave,KE652,2025-11-19 06:35:00,2025-11-19 06:37:00,도착,I
제주항공,PQC,7C2316,P01,34,E,Master,7C2316,2025-11-19 06:25:00,2025-11-19 06:38:00,도착,I
한 에어,PQC,H19982,P01,34,E,Slave,7C2316,2025-11-19 06:25:00,2025-11-19 06:38:00,도착,I
제주항공,CEB,7C2114,P02,112,C,Master,7C2114,2025-11-19 07:05:00,2025-11-19 06:43:00,도착,I
한 에어,CEB,H19809,P02,112,C,Slave,7C2114,2025-11-19 07:05:00,2025-11-19 06:43:00,도착,I
제주항공,CRK,7C2108,P01,37,E,Master,7C2108,2025-11-19 06:20:00,2025-11-19 06:42:00,도착,I
한 에어,CRK,H19856,P01,37,E,Slave,7C2108,2025-11-19 06:20:00,2025-11-19 06:42:00,도착,I
타이항공,BKK,TG656,P01,30,E,Master,TG656,2025-11-19 06:55:00,2025-11-19 06:45:00,도착,I
아시아나항공,SIN,OZ752,P01,6,B,Master,OZ752,2025-11-19 06:50:00,2025-11-19 06:49:00,도착,I
싱가포르항공,SIN,SQ5752,P01,6,B,Slave,OZ752,2025-11-19 06:50:00,2025-11-19 06:49:00,도착,I
에어캐나다,SIN,AC6995,P01,6,B,Slave,OZ752,2025-11-19 06:50:00,2025-11-19 06:49:00,도착,I
대한항공,PQC,KE486,P03,241,A,Master,KE486,2025-11-19 06:45:00,2025-11-19 06:53:00,도착,I
델타항공,PQC,DL7866,P03,241,A,Slave,KE486,2025-11-19 06:45:00,2025-11-19 06:53:00,도착,I
베트남항공,PQC,VN3414,P03,241,A,Slave,KE486,2025-11-19 06:45:00,2025-11-19 06:53:00,도착,I
대한항공,CNX,KE684,P03,252,B,Master,KE684,2025-11-19 07:05:00,2025-11-19 07:03:00,도착,I
델타항공,CNX,DL7927,P03,252,B,Slave,KE684,2025-11-19 07:05:00,2025-11-19 07:03:00,도착,I
아시아나항공,BKK,OZ742,P01,23,B,Master,OZ742,2025-11-19 06:55:00,2025-11-19 07:03:00,도착,I
에어캐나다,BKK,AC6997,P01,23,B,Slave,OZ742,2025-11-19 06:55:00,2025-11-19 07:03:00,도착,I
에티오피아항공,BKK,ET1299,P01,23,B,Slave,OZ742,2025-11-19 06:55:00,2025-11-19 07:03:00,도착,I
오스트리아 항공,BKK,OS8051,P01,23,B,Slave,OZ742,2025-11-19 06:55:00,2025-11-19 07:03:00,도착,I
타이항공,BKK,TG6726,P01,23,B,Slave,OZ742,2025-11-19 06:55:00,2025-11-19 07:03:00,도착,I
제주항공,DPS,7C2712,P02,105,C,Master,7C2712,2025-11-19 07:10:00,2025-11-19 07:12:00,도착,I
한 에어,DPS,H19951,P02,105,C,Slave,7C2712,2025-11-19 07:10:00,2025-11-19 07:12:00,도착,I
폴란드항공,WAW,LO097,P01,31,E,Master,LO097,2025-11-19 07:10:00,2025-11-19 07:18:00,도착,I
진에어,CRK,LJ038,P03,260,B,Master,LJ038,2025-11-19 06:55:00,2025-11-19 07:18:00,도착,I
대한항공,CRK,KE5764,P03,260,B,Slave,LJ038,2025-11-19 06:55:00,2025-11-19 07:18:00,도착,I
아시아나항공,CGK,OZ762,P01,40,E,Master,OZ762,2025-11-19 07:40:00,2025-11-19 07:24:00,도착,I
싱가포르항공,SIN,SQ608,P01,46,E,Master,SQ608,2025-11-19 07:25:00,2025-11-19 07:26:00,도착,I
에어인디아 리미티드,SIN,AI8172,P01,46,E,Slave,SQ608,2025-11-19 07:25:00,2025-11-19 07:26:00,도착,I
아시아나항공,SIN,OZ6782,P01,46,E,Slave,SQ608,2025-11-19 07:25:00,2025-11-19 07:26:00,도착,I
버진 오스트레일리아,SIN,VA5678,P01,46,E,Slave,SQ608,2025-11-19 07:25:00,2025-11-19 07:26:00,도착,I
타이항공,BKK,TG658,P01,35,E,Master,TG658,2025-11-19 06:35:00,2025-11-19 07:21:00,도착,I
아시아나항공,CEB,OZ710,P01,18,B,Master,OZ710,2025-11-19 07:10:00,2025-11-19 07:27:00,도착,I
대한항공,DPS,KE432,P03,267,B,Master,KE432,2025-11-19 07:45:00,2025-11-19 07:29:00,도착,I
가루다인도네시아,DPS,GA9960,P03,267,B,Slave,KE432,2025-11-19 07:45:00,2025-11-19 07:29:00,도착,I
델타항공,DPS,DL7804,P03,267,B,Slave,KE432,2025-11-19 07:45:00,2025-11-19 07:29:00,도착,I
에어 프랑스,DPS,AF5371,P03,267,B,Slave,KE432,2025-11-19 07:45:00,2025-11-19 07:29:00,도착,I
대한항공,AUH,KE2492,P03,242,A,Master,KE2492,2025-11-19 08:15:00,2025-11-19 07:31:00,도착,I
제주항공,VTE,7C2402,P02,110,C,Master,7C2402,2025-11-19 08:05:00,2025-11-19 07:39:00,도착,I
한 에어,VTE,H19909,P02,110,C,Slave,7C2402,2025-11-19 08:05:00,2025-11-19 07:39:00,도착,I
아시아나항공,HKT,OZ748,P01,10,B,Master,OZ748,2025-11-19 07:15:00,2025-11-19 07:54:00,도착,I
진에어,CXR,LJ088,P03,248,A,Master,LJ088,2025-11-19 07:35:00,2025-11-19 07:53:00,도착,I
이스타항공,DAD,ZE594,P02,119,D,Master,ZE594,2025-11-19 08:05:00,2025-11-19 07:46:00,도착,I
대한항공,HKT,KE678,P03,256,B,Master,KE678,2025-11-19 07:35:00,2025-11-19 07:50:00,도착,I
델타항공,HKT,DL7937,P03,256,B,Slave,KE678,2025-11-19 07:35:00,2025-11-19 07:50:00,도착,I
대한항공,SGN,KE476,P03,247,A,Master,KE476,2025-11-19 06:45:00,2025-11-19 07:55:00,도착,I
델타항공,SGN,DL7926,P03,247,A,Slave,KE476,2025-11-19 06:45:00,2025-11-19 07:55:00,도착,I
베트남항공,SGN,VN3400,P03,247,A,Slave,KE476,2025-11-19 06:45:00,2025-11-19 07:55:00,도착,I
버진 애트란틱항공,SGN,VS5520,P03,247,A,Slave,KE476,2025-11-19 06:45:00,2025-11-19 07:55:00,도착,I
웨스트젯,SGN,WS6040,P03,247,A,Slave,KE476,2025-11-19 06:45:00,2025-11-19 07:55:00,도착,I
대한항공,KTI,KE690,P03,239,A,Master,KE690,2025-11-19 07:20:00,2025-11-19 07:53:00,도착,I
델타항공,KTI,DL7880,P03,239,A,Slave,KE690,2025-11-19 07:20:00,2025-11-19 07:53:00,도착,I
비엣젯항공,HAN,VJ960,P02,117,D,Master,VJ960,2025-11-19 07:55:00,2025-11-19 07:55:00,도착,I
대한항공,PUS,KE1402,P03,249,국내선,Master,KE1402,2025-11-19 08:10:00,2025-11-19 07:58:00,도착,D
에어 프랑스,PUS,AF7900,P03,249,국내선,Slave,KE1402,2025-11-19 08:10:00,2025-11-19 07:58:00,도착,D
가루다인도네시아,PUS,GA9988,P03,249,국내선,Slave,KE1402,2025-11-19 08:10:00,2025-11-19 07:58:00,도착,D
델타항공,PUS,DL7829,P03,249,국내선,Slave,KE1402,2025-11-19 08:10:00,2025-11-19 07:58:00,도착,D
에어서울,CXR,RS528,P03,276,B,Master,RS528,2025-11-19 07:25:00,2025-11-19 07:59:00,도착,I
대한항공,KUL,KE428,P03,268,B,Master,KE428,2025-11-19 07:15:00,2025-11-19 08:06:00,도착,I
델타항공,KUL,DL7912,P03,268,B,Slave,KE428,2025-11-19 07:15:00,2025-11-19 08:06:00,도착,I
말레이시아 항공,KUL,MH5620,P03,268,B,Slave,KE428,2025-11-19 07:15:00,2025-11-19 08:06:00,도착,I
에어부산,TAG,BX7145,P03,279,B,Master,BX7145,2025-11-19 08:20:00,2025-11-19 08:05:00,도착,I
에어서울,DAD,RS512,P03,278,B,Master,RS512,2025-11-19 07:15:00,2025-11-19 08:16:00,도착,I
베트남항공,SGN,VN408,P02,102,C,Master,VN408,2025-11-19 06:30:00,2025-11-19 08:07:00,도착,I
로얄브루나이항공,BWN,BI651,P01,47,E,Master,BI651,2025-11-19 08:35:00,2025-11-19 08:06:00,도착,I
대한항공,DPS,KE434,P03,280,B,Master,KE434,2025-11-19 08:40:00,2025-11-19 08:21:00,도착,I
델타항공,DPS,DL7873,P03,280,B,Slave,KE434,2025-11-19 08:40:00,2025-11-19 08:21:00,도착,I
에어 프랑스,DPS,AF5390,P03,280,B,Slave,KE434,2025-11-19 08:40:00,2025-11-19 08:21:00,도착,I
가루다인도네시아,DPS,GA9964,P03,280,B,Slave,KE434,2025-11-19 08:40:00,2025-11-19 08:21:00,도착,I
아시아나항공,KTI,OZ740,P01,14,B,Master,OZ740,2025-11-19 07:30:00,2025-11-19 08:11:00,도착,I
유나이티드항공,KTI,UA7296,P01,14,B,Slave,OZ740,2025-11-19 07:30:00,2025-11-19 08:11:00,도착,I
아시아나항공,SGN,OZ736,P01,3,B,Master,OZ736,2025-11-19 06:55:00,2025-11-19 08:15:00,도착,I
에어캐나다,SGN,AC6983,P01,3,B,Slave,OZ736,2025-11-19 06:55:00,2025-11-19 08:15:00,도착,I
에티하드 항공,SGN,EY8446,P01,3,B,Slave,OZ736,2025-11-19 06:55:00,2025-11-19 08:15:00,도착,I
우즈베키스탄항공,TAS,HY511,P01,33,E,Master,HY511,2025-11-19 08:40:00,2025-11-19 08:25:00,도착,I
아시아나항공,TAS,OZ9242,P01,33,E,Slave,HY511,2025-11-19 08:40:00,2025-11-19 08:25:00,도착,I
대한항공,TAS,KE5942,P01,33,E,Slave,HY511,2025-11-19 08:40:00,2025-11-19 08:25:00,도착,I
티웨이항공,CXR,TW034,P02,125,D,Master,TW034,2025-11-19 07:55:00,2025-11-19 08:22:00,도착,I
대한항공,TAE,KE1432,P03,235,국내선,Master,KE1432,2025-11-19 08:45:00,2025-11-19 08:26:00,도착,D
ITA항공,TAE,AZ2781,P03,235,국내선,Slave,KE1432,2025-11-19 08:45:00,2025-11-19 08:26:00,도착,D
가루다인도네시아,TAE,GA9998,P03,235,국내선,Slave,KE1432,2025-11-19 08:45:00,2025-11-19 08:26:00,도착,D
에어 프랑스,TAE,AF7897,P03,235,국내선,Slave,KE1432,2025-11-19 08:45:00,2025-11-19 08:26:00,도착,D
델타항공,TAE,DL7846,P03,235,국내선,Slave,KE1432,2025-11-19 08:45:00,2025-11-19 08:26:00,도착,D
가루다인도네시아,CGK,GA878,P03,263,B,Master,GA878,2025-11-19 08:30:00,2025-11-19 08:37:00,도착,I
대한항공,CGK,KE5644,P03,263,B,Slave,GA878,2025-11-19 08:30:00,2025-11-19 08:37:00,도착,I
사우디아항공,CGK,SV6752,P03,263,B,Slave,GA878,2025-11-19 08:30:00,2025-11-19 08:37:00,도착,I
대한항공,BKK,KE654,P03,275,B,Master,KE654,2025-11-19 08:15:00,2025-11-19 08:42:00,도착,I
델타항공,BKK,DL7826,P03,275,B,Slave,KE654,2025-11-19 08:15:00,2025-11-19 08:42:00,도착,I
말레이시아 항공,KUL,MH066,P01,49,E,Master,MH066,2025-11-19 06:30:00,2025-11-19 08:41:00,도착,I
대한항공,KUL,KE5672,P01,49,E,Slave,MH066,2025-11-19 06:30:00,2025-11-19 08:41:00,도착,I
카타르항공,KUL,QR5397,P01,49,E,Slave,MH066,2025-11-19 06:30:00,2025-11-19 08:41:00,도착,I
스리랑카항공,KUL,UL2766,P01,49,E,Slave,MH066,2025-11-19 06:30:00,2025-11-19 08:41:00,도착,I
이스타항공,CXR,ZE562,P02,131,D,Master,ZE562,2025-11-19 08:50:00,2025-11-19 08:43:00,도착,I
제주항공,BKK,7C2504,P02,101,C,Master,7C2504,2025-11-19 08:25:00,2025-11-19 08:51:00,도착,I
한 에어,BKK,H19985,P02,101,C,Slave,7C2504,2025-11-19 08:25:00,2025-11-19 08:51:00,도착,I
스카이 앙코르 항공,KTI,ZA215,P02,113,C,Master,ZA215,2025-11-19 07:40:00,2025-11-19 08:52:00,도착,I
대한항공,SIN,KE646,P03,265,B,Master,KE646,2025-11-19 08:50:00,2025-11-19 08:55:00,도착,I
델타항공,SIN,DL7822,P03,265,B,Slave,KE646,2025-11-19 08:50:00,2025-11-19 08:55:00,도착,I
몽골항공,SIN,OM6232,P03,265,B,Slave,KE646,2025-11-19 08:50:00,2025-11-19 08:55:00,도착,I
웨스트젯,SIN,WS6030,P03,265,B,Slave,KE646,2025-11-19 08:50:00,2025-11-19 08:55:00,도착,I
대한항공,PUS,KE1404,P03,243,국내선,Master,KE1404,2025-11-19 09:05:00,2025-11-19 09:01:00,도착,D
KLM네덜란드항공,PUS,KL9847,P03,243,국내선,Slave,KE1404,2025-11-19 09:05:00,2025-11-19 09:01:00,도착,D
가루다인도네시아,PUS,GA9990,P03,243,국내선,Slave,KE1404,2025-11-19 09:05:00,2025-11-19 09:01:00,도착,D
에어 프랑스,PUS,AF5372,P03,243,국내선,Slave,KE1404,2025-11-19 09:05:00,2025-11-19 09:01:00,도착,D
델타항공,PUS,DL7928,P03,243,국내선,Slave,KE1404,2025-11-19 09:05:00,2025-11-19 09:01:00,도착,D
터키항공,IST,TK020,P01,41,E,Master,TK020,2025-11-19 09:05:00,2025-11-19 09:22:00,도착,I
아시아나항공,IST,OZ6934,P01,41,E,Slave,TK020,2025-11-19 09:05:00,2025-11-19 09:22:00,도착,I
티웨이항공,BKK,TW102,P02,115,C,Master,TW102,2025-11-19 09:00:00,2025-11-19 09:27:00,도착,I
대한항공,BKK,KE656,P03,249,B,Master,KE656,2025-11-19 09:40:00,2025-11-19 09:29:00,도착,I
델타항공,BKK,DL7826,P03,249,B,Slave,KE656,2025-11-19 09:40:00,2025-11-19 09:29:00,도착,I
제주항공,CXR,7C2304,P02,124,D,Master,7C2304,2025-11-19 09:05:00,2025-11-19 09:32:00,도착,I
한 에어,CXR,H19880,P02,124,D,Slave,7C2304,2025-11-19 09:05:00,2025-11-19 09:32:00,도착,I
아시아나항공,IST,OZ552,P01,24,B,Master,OZ552,2025-11-19 09:35:00,2025-11-19 09:42:00,도착,I
터키항공,IST,TK8090,P01,24,B,Slave,OZ552,2025-11-19 09:35:00,2025-11-19 09:42:00,도착,I
피치항공,KIX,MM701,P02,106,C,Master,MM701,2025-11-19 09:45:00,2025-11-19 09:41:00,도착,I
타이에어아시아엑스,DMK,XJ700,P02,122,D,Master,XJ700,2025-11-19 10:05:00,2025-11-19 09:42:00,도착,I
타이비엣젯항공,BKK,VZ850,P02,104,C,Master,VZ850,2025-11-19 09:55:00,2025-11-19 09:45:00,도착,I
제주항공,SIN,7C2624,P01,27,B,Master,7C2624,2025-11-19 08:40:00,2025-11-19 09:46:00,도착,I
한 에어,SIN,H19906,P01,27,B,Slave,7C2624,2025-11-19 08:40:00,2025-11-19 09:46:00,도착,I
베트남항공,SGN,VN5408,P02,103,C,Master,VN5408,2025-11-19 09:50:00,2025-11-19 10:00:00,도착,I
중국남방항공,DLC,CZ685,P02,130,D,Master,CZ685,2025-11-19 10:20:00,2025-11-19 09:59:00,도착,I
비엣젯항공,SGN,VJ862,P02,128,D,Master,VJ862,2025-11-19 09:50:00,2025-11-19 10:12:00,도착,I
제주항공,FUK,7C1402,P01,16,B,Master,7C1402,2025-11-19 10:30:00,2025-11-19 10:15:00,도착,I
한 에어,FUK,H19828,P01,16,B,Slave,7C1402,2025-11-19 10:30:00,2025-11-19 10:15:00,도착,I
에바항공,KHH,BR140,P01,37,E,Master,BR140,2025-11-19 10:45:00,2025-11-19 10:16:00,도착,I
아시아나항공,KHH,OZ6878,P01,37,E,Slave,BR140,2025-11-19 10:45:00,2025-11-19 10:16:00,도착,I
에어캐나다,KHH,AC6541,P01,37,E,Slave,BR140,2025-11-19 10:45:00,2025-11-19 10:16:00,도착,I
에어 아스타나,ALA,KC909,P01,45,E,Master,KC909,2025-11-19 09:55:00,2025-11-19 10:22:00,도착,I
아시아나항공,ALA,OZ6962,P01,45,E,Slave,KC909,2025-11-19 09:55:00,2025-11-19 10:22:00,도착,I
캐세이퍼시픽항공,ALA,CX6226,P01,45,E,Slave,KC909,2025-11-19 09:55:00,2025-11-19 10:22:00,도착,I
중국동방항공,WUX,MU2989,P02,118,D,Master,MU2989,2025-11-19 10:45:00,2025-11-19 10:25:00,도착,I
에어 프랑스,CDG,AF264,P03,253,B,Master,AF264,2025-11-19 10:30:00,2025-11-19 10:23:00,도착,I
대한항공,CDG,KE5902,P03,253,B,Slave,AF264,2025-11-19 10:30:00,2025-11-19 10:23:00,도착,I
KLM네덜란드항공,CDG,KL2018,P03,253,B,Slave,AF264,2025-11-19 10:30:00,2025-11-19 10:23:00,도착,I
티웨이항공,BSZ,TW438,P02,119,D,Master,TW438,2025-11-19 10:45:00,2025-11-19 10:25:00,도착,I
싱가포르항공,SIN,SQ612,P01,46,E,Master,SQ612,2025-11-19 09:50:00,2025-11-19 10:28:00,도착,I
에어인디아 리미티드,SIN,AI8174,P01,46,E,Slave,SQ612,2025-11-19 09:50:00,2025-11-19 10:28:00,도착,I
아시아나항공,SIN,OZ6726,P01,46,E,Slave,SQ612,2025-11-19 09:50:00,2025-11-19 10:28:00,도착,I
버진 오스트레일리아,SIN,VA5682,P01,46,E,Slave,SQ612,2025-11-19 09:50:00,2025-11-19 10:28:00,도착,I
산동항공,TNA,SC8001,P01,28,E,Master,SC8001,2025-11-19 10:45:00,2025-11-19 10:29:00,도착,I
중국국제항공,TNA,CA8873,P01,28,E,Slave,SC8001,2025-11-19 10:45:00,2025-11-19 10:29:00,도착,I
아시아나항공,TNA,OZ6702,P01,28,E,Slave,SC8001,2025-11-19 10:45:00,2025-11-19 10:29:00,도착,I
스쿠트 항공,SIN,TR842,P02,108,C,Master,TR842,2025-11-19 10:15:00,2025-11-19 10:35:00,도착,I
중국동방항공,YNT,MU549,P02,132,D,Master,MU549,2025-11-19 10:55:00,2025-11-19 10:36:00,도착,I
대한항공,YNT,KE5848,P02,132,D,Slave,MU549,2025-11-19 10:55:00,2025-11-19 10:36:00,도착,I
중화항공,KHH,CI164,P03,264,B,Master,CI164,2025-11-19 10:55:00,2025-11-19 10:42:00,도착,I
대한항공,KHH,KE5700,P03,264,B,Slave,CI164,2025-11-19 10:55:00,2025-11-19 10:42:00,도착,I
중국남방항공,PVG,CZ313,P02,131,E,Master,CZ313,2025-11-19 11:00:00,2025-11-19 10:41:00,도착,I
제주항공,KIX,7C1396,P01,20,B,Master,7C1396,2025-11-19 11:00:00,2025-11-19 10:42:00,도착,I
한 에어,KIX,H19893,P01,20,B,Slave,7C1396,2025-11-19 11:00:00,2025-11-19 10:42:00,도착,I
대한항공,NGO,KE744,P03,265,B,Master,KE744,2025-11-19 11:05:00,2025-11-19 10:50:00,도착,I
에어 프랑스,NGO,AF5382,P03,265,B,Slave,KE744,2025-11-19 11:05:00,2025-11-19 10:50:00,도착,I
델타항공,NGO,DL7794,P03,265,B,Slave,KE744,2025-11-19 11:05:00,2025-11-19 10:50:00,도착,I
일본항공,NGO,JL5217,P03,265,B,Slave,KE744,2025-11-19 11:05:00,2025-11-19 10:50:00,도착,I
KLM네덜란드항공,NGO,KL9849,P03,265,B,Slave,KE744,2025-11-19 11:05:00,2025-11-19 10:50:00,도착,I
몽골항공,NGO,OM6718,P03,265,B,Slave,KE744,2025-11-19 11:05:00,2025-11-19 10:50:00,도착,I
중국동방항공,TAO,MU2039,P02,127,D,Master,MU2039,2025-11-19 11:00:00,2025-11-19 10:52:00,도착,I
대한항공,TAO,KE5854,P02,127,D,Slave,MU2039,2025-11-19 11:00:00,2025-11-19 10:52:00,도착,I
상하이항공,TAO,FM3077,P02,127,D,Slave,MU2039,2025-11-19 11:00:00,2025-11-19 10:52:00,도착,I
에어로케이항공,KIX,RF315,P02,125,D,Master,RF315,2025-11-19 10:55:00,2025-11-19 10:57:00,도착,I
진에어,FUK,LJ262,P03,250,A,Master,LJ262,2025-11-19 11:00:00,2025-11-19 10:57:00,도착,I
이스타항공,YNT,ZE818,P02,105,C,Master,ZE818,2025-11-19 10:55:00,2025-11-19 10:57:00,도착,I
대한항공,KIX,KE722,P03,254,B,Master,KE722,2025-11-19 11:05:00,2025-11-19 10:58:00,도착,I
에어 프랑스,KIX,AF5381,P03,254,B,Slave,KE722,2025-11-19 11:05:00,2025-11-19 10:58:00,도착,I
델타항공,KIX,DL7784,P03,254,B,Slave,KE722,2025-11-19 11:05:00,2025-11-19 10:58:00,도착,I
일본항공,KIX,JL5211,P03,254,B,Slave,KE722,2025-11-19 11:05:00,2025-11-19 10:58:00,도착,I
버진 애트란틱항공,KIX,VS5506,P03,254,B,Slave,KE722,2025-11-19 11:05:00,2025-11-19 10:58:00,도착,I
루프트한자 독일항공,FRA,LH712,P01,48,E,Master,LH712,2025-11-19 10:50:00,2025-11-19 11:00:00,도착,I
에바항공,TPE,BR170,P01,35,E,Master,BR170,2025-11-19 10:30:00,2025-11-19 11:06:00,도착,I
에어캐나다,TPE,AC6535,P01,35,E,Slave,BR170,2025-11-19 10:30:00,2025-11-19 11:06:00,도착,I
에어 뉴질랜드,TPE,NZ4926,P01,35,E,Slave,BR170,2025-11-19 10:30:00,2025-11-19 11:06:00,도착,I
타이항공,TPE,TG6396,P01,35,E,Slave,BR170,2025-11-19 10:30:00,2025-11-19 11:06:00,도착,I
유니항공,TPE,B77028,P01,35,E,Slave,BR170,2025-11-19 10:30:00,2025-11-19 11:06:00,도착,I
아시아나항공,TPE,OZ6874,P01,35,E,Slave,BR170,2025-11-19 10:30:00,2025-11-19 11:06:00,도착,I
대한항공,DXB,KE952,P03,224,A,Master,KE952,2025-11-19 10:30:00,2025-11-19 11:14:00,도착,I
에미레이트항공,DXB,EK3482,P03,224,A,Slave,KE952,2025-11-19 10:30:00,2025-11-19 11:14:00,도착,I
사우디아항공,DXB,SV6613,P03,224,A,Slave,KE952,2025-11-19 10:30:00,2025-11-19 11:14:00,도착,I
산동항공,TAO,SC4609,P01,34,E,Master,SC4609,2025-11-19 11:20:00,2025-11-19 11:10:00,도착,I
중국국제항공,TAO,CA8887,P01,34,E,Slave,SC4609,2025-11-19 11:20:00,2025-11-19 11:10:00,도착,I
아시아나항공,TAO,OZ6710,P01,34,E,Slave,SC4609,2025-11-19 11:20:00,2025-11-19 11:10:00,도착,I
아시아나항공,KIX,OZ115,P01,3,B,Master,OZ115,2025-11-19 10:50:00,2025-11-19 11:14:00,도착,I
에티하드 항공,KIX,EY8468,P01,3,B,Slave,OZ115,2025-11-19 10:50:00,2025-11-19 11:14:00,도착,I
전일본공수,KIX,NH6955,P01,3,B,Slave,OZ115,2025-11-19 10:50:00,2025-11-19 11:14:00,도착,I
제주항공,MYJ,7C1722,P02,115,C,Master,7C1722,2025-11-19 11:15:00,2025-11-19 11:16:00,도착,I
한 에어,MYJ,H19946,P02,115,C,Slave,7C1722,2025-11-19 11:15:00,2025-11-19 11:16:00,도착,I
대한항공,PUS,KE1406,P03,266,국내선,Master,KE1406,2025-11-19 11:35:00,2025-11-19 11:16:00,도착,D
에어 프랑스,PUS,AF7900,P03,266,국내선,Slave,KE1406,2025-11-19 11:35:00,2025-11-19 11:16:00,도착,D
KLM네덜란드항공,PUS,KL9847,P03,266,국내선,Slave,KE1406,2025-11-19 11:35:00,2025-11-19 11:16:00,도착,D
델타항공,PUS,DL7876,P03,266,국내선,Slave,KE1406,2025-11-19 11:35:00,2025-11-19 11:16:00,도착,D
중국동방항공,NKG,MU579,P02,126,D,Master,MU579,2025-11-19 11:15:00,2025-11-19 11:18:00,도착,I
대한항공,NKG,KE5860,P02,126,D,Slave,MU579,2025-11-19 11:15:00,2025-11-19 11:18:00,도착,I
중국동방항공,HGH,MU5071,P02,129,D,Master,MU5071,2025-11-19 11:15:00,2025-11-19 11:24:00,도착,I
대한항공,HGH,KE5878,P02,129,D,Slave,MU5071,2025-11-19 11:15:00,2025-11-19 11:24:00,도착,I
아시아나항공,PVG,OZ368,P01,8,B,Master,OZ368,2025-11-19 11:20:00,2025-11-19 11:22:00,도착,I
길상항공,PVG,HO3110,P01,8,B,Slave,OZ368,2025-11-19 11:20:00,2025-11-19 11:22:00,도착,I
중국남방항공,SHE,CZ681,P02,128,D,Master,CZ681,2025-11-19 11:45:00,2025-11-19 11:24:00,도착,I
에어부산,FUK,BX155,P03,277,B,Master,BX155,2025-11-19 11:45:00,2025-11-19 11:27:00,도착,I
아시아나항공,FUK,OZ9575,P03,277,B,Slave,BX155,2025-11-19 11:45:00,2025-11-19 11:27:00,도착,I
홍콩익스프레스,HKG,UO618,P02,111,C,Master,UO618,2025-11-19 11:40:00,2025-11-19 11:29:00,도착,I
루프트한자 독일항공,MUC,LH718,P01,39,E,Master,LH718,2025-11-19 11:15:00,2025-11-19 11:32:00,도착,I
아시아나항공,NRT,OZ107,P01,9,B,Master,OZ107,2025-11-19 11:35:00,2025-11-19 11:34:00,도착,I
에티하드 항공,NRT,EY8473,P01,9,B,Slave,OZ107,2025-11-19 11:35:00,2025-11-19 11:34:00,도착,I
전일본공수,NRT,NH6977,P01,9,B,Slave,OZ107,2025-11-19 11:35:00,2025-11-19 11:34:00,도착,I
유나이티드항공,NRT,UA7321,P01,9,B,Slave,OZ107,2025-11-19 11:35:00,2025-11-19 11:34:00,도착,I
제주항공,KIX,7C1302,P02,101,C,Master,7C1302,2025-11-19 11:50:00,2025-11-19 11:32:00,도착,I
한 에어,KIX,H19811,P02,101,C,Slave,7C1302,2025-11-19 11:50:00,2025-11-19 11:32:00,도착,I
집에어,NRT,ZG045,P02,109,C,Master,ZG045,2025-11-19 11:35:00,2025-11-19 11:39:00,도착,I
중국국제항공,TSN,CA171,P01,38,E,Master,CA171,2025-11-19 11:45:00,2025-11-19 11:36:00,도착,I
아시아나항공,TSN,OZ6812,P01,38,E,Slave,CA171,2025-11-19 11:45:00,2025-11-19 11:36:00,도착,I
대한항공,NRT,KE706,P03,255,B,Master,KE706,2025-11-19 12:00:00,2025-11-19 11:37:00,도착,I
아에로멕시코,NRT,AM6751,P03,255,B,Slave,KE706,2025-11-19 12:00:00,2025-11-19 11:37:00,도착,I
델타항공,NRT,DL7782,P03,255,B,Slave,KE706,2025-11-19 12:00:00,2025-11-19 11:37:00,도착,I
일본항공,NRT,JL5201,P03,255,B,Slave,KE706,2025-11-19 12:00:00,2025-11-19 11:37:00,도착,I
버진 애트란틱항공,NRT,VS5504,P03,255,B,Slave,KE706,2025-11-19 12:00:00,2025-11-19 11:37:00,도착,I
대한항공,PVG,KE892,P03,249,A,Master,KE892,2025-11-19 12:00:00,2025-11-19 11:41:00,도착,I
중국동방항공,PVG,MU8933,P03,249,A,Slave,KE892,2025-11-19 12:00:00,2025-11-19 11:41:00,도착,I
상하이항공,PVG,FM8753,P03,249,A,Slave,KE892,2025-11-19 12:00:00,2025-11-19 11:41:00,도착,I
샤먼항공,PVG,MF9087,P03,249,A,Slave,KE892,2025-11-19 12:00:00,2025-11-19 11:41:00,도착,I
중화항공,TPE,CI160,P03,276,B,Master,CI160,2025-11-19 11:20:00,2025-11-19 11:49:00,도착,I
델타항공,TPE,DL7717,P03,276,B,Slave,CI160,2025-11-19 11:20:00,2025-11-19 11:49:00,도착,I
하와이안 항공,TPE,HA2570,P03,276,B,Slave,CI160,2025-11-19 11:20:00,2025-11-19 11:49:00,도착,I
대한항공,TPE,KE5692,P03,276,B,Slave,CI160,2025-11-19 11:20:00,2025-11-19 11:49:00,도착,I
에어 프랑스,TPE,AF4161,P03,276,B,Slave,CI160,2025-11-19 11:20:00,2025-11-19 11:49:00,도착,I
중국국제항공,PEK,CA123,P01,50,E,Master,CA123,2025-11-19 11:40:00,2025-11-19 11:46:00,도착,I
아시아나항공,PEK,OZ6808,P01,50,E,Slave,CA123,2025-11-19 11:40:00,2025-11-19 11:46:00,도착,I
산동항공,PEK,SC123,P01,50,E,Slave,CA123,2025-11-19 11:40:00,2025-11-19 11:46:00,도착,I
필리핀에어아시아,MNL,Z2884,P02,112,C,Master,Z2884,2025-11-19 11:55:00,2025-11-19 11:53:00,도착,I
티웨이항공,KMJ,TW288,P02,124,D,Master,TW288,2025-11-19 12:05:00,2025-11-19 11:55:00,도착,I
제주항공,HIJ,7C1616,P02,110,B,Master,7C1616,2025-11-19 12:20:00,2025-11-19 11:56:00,도착,I
한 에어,HIJ,H19989,P02,110,B,Slave,7C1616,2025-11-19 12:20:00,2025-11-19 11:56:00,도착,I
몽골항공,UBN,OM301,P01,30,E,Master,OM301,2025-11-19 12:05:00,2025-11-19 11:59:00,도착,I
대한항공,FUK,KE788,P03,252,B,Master,KE788,2025-11-19 12:00:00,2025-11-19 12:00:00,도착,I
KLM네덜란드항공,FUK,KL4254,P03,252,B,Slave,KE788,2025-11-19 12:00:00,2025-11-19 12:00:00,도착,I
몽골항공,FUK,OM6710,P03,252,B,Slave,KE788,2025-11-19 12:00:00,2025-11-19 12:00:00,도착,I
버진 애트란틱항공,FUK,VS5510,P03,252,B,Slave,KE788,2025-11-19 12:00:00,2025-11-19 12:00:00,도착,I
ITA항공,FUK,AZ2789,P03,252,B,Slave,KE788,2025-11-19 12:00:00,2025-11-19 12:00:00,도착,I
델타항공,FUK,DL7890,P03,252,B,Slave,KE788,2025-11-19 12:00:00,2025-11-19 12:00:00,도착,I
일본항공,FUK,JL5221,P03,252,B,Slave,KE788,2025-11-19 12:00:00,2025-11-19 12:00:00,도착,I
에어서울,KIX,RS712,P03,279,B,Master,RS712,2025-11-19 11:55:00,2025-11-19 12:04:00,도착,I
중국동방항공,PVG,MU5041,P02,121,D,Master,MU5041,2025-11-19 11:55:00,2025-11-19 12:10:00,도착,I
대한항공,PVG,KE5858,P02,121,D,Slave,MU5041,2025-11-19 11:55:00,2025-11-19 12:10:00,도착,I
상하이항공,PVG,FM3067,P02,121,D,Slave,MU5041,2025-11-19 11:55:00,2025-11-19 12:10:00,도착,I
제주항공,FSZ,7C1602,P01,1,B,Master,7C1602,2025-11-19 12:40:00,2025-11-19 12:09:00,도착,I
한 에어,FSZ,H19913,P01,1,B,Slave,7C1602,2025-11-19 12:40:00,2025-11-19 12:09:00,도착,I
티웨이항공,HSG,TW286,P02,130,D,Master,TW286,2025-11-19 12:20:00,2025-11-19 12:15:00,도착,I
대한항공,OKJ,KE2186,P03,245,A,Master,KE2186,2025-11-19 12:30:00,2025-11-19 12:17:00,도착,I
델타항공,OKJ,DL7900,P03,245,A,Slave,KE2186,2025-11-19 12:30:00,2025-11-19 12:17:00,도착,I
버진 애트란틱항공,OKJ,VS5532,P03,245,A,Slave,KE2186,2025-11-19 12:30:00,2025-11-19 12:17:00,도착,I
일본항공,OKJ,JL5261,P03,245,A,Slave,KE2186,2025-11-19 12:30:00,2025-11-19 12:17:00,도착,I
제주항공,TAO,7C8402,P02,102,C,Master,7C8402,2025-11-19 12:20:00,2025-11-19 12:23:00,도착,I
한 에어,TAO,H19898,P02,102,C,Slave,7C8402,2025-11-19 12:20:00,2025-11-19 12:23:00,도착,I
샤먼항공,XMN,MF871,P03,251,B,Master,MF871,2025-11-19 12:20:00,2025-11-19 12:24:00,도착,I
중국국제항공,HGH,CA139,P01,36,E,Master,CA139,2025-11-19 12:25:00,2025-11-19 12:28:00,도착,I
아시아나항공,HGH,OZ6828,P01,36,E,Slave,CA139,2025-11-19 12:25:00,2025-11-19 12:28:00,도착,I
산동항공,HGH,SC125,P01,36,E,Slave,CA139,2025-11-19 12:25:00,2025-11-19 12:28:00,도착,I
캐세이퍼시픽항공,HKG,CX434,P01,42,E,Master,CX434,2025-11-19 12:45:00,2025-11-19 12:32:00,도착,I
아메리칸항공,HKG,AA8959,P01,42,E,Slave,CX434,2025-11-19 12:45:00,2025-11-19 12:32:00,도착,I
카타르항공,HKG,QR3498,P01,42,E,Slave,CX434,2025-11-19 12:45:00,2025-11-19 12:32:00,도착,I
제주항공,KIX,7C1392,P02,108,C,Master,7C1392,2025-11-19 12:50:00,2025-11-19 12:31:00,도착,I
한 에어,KIX,H19859,P02,108,C,Slave,7C1392,2025-11-19 12:50:00,2025-11-19 12:31:00,도착,I
에어재팬,NRT,NQ121,P02,113,C,Master,NQ121,2025-11-19 12:30:00,2025-11-19 12:42:00,도착,I
전일본공수,NRT,NH3603,P02,113,C,Slave,NQ121,2025-11-19 12:30:00,2025-11-19 12:42:00,도착,I
진에어,NGO,LJ346,P03,264,B,Master,LJ346,2025-11-19 12:45:00,2025-11-19 12:38:00,도착,I
대한항공,NGO,KE5080,P03,264,B,Slave,LJ346,2025-11-19 12:45:00,2025-11-19 12:38:00,도착,I
에어마카오,MFM,NX822,P01,47,E,Master,NX822,2025-11-19 13:05:00,2025-11-19 12:41:00,도착,I
아시아나항공,MFM,OZ6868,P01,47,E,Slave,NX822,2025-11-19 13:05:00,2025-11-19 12:41:00,도착,I
산동항공,TAO,SC4611,P01,45,E,Master,SC4611,2025-11-19 12:50:00,2025-11-19 12:47:00,도착,I
아시아나항공,TAO,OZ6712,P01,45,E,Slave,SC4611,2025-11-19 12:50:00,2025-11-19 12:47:00,도착,I
중국국제항공,TAO,CA8855,P01,45,E,Slave,SC4611,2025-11-19 12:50:00,2025-11-19 12:47:00,도착,I
에어서울,FUK,RS724,P03,281,B,Master,RS724,2025-11-19 12:05:00,2025-11-19 12:47:00,도착,I
대한항공,PUS,KE1408,P03,234,국내선,Master,KE1408,2025-11-19 13:15:00,2025-11-19 12:47:00,도착,D
ITA항공,PUS,AZ2775,P03,234,국내선,Slave,KE1408,2025-11-19 13:15:00,2025-11-19 12:47:00,도착,D
가루다인도네시아,PUS,GA9962,P03,234,국내선,Slave,KE1408,2025-11-19 13:15:00,2025-11-19 12:47:00,도착,D
델타항공,PUS,DL7916,P03,234,국내선,Slave,KE1408,2025-11-19 13:15:00,2025-11-19 12:47:00,도착,D
중국국제항공,YNJ,CA143,P01,43,E,Master,CA143,2025-11-19 13:10:00,2025-11-19 12:56:00,도착,I
아시아나항공,YNJ,OZ6826,P01,43,E,Slave,CA143,2025-11-19 13:10:00,2025-11-19 12:56:00,도착,I
핀에어,HEL,AY041,P01,24,B,Master,AY041,2025-11-19 12:25:00,2025-11-19 12:58:00,도착,I
중국동방항공,WEH,MU2017,P02,132,D,Master,MU2017,2025-11-19 13:00:00,2025-11-19 13:02:00,도착,I
대한항공,WEH,KE5850,P02,132,D,Slave,MU2017,2025-11-19 13:00:00,2025-11-19 13:02:00,도착,I
대한항공,UKB,KE2172,P03,221,A,Master,KE2172,2025-11-19 13:00:00,2025-11-19 13:08:00,도착,I
중국국제항공,CKG,CA439,P01,34,E,Master,CA439,2025-11-19 13:00:00,2025-11-19 13:02:00,도착,I
아시아나항공,CKG,OZ6848,P01,34,E,Slave,CA439,2025-11-19 13:00:00,2025-11-19 13:02:00,도착,I
산동항공,CKG,SC127,P01,34,E,Slave,CA439,2025-11-19 13:00:00,2025-11-19 13:02:00,도착,I
아시아나항공,KIX,OZ111,P01,21,B,Master,OZ111,2025-11-19 12:35:00,2025-11-19 12:59:00,도착,I
에티하드 항공,KIX,EY8445,P01,21,B,Slave,OZ111,2025-11-19 12:35:00,2025-11-19 12:59:00,도착,I
전일본공수,KIX,NH6951,P01,21,B,Slave,OZ111,2025-11-19 12:35:00,2025-11-19 12:59:00,도착,I
에어캐나다,KIX,AC6975,P01,21,B,Slave,OZ111,2025-11-19 12:35:00,2025-11-19 12:59:00,도착,I
에티오피아항공,KIX,ET1297,P01,21,B,Slave,OZ111,2025-11-19 12:35:00,2025-11-19 12:59:00,도착,I
중국동방항공,XIY,MU5021,P02,125,D,Master,MU5021,2025-11-19 13:15:00,2025-11-19 13:08:00,도착,I
대한항공,XIY,KE5872,P02,125,D,Slave,MU5021,2025-11-19 13:15:00,2025-11-19 13:08:00,도착,I
상하이항공,XIY,FM3081,P02,125,D,Slave,MU5021,2025-11-19 13:15:00,2025-11-19 13:08:00,도착,I
중국국제항공,WNZ,CA739,P01,28,E,Master,CA739,2025-11-19 13:10:00,2025-11-19 13:04:00,도착,I
이스타항공,FUK,ZE646,P02,118,D,Master,ZE646,2025-11-19 12:50:00,2025-11-19 13:07:00,도착,I
중국남방항공,CGQ,CZ687,P02,127,E,Master,CZ687,2025-11-19 13:25:00,2025-11-19 13:09:00,도착,I
에어서울,TAK,RS742,P03,278,B,Master,RS742,2025-11-19 13:20:00,2025-11-19 13:09:00,도착,I
중국국제항공,TFU,CA401,P01,37,E,Master,CA401,2025-11-19 12:55:00,2025-11-19 13:09:00,도착,I
아시아나항공,TFU,OZ6832,P01,37,E,Slave,CA401,2025-11-19 12:55:00,2025-11-19 13:09:00,도착,I
아시아나항공,NGO,OZ121,P01,18,B,Master,OZ121,2025-11-19 13:10:00,2025-11-19 13:10:00,도착,I
에티하드 항공,NGO,EY8465,P01,18,B,Slave,OZ121,2025-11-19 13:10:00,2025-11-19 13:10:00,도착,I
전일본공수,NGO,NH6963,P01,18,B,Slave,OZ121,2025-11-19 13:10:00,2025-11-19 13:10:00,도착,I
진에어,KIX,LJ232,P03,260,B,Master,LJ232,2025-11-19 13:10:00,2025-11-19 13:05:00,도착,I
심천항공,WUX,ZH627,P01,32,E,Master,ZH627,2025-11-19 13:15:00,2025-11-19 13:09:00,도착,I
중국국제항공,WUX,CA3827,P01,32,E,Slave,ZH627,2025-11-19 13:15:00,2025-11-19 13:09:00,도착,I
아시아나항공,WUX,OZ6898,P01,32,E,Slave,ZH627,2025-11-19 13:15:00,2025-11-19 13:09:00,도착,I
아시아나항공,DLC,OZ302,P01,15,B,Master,OZ302,2025-11-19 13:15:00,2025-11-19 13:16:00,도착,I
중국국제항공,DLC,CA5011,P01,15,B,Slave,OZ302,2025-11-19 13:15:00,2025-11-19 13:16:00,도착,I
중국남방항공,SZX,CZ3089,P02,122,D,Master,CZ3089,2025-11-19 12:35:00,2025-11-19 13:16:00,도착,I
대한항공,KOJ,KE2180,P03,235,A,Master,KE2180,2025-11-19 13:15:00,2025-11-19 13:20:00,도착,I
델타항공,KOJ,DL7906,P03,235,A,Slave,KE2180,2025-11-19 13:15:00,2025-11-19 13:20:00,도착,I
일본항공,KOJ,JL5249,P03,235,A,Slave,KE2180,2025-11-19 13:15:00,2025-11-19 13:20:00,도착,I
티웨이항공,OKA,TW280,P02,105,C,Master,TW280,2025-11-19 13:25:00,2025-11-19 13:20:00,도착,I
티웨이항공,KIX,TW302,P01,26,B,Master,TW302,2025-11-19 13:25:00,2025-11-19 13:25:00,도착,I
아시아나항공,FRA,OZ542,P01,10,B,Master,OZ542,2025-11-19 13:35:00,2025-11-19 13:30:00,도착,I
대한항공,TAO,KE842,P03,219,A,Master,KE842,2025-11-19 13:25:00,2025-11-19 13:32:00,도착,I
중국동방항공,TAO,MU8941,P03,219,A,Slave,KE842,2025-11-19 13:25:00,2025-11-19 13:32:00,도착,I
중국동방항공,PVG,MU5061,P02,123,D,Master,MU5061,2025-11-19 13:30:00,2025-11-19 13:36:00,도착,I
대한항공,PVG,KE6864,P02,123,D,Slave,MU5061,2025-11-19 13:30:00,2025-11-19 13:36:00,도착,I
상하이항공,PVG,FM3073,P02,123,D,Slave,MU5061,2025-11-19 13:30:00,2025-11-19 13:36:00,도착,I
제주항공,KIX,7C1304,P02,104,C,Master,7C1304,2025-11-19 13:50:00,2025-11-19 13:37:00,도착,I
한 에어,KIX,H19813,P02,104,C,Slave,7C1304,2025-11-19 13:50:00,2025-11-19 13:37:00,도착,I
아시아나항공,TSN,OZ328,P01,16,B,Master,OZ328,2025-11-19 13:45:00,2025-11-19 13:41:00,도착,I
중국국제항공,TSN,CA5013,P01,16,B,Slave,OZ328,2025-11-19 13:45:00,2025-11-19 13:41:00,도착,I
중국국제항공,PKX,CA131,P01,35,E,Master,CA131,2025-11-19 13:45:00,2025-11-19 13:43:00,도착,I
피치항공,KIX,MM705,P02,106,C,Master,MM705,2025-11-19 13:50:00,2025-11-19 13:41:00,도착,I
진에어,KIX,LJ234,P03,263,B,Master,LJ234,2025-11-19 13:45:00,2025-11-19 13:42:00,도착,I
홍콩항공,HKG,HX628,P01,46,E,Master,HX628,2025-11-19 13:35:00,2025-11-19 13:55:00,도착,I
아시아나항공,HKG,OZ9294,P01,46,E,Slave,HX628,2025-11-19 13:35:00,2025-11-19 13:55:00,도착,I
이스타항공,KIX,ZE612,P02,119,D,Master,ZE612,2025-11-19 13:50:00,2025-11-19 13:55:00,도착,I
진에어,NRT,LJ202,P03,254,B,Master,LJ202,2025-11-19 13:50:00,2025-11-19 13:53:00,도착,I
대한항공,NRT,KE5742,P03,254,B,Slave,LJ202,2025-11-19 13:50:00,2025-11-19 13:53:00,도착,I
아시아나항공,PRG,OZ546,P01,8,B,Master,OZ546,2025-11-19 13:50:00,2025-11-19 13:53:00,도착,I
에어부산,NRT,BX163,P03,277,B,Master,BX163,2025-11-19 14:00:00,2025-11-19 13:56:00,도착,I
대한항공,KIX,KE724,P03,242,A,Master,KE724,2025-11-19 14:05:00,2025-11-19 13:53:00,도착,I
델타항공,KIX,DL7786,P03,242,A,Slave,KE724,2025-11-19 14:05:00,2025-11-19 13:53:00,도착,I
일본항공,KIX,JL5213,P03,242,A,Slave,KE724,2025-11-19 14:05:00,2025-11-19 13:53:00,도착,I
몽골항공,KIX,OM6704,P03,242,A,Slave,KE724,2025-11-19 14:05:00,2025-11-19 13:53:00,도착,I
티웨이항공,FRA,TW404,P01,19,B,Master,TW404,2025-11-19 14:05:00,2025-11-19 13:59:00,도착,I
제주항공,WEH,7C8502,P01,2,B,Master,7C8502,2025-11-19 14:00:00,2025-11-19 14:02:00,도착,I
한 에어,WEH,H19900,P01,2,B,Slave,7C8502,2025-11-19 14:00:00,2025-11-19 14:02:00,도착,I
대한항공,SHE,KE832,P03,233,A,Master,KE832,2025-11-19 14:10:00,2025-11-19 14:01:00,도착,I
중국동방항공,SHE,MU8963,P03,233,A,Slave,KE832,2025-11-19 14:10:00,2025-11-19 14:01:00,도착,I
에어부산,KIX,BX171,P03,276,B,Master,BX171,2025-11-19 14:05:00,2025-11-19 13:59:00,도착,I
중국남방항공,CAN,CZ337,P02,131,D,Master,CZ337,2025-11-19 13:50:00,2025-11-19 14:01:00,도착,I
사천항공,CAN,3U7031,P02,131,D,Slave,CZ337,2025-11-19 13:50:00,2025-11-19 14:01:00,도착,I
이스타항공,NRT,ZE606,P02,101,C,Master,ZE606,2025-11-19 14:15:00,2025-11-19 14:04:00,도착,I
제주항공,CTS,7C1502,P01,36,E,Master,7C1502,2025-11-19 14:25:00,2025-11-19 14:05:00,도착,I
한 에어,CTS,H19795,P01,36,E,Slave,7C1502,2025-11-19 14:25:00,2025-11-19 14:05:00,도착,I
심천항공,SZX,ZH633,P01,38,E,Master,ZH633,2025-11-19 13:55:00,2025-11-19 14:14:00,도착,I
중국국제항공,SZX,CA3843,P01,38,E,Slave,ZH633,2025-11-19 13:55:00,2025-11-19 14:14:00,도착,I
아시아나항공,SZX,OZ6884,P01,38,E,Slave,ZH633,2025-11-19 13:55:00,2025-11-19 14:14:00,도착,I
티웨이항공,FUK,TW202,P02,112,C,Master,TW202,2025-11-19 14:20:00,2025-11-19 14:13:00,도착,I
아시아나항공,OKA,OZ171,P01,6,B,Master,OZ171,2025-11-19 14:35:00,2025-11-19 14:14:00,도착,I
전일본공수,OKA,NH6993,P01,6,B,Slave,OZ171,2025-11-19 14:35:00,2025-11-19 14:14:00,도착,I
이스타항공,TPE,ZE882,P02,114,C,Master,ZE882,2025-11-19 14:20:00,2025-11-19 14:14:00,도착,I
제주항공,FUK,7C1404,P02,129,D,Master,7C1404,2025-11-19 14:20:00,2025-11-19 14:18:00,도착,I
한 에어,FUK,H19830,P02,129,D,Slave,7C1404,2025-11-19 14:20:00,2025-11-19 14:18:00,도착,I
제주항공,NGO,7C1202,P01,20,B,Master,7C1202,2025-11-19 14:35:00,2025-11-19 14:19:00,도착,I
한 에어,NGO,H19791,P01,20,B,Slave,7C1202,2025-11-19 14:35:00,2025-11-19 14:19:00,도착,I
진에어,SHI,LJ358,P03,257,B,Master,LJ358,2025-11-19 14:35:00,2025-11-19 14:18:00,도착,I
대한항공,SHI,KE5098,P03,257,B,Slave,LJ358,2025-11-19 14:35:00,2025-11-19 14:18:00,도착,I
아시아나항공,KMI,OZ157,P01,11,B,Master,OZ157,2025-11-19 14:10:00,2025-11-19 14:20:00,도착,I
에어캐나다,KMI,AC6987,P01,11,B,Slave,OZ157,2025-11-19 14:10:00,2025-11-19 14:20:00,도착,I
에티하드 항공,KMI,EY8470,P01,11,B,Slave,OZ157,2025-11-19 14:10:00,2025-11-19 14:20:00,도착,I
전일본공수,KMI,NH6943,P01,11,B,Slave,OZ157,2025-11-19 14:10:00,2025-11-19 14:20:00,도착,I
중국동방항공,PKX,MU2073,P02,128,D,Master,MU2073,2025-11-19 14:40:00,2025-11-19 14:25:00,도착,I
티웨이항공,NRT,TW242,P02,103,B,Master,TW242,2025-11-19 14:55:00,2025-11-19 14:25:00,도착,I
제주항공,NRT,7C1102,P02,126,D,Master,7C1102,2025-11-19 14:30:00,2025-11-19 14:25:00,도착,I
한 에어,NRT,H19801,P02,126,D,Slave,7C1102,2025-11-19 14:30:00,2025-11-19 14:25:00,도착,I
제주항공,HRB,7C8906,P02,115,C,Master,7C8906,2025-11-19 14:50:00,2025-11-19 14:32:00,도착,I
한 에어,HRB,H19932,P02,115,C,Slave,7C8906,2025-11-19 14:50:00,2025-11-19 14:32:00,도착,I
아시아나항공,PVG,OZ362,P01,22,B,Master,OZ362,2025-11-19 14:30:00,2025-11-19 14:31:00,도착,I
길상항공,PVG,HO3106,P01,22,B,Slave,OZ362,2025-11-19 14:30:00,2025-11-19 14:31:00,도착,I
델타항공,MSP,DL171,P03,266,B,Master,DL171,2025-11-19 15:30:00,2025-11-19 14:31:00,도착,I
대한항공,MSP,KE5034,P03,266,B,Slave,DL171,2025-11-19 15:30:00,2025-11-19 14:31:00,도착,I
진에어,RMQ,LJ736,P03,265,B,Master,LJ736,2025-11-19 14:40:00,2025-11-19 14:35:00,도착,I
홍콩익스프레스,HKG,UO630,P02,113,C,Master,UO630,2025-11-19 14:55:00,2025-11-19 14:41:00,도착,I
캐세이퍼시픽항공,HKG,CX5630,P02,113,C,Slave,UO630,2025-11-19 14:55:00,2025-11-19 14:41:00,도착,I
이스타항공,NRT,ZE602,P02,102,C,Master,ZE602,2025-11-19 14:30:00,2025-11-19 14:41:00,도착,I
캐세이퍼시픽항공,HKG,CX410,P01,40,E,Master,CX410,2025-11-19 13:55:00,2025-11-19 14:42:00,도착,I
콴타스항공,HKG,QF8223,P01,40,E,Slave,CX410,2025-11-19 13:55:00,2025-11-19 14:42:00,도착,I
아메리칸항공,HKG,AA8887,P01,40,E,Slave,CX410,2025-11-19 13:55:00,2025-11-19 14:42:00,도착,I
티웨이항공,FCO,TW406,P01,48,E,Master,TW406,2025-11-19 14:50:00,2025-11-19 14:45:00,도착,I
중국동방항공,YNT,MU267,P02,117,D,Master,MU267,2025-11-19 14:55:00,2025-11-19 14:49:00,도착,I
대한항공,YNT,KE5852,P02,117,D,Slave,MU267,2025-11-19 14:55:00,2025-11-19 14:49:00,도착,I
티웨이항공,SHE,TW614,P02,124,D,Master,TW614,2025-11-19 15:00:00,2025-11-19 14:48:00,도착,I
제주항공,KIX,7C1316,P01,45,E,Master,7C1316,2025-11-19 15:15:00,2025-11-19 14:50:00,도착,I
한 에어,KIX,H19937,P01,45,E,Slave,7C1316,2025-11-19 15:15:00,2025-11-19 14:50:00,도착,I
이스타항공,KIX,ZE616,P02,122,D,Master,ZE616,2025-11-19 14:55:00,2025-11-19 14:54:00,도착,I
산동항공,TAO,SC4613,P01,33,E,Master,SC4613,2025-11-19 14:25:00,2025-11-19 14:54:00,도착,I
아시아나항공,TAO,OZ6716,P01,33,E,Slave,SC4613,2025-11-19 14:25:00,2025-11-19 14:54:00,도착,I
중국국제항공,TAO,CA8891,P01,33,E,Slave,SC4613,2025-11-19 14:25:00,2025-11-19 14:54:00,도착,I
대한항공,FUK,KE792,P03,218,A,Master,KE792,2025-11-19 15:10:00,2025-11-19 15:09:00,도착,I
일본항공,FUK,JL5273,P03,218,A,Slave,KE792,2025-11-19 15:10:00,2025-11-19 15:09:00,도착,I
델타항공,FUK,DL7802,P03,218,A,Slave,KE792,2025-11-19 15:10:00,2025-11-19 15:09:00,도착,I
KLM네덜란드항공,FUK,KL3395,P03,218,A,Slave,KE792,2025-11-19 15:10:00,2025-11-19 15:09:00,도착,I
델타항공,ATL,DL189,P03,253,B,Master,DL189,2025-11-19 15:50:00,2025-11-19 14:59:00,도착,I
대한항공,ATL,KE5040,P03,253,B,Slave,DL189,2025-11-19 15:50:00,2025-11-19 14:59:00,도착,I
에어프레미아,NRT,YP732,P01,30,E,Master,YP732,2025-11-19 15:20:00,2025-11-19 15:00:00,도착,I
진에어,NRT,LJ218,P03,249,A,Master,LJ218,2025-11-19 15:20:00,2025-11-19 15:01:00,도착,I
중국동방항공,PVG,MU5011,P02,132,D,Master,MU5011,2025-11-19 15:05:00,2025-11-19 15:05:00,도착,I
대한항공,PVG,KE5884,P02,132,D,Slave,MU5011,2025-11-19 15:05:00,2025-11-19 15:05:00,도착,I
에어서울,NRT,RS702,P03,279,B,Master,RS702,2025-11-19 15:35:00,2025-11-19 15:09:00,도착,I
대한항공,TSN,KE806,P03,219,A,Master,KE806,2025-11-19 15:15:00,2025-11-19 15:11:00,도착,I
샤먼항공,TSN,MF9097,P03,219,A,Slave,KE806,2025-11-19 15:15:00,2025-11-19 15:11:00,도착,I
에어부산,FUK,BX157,P03,280,B,Master,BX157,2025-11-19 15:30:00,2025-11-19 15:13:00,도착,I
아시아나항공,FUK,OZ9577,P03,280,B,Slave,BX157,2025-11-19 15:30:00,2025-11-19 15:13:00,도착,I
에티하드 항공,AUH,EY822,P01,39,E,Master,EY822,2025-11-19 10:45:00,2025-11-19 15:15:00,도착,I
플라이나스,AUH,XY3876,P01,39,E,Slave,EY822,2025-11-19 10:45:00,2025-11-19 15:15:00,도착,I
TAP포르투갈 항공,AUH,TP6930,P01,39,E,Slave,EY822,2025-11-19 10:45:00,2025-11-19 15:15:00,도착,I
아시아나항공,AUH,OZ6973,P01,39,E,Slave,EY822,2025-11-19 10:45:00,2025-11-19 15:15:00,도착,I
이집트항공,AUH,MS8088,P01,39,E,Slave,EY822,2025-11-19 10:45:00,2025-11-19 15:15:00,도착,I
이스라엘항공,AUH,LY9624,P01,39,E,Slave,EY822,2025-11-19 10:45:00,2025-11-19 15:15:00,도착,I
오만항공,AUH,WY5102,P01,39,E,Slave,EY822,2025-11-19 10:45:00,2025-11-19 15:15:00,도착,I
대한항공,SGN,KE480,P03,220,A,Master,KE480,2025-11-19 15:00:00,2025-11-19 15:14:00,도착,I
델타항공,SGN,DL7920,P03,220,A,Slave,KE480,2025-11-19 15:00:00,2025-11-19 15:14:00,도착,I
웨스트젯,SGN,WS6070,P03,220,A,Slave,KE480,2025-11-19 15:00:00,2025-11-19 15:14:00,도착,I
베트남항공,SGN,VN3406,P03,220,A,Slave,KE480,2025-11-19 15:00:00,2025-11-19 15:14:00,도착,I
아시아나항공,SDJ,OZ151,P01,18,B,Master,OZ151,2025-11-19 15:15:00,2025-11-19 15:21:00,도착,I
전일본공수,SDJ,NH6981,P01,18,B,Slave,OZ151,2025-11-19 15:15:00,2025-11-19 15:21:00,도착,I
제주항공,OIT,7C1812,P02,127,D,Master,7C1812,2025-11-19 15:45:00,2025-11-19 15:21:00,도착,I
한 에어,OIT,H19773,P02,127,D,Slave,7C1812,2025-11-19 15:45:00,2025-11-19 15:21:00,도착,I
아시아나항공,TPE,OZ712,P01,12,B,Master,OZ712,2025-11-19 15:25:00,2025-11-19 15:25:00,도착,I
에바항공,TPE,BR2148,P01,12,B,Slave,OZ712,2025-11-19 15:25:00,2025-11-19 15:25:00,도착,I
중국남방항공,CAN,CZ3061,P02,121,D,Master,CZ3061,2025-11-19 15:15:00,2025-11-19 15:24:00,도착,I
사천항공,CAN,3U7023,P02,121,D,Slave,CZ3061,2025-11-19 15:15:00,2025-11-19 15:24:00,도착,I
대한항공,HGH,KE108,P03,238,A,Master,KE108,2025-11-19 15:30:00,2025-11-19 15:25:00,도착,I
샤먼항공,HGH,MF9599,P03,238,A,Slave,KE108,2025-11-19 15:30:00,2025-11-19 15:25:00,도착,I
중국동방항공,HGH,MU8961,P03,238,A,Slave,KE108,2025-11-19 15:30:00,2025-11-19 15:25:00,도착,I
대한항공,FRA,KE946,P03,231,A,Master,KE946,2025-11-19 15:05:00,2025-11-19 15:30:00,도착,I
중국동방항공,PVG,MU5033,P02,130,D,Master,MU5033,2025-11-19 15:20:00,2025-11-19 15:26:00,도착,I
상하이항공,PVG,FM3071,P02,130,D,Slave,MU5033,2025-11-19 15:20:00,2025-11-19 15:26:00,도착,I
대한항공,PVG,KE5886,P02,130,D,Slave,MU5033,2025-11-19 15:20:00,2025-11-19 15:26:00,도착,I
진에어,CTS,LJ302,P03,250,A,Master,LJ302,2025-11-19 15:45:00,2025-11-19 15:32:00,도착,I
대한항공,CTS,KE5062,P03,250,A,Slave,LJ302,2025-11-19 15:45:00,2025-11-19 15:32:00,도착,I
타이항공,BKK,TG652,P01,41,E,Master,TG652,2025-11-19 15:25:00,2025-11-19 15:32:00,도착,I
대한항공,SEA,KE042,P03,268,B,Master,KE042,2025-11-19 15:55:00,2025-11-19 15:38:00,도착,I
델타항공,SEA,DL7838,P03,268,B,Slave,KE042,2025-11-19 15:55:00,2025-11-19 15:38:00,도착,I
심천항공,SZX,ZH631,P01,47,E,Master,ZH631,2025-11-19 15:45:00,2025-11-19 15:39:00,도착,I
중국국제항공,SZX,CA3861,P01,47,E,Slave,ZH631,2025-11-19 15:45:00,2025-11-19 15:39:00,도착,I
아시아나항공,SZX,OZ6882,P01,47,E,Slave,ZH631,2025-11-19 15:45:00,2025-11-19 15:39:00,도착,I
아시아나항공,LAX,OZ201,P01,24,B,Master,OZ201,2025-11-19 15:45:00,2025-11-19 15:40:00,도착,I
코파항공,LAX,CM8002,P01,24,B,Slave,OZ201,2025-11-19 15:45:00,2025-11-19 15:40:00,도착,I
싱가포르항공,LAX,SQ5701,P01,24,B,Slave,OZ201,2025-11-19 15:45:00,2025-11-19 15:40:00,도착,I
타이항공,LAX,TG6732,P01,24,B,Slave,OZ201,2025-11-19 15:45:00,2025-11-19 15:40:00,도착,I
유나이티드항공,LAX,UA7286,P01,24,B,Slave,OZ201,2025-11-19 15:45:00,2025-11-19 15:40:00,도착,I
대한항공,TPE,KE2022,P03,234,A,Master,KE2022,2025-11-19 15:50:00,2025-11-19 15:39:00,도착,I
델타항공,TPE,DL7776,P03,234,A,Slave,KE2022,2025-11-19 15:50:00,2025-11-19 15:39:00,도착,I
중화항공,TPE,CI9064,P03,234,A,Slave,KE2022,2025-11-19 15:50:00,2025-11-19 15:39:00,도착,I
에어아시아엑스,KUL,D7506,P02,125,D,Master,D7506,2025-11-19 16:00:00,2025-11-19 15:45:00,도착,I
대한항공,PVG,KE882,P03,267,B,Master,KE882,2025-11-19 14:25:00,2025-11-19 15:49:00,도착,I
중국동방항공,PVG,MU8931,P03,267,B,Slave,KE882,2025-11-19 14:25:00,2025-11-19 15:49:00,도착,I
상하이항공,PVG,FM8751,P03,267,B,Slave,KE882,2025-11-19 14:25:00,2025-11-19 15:49:00,도착,I
샤먼항공,PVG,MF9085,P03,267,B,Slave,KE882,2025-11-19 14:25:00,2025-11-19 15:49:00,도착,I
중국동방항공,TAO,MU559,P02,123,D,Master,MU559,2025-11-19 15:50:00,2025-11-19 15:51:00,도착,I
대한항공,TAO,KE5842,P02,123,D,Slave,MU559,2025-11-19 15:50:00,2025-11-19 15:51:00,도착,I
상하이항공,TAO,FM3083,P02,123,D,Slave,MU559,2025-11-19 15:50:00,2025-11-19 15:51:00,도착,I
대한항공,NGO,KE742,P03,243,A,Master,KE742,2025-11-19 15:50:00,2025-11-19 15:53:00,도착,I
델타항공,NGO,DL7792,P03,243,A,Slave,KE742,2025-11-19 15:50:00,2025-11-19 15:53:00,도착,I
일본항공,NGO,JL5219,P03,243,A,Slave,KE742,2025-11-19 15:50:00,2025-11-19 15:53:00,도착,I
KLM네덜란드항공,NGO,KL4257,P03,243,A,Slave,KE742,2025-11-19 15:50:00,2025-11-19 15:53:00,도착,I
몽골항공,NGO,OM6716,P03,243,A,Slave,KE742,2025-11-19 15:50:00,2025-11-19 15:53:00,도착,I
버진 애트란틱항공,NGO,VS5508,P03,243,A,Slave,KE742,2025-11-19 15:50:00,2025-11-19 15:53:00,도착,I
델타항공,SEA,DL197,P03,252,B,Master,DL197,2025-11-19 16:30:00,2025-11-19 15:54:00,도착,I
대한항공,SEA,KE5020,P03,252,B,Slave,DL197,2025-11-19 16:30:00,2025-11-19 15:54:00,도착,I
대한항공,KIX,KE728,P03,276,B,Master,KE728,2025-11-19 16:10:00,2025-11-19 15:58:00,도착,I
델타항공,KIX,DL7790,P03,276,B,Slave,KE728,2025-11-19 16:10:00,2025-11-19 15:58:00,도착,I
일본항공,KIX,JL5271,P03,276,B,Slave,KE728,2025-11-19 16:10:00,2025-11-19 15:58:00,도착,I
싱가포르항공,SIN,SQ600,P01,31,E,Master,SQ600,2025-11-19 15:40:00,2025-11-19 15:54:00,도착,I
에어캐나다,SIN,AC5879,P01,31,E,Slave,SQ600,2025-11-19 15:40:00,2025-11-19 15:54:00,도착,I
에어인디아 리미티드,SIN,AI8168,P01,31,E,Slave,SQ600,2025-11-19 15:40:00,2025-11-19 15:54:00,도착,I
아시아나항공,SIN,OZ6790,P01,31,E,Slave,SQ600,2025-11-19 15:40:00,2025-11-19 15:54:00,도착,I
버진 오스트레일리아,SIN,VA5670,P01,31,E,Slave,SQ600,2025-11-19 15:40:00,2025-11-19 15:54:00,도착,I
아메리칸항공,DFW,AA281,P01,49,E,Master,AA281,2025-11-19 16:45:00,2025-11-19 15:49:00,도착,I
대한항공,DFW,KE5031,P01,49,E,Slave,AA281,2025-11-19 16:45:00,2025-11-19 15:49:00,도착,I
말레이시아 항공,DFW,MH9428,P01,49,E,Slave,AA281,2025-11-19 16:45:00,2025-11-19 15:49:00,도착,I
에어프레미아,LAX,YP102,P01,19,B,Master,YP102,2025-11-19 16:20:00,2025-11-19 15:58:00,도착,I
이스타항공,CTS,ZE626,P02,108,C,Master,ZE626,2025-11-19 16:00:00,2025-11-19 15:59:00,도착,I
진에어,OKA,LJ342,P03,264,B,Master,LJ342,2025-11-19 15:50:00,2025-11-19 15:56:00,도착,I
대한항공,OKA,KE5746,P03,264,B,Slave,LJ342,2025-11-19 15:50:00,2025-11-19 15:56:00,도착,I
아시아나항공,NRT,OZ101,P01,28,E,Master,OZ101,2025-11-19 15:55:00,2025-11-19 16:04:00,도착,I
에티하드 항공,NRT,EY8459,P01,28,E,Slave,OZ101,2025-11-19 15:55:00,2025-11-19 16:04:00,도착,I
전일본공수,NRT,NH6971,P01,28,E,Slave,OZ101,2025-11-19 15:55:00,2025-11-19 16:04:00,도착,I
에어 뉴질랜드,NRT,NZ4061,P01,28,E,Slave,OZ101,2025-11-19 15:55:00,2025-11-19 16:04:00,도착,I
유나이티드항공,NRT,UA7317,P01,28,E,Slave,OZ101,2025-11-19 15:55:00,2025-11-19 16:04:00,도착,I
에티오피아항공,ADD,ET672,P01,23,B,Master,ET672,2025-11-19 15:45:00,2025-11-19 16:02:00,도착,I
전일본공수,ADD,NH5340,P01,23,B,Slave,ET672,2025-11-19 15:45:00,2025-11-19 16:02:00,도착,I
르완다에어,ADD,WB1216,P01,23,B,Slave,ET672,2025-11-19 15:45:00,2025-11-19 16:02:00,도착,I
아시아나항공,ADD,OZ9761,P01,23,B,Slave,ET672,2025-11-19 15:45:00,2025-11-19 16:02:00,도착,I
아시아나항공,PVG,OZ364,P01,2,B,Master,OZ364,2025-11-19 16:00:00,2025-11-19 16:04:00,도착,I
길상항공,PVG,HO3112,P01,2,B,Slave,OZ364,2025-11-19 16:00:00,2025-11-19 16:04:00,도착,I
아시아나항공,BCN,OZ512,P01,14,B,Master,OZ512,2025-11-19 16:05:00,2025-11-19 16:09:00,도착,I
대한항공,LHR,KE908,P03,277,B,Master,KE908,2025-11-19 16:25:00,2025-11-19 16:18:00,도착,I
버진 애트란틱항공,LHR,VS5502,P03,277,B,Slave,KE908,2025-11-19 16:25:00,2025-11-19 16:18:00,도착,I
중국국제항공,PEK,CA125,P01,38,E,Master,CA125,2025-11-19 16:35:00,2025-11-19 16:08:00,도착,I
산동항공,PEK,SC149,P01,38,E,Slave,CA125,2025-11-19 16:35:00,2025-11-19 16:08:00,도착,I
아시아나항공,PEK,OZ6804,P01,38,E,Slave,CA125,2025-11-19 16:35:00,2025-11-19 16:08:00,도착,I
대한항공,WUH,KE166,P03,247,A,Master,KE166,2025-11-19 16:30:00,2025-11-19 16:14:00,도착,I
중국동방항공,WUH,MU8951,P03,247,A,Slave,KE166,2025-11-19 16:30:00,2025-11-19 16:14:00,도착,I
파라타항공,NRT,WE502,P01,26,B,Master,WE502,2025-11-19 16:15:00,2025-11-19 16:15:00,도착,I
진에어,NRT,LJ206,P03,260,B,Master,LJ206,2025-11-19 16:30:00,2025-11-19 16:14:00,도착,I
진에어,TPE,LJ732,P03,281,B,Master,LJ732,2025-11-19 16:05:00,2025-11-19 16:23:00,도착,I
대한항공,TPE,KE5756,P03,281,B,Slave,LJ732,2025-11-19 16:05:00,2025-11-19 16:23:00,도착,I
중국남방항공,DLC,CZ695,P02,131,D,Master,CZ695,2025-11-19 16:30:00,2025-11-19 16:19:00,도착,I
델타항공,DTW,DL159,P03,265,B,Master,DL159,2025-11-19 16:50:00,2025-11-19 16:19:00,도착,I
대한항공,DTW,KE7274,P03,265,B,Slave,DL159,2025-11-19 16:50:00,2025-11-19 16:19:00,도착,I
대한항공,NRT,KE704,P03,255,B,Master,KE704,2025-11-19 16:40:00,2025-11-19 16:26:00,도착,I
아에로멕시코,NRT,AM6754,P03,255,B,Slave,KE704,2025-11-19 16:40:00,2025-11-19 16:26:00,도착,I
델타항공,NRT,DL7780,P03,255,B,Slave,KE704,2025-11-19 16:40:00,2025-11-19 16:26:00,도착,I
일본항공,NRT,JL5205,P03,255,B,Slave,KE704,2025-11-19 16:40:00,2025-11-19 16:26:00,도착,I
에어로 몽골리아,UBN,M0601,P01,34,E,Master,M0601,2025-11-19 14:45:00,2025-11-19 16:27:00,도착,I
대한항공,ORD,KE038,P03,242,A,Master,KE038,2025-11-19 17:15:00,2025-11-19 16:32:00,도착,I
델타항공,ORD,DL7862,P03,242,A,Slave,KE038,2025-11-19 17:15:00,2025-11-19 16:32:00,도착,I
대한항공,BOS,KE092,P03,261,B,Master,KE092,2025-11-19 16:35:00,2025-11-19 16:29:00,도착,I
델타항공,BOS,DL7840,P03,261,B,Slave,KE092,2025-11-19 16:35:00,2025-11-19 16:29:00,도착,I
베트남항공,HAN,VN414,P02,111,C,Master,VN414,2025-11-19 16:30:00,2025-11-19 16:35:00,도착,I
아시아나항공,CAN,OZ370,P01,21,B,Master,OZ370,2025-11-19 17:00:00,2025-11-19 16:32:00,도착,I
심천항공,CAN,ZH3307,P01,21,B,Slave,OZ370,2025-11-19 17:00:00,2025-11-19 16:32:00,도착,I
베트남항공,SGN,VN402,P02,109,C,Master,VN402,2025-11-19 16:25:00,2025-11-19 16:37:00,도착,I
대한항공,AOJ,KE2194,P03,279,B,Master,KE2194,2025-11-19 16:50:00,2025-11-19 16:41:00,도착,I
델타항공,AOJ,DL7870,P03,279,B,Slave,KE2194,2025-11-19 16:50:00,2025-11-19 16:41:00,도착,I
일본항공,AOJ,JL5165,P03,279,B,Slave,KE2194,2025-11-19 16:50:00,2025-11-19 16:41:00,도착,I
대한항공,XIY,KE812,P03,258,B,Master,KE812,2025-11-19 16:45:00,2025-11-19 16:40:00,도착,I
중국동방항공,XIY,MU8947,P03,258,B,Slave,KE812,2025-11-19 16:45:00,2025-11-19 16:40:00,도착,I
에어캐나다,YVR,AC063,P01,35,E,Master,AC063,2025-11-19 17:10:00,2025-11-19 16:42:00,도착,I
아시아나항공,YVR,OZ6101,P01,35,E,Slave,AC063,2025-11-19 17:10:00,2025-11-19 16:42:00,도착,I
싱가포르항공,YVR,SQ1003,P01,35,E,Slave,AC063,2025-11-19 17:10:00,2025-11-19 16:42:00,도착,I
제주항공,NRT,7C1104,P02,126,D,Master,7C1104,2025-11-19 16:45:00,2025-11-19 16:46:00,도착,I
한 에어,NRT,H19803,P02,126,D,Slave,7C1104,2025-11-19 16:45:00,2025-11-19 16:46:00,도착,I
대한항공,BKK,KE660,P03,222,A,Master,KE660,2025-11-19 17:05:00,2025-11-19 16:49:00,도착,I
웨스트젯,BKK,WS6074,P03,222,A,Slave,KE660,2025-11-19 17:05:00,2025-11-19 16:49:00,도착,I
델타항공,BKK,DL7853,P03,222,A,Slave,KE660,2025-11-19 17:05:00,2025-11-19 16:49:00,도착,I
하와이안 항공,BKK,HA6012,P03,222,A,Slave,KE660,2025-11-19 17:05:00,2025-11-19 16:49:00,도착,I
대한항공,YYZ,KE078,P03,249,A,Master,KE078,2025-11-19 16:50:00,2025-11-19 16:48:00,도착,I
웨스트젯,YYZ,WS6064,P03,249,A,Slave,KE078,2025-11-19 16:50:00,2025-11-19 16:48:00,도착,I
제주항공,KOJ,7C1824,P02,128,D,Master,7C1824,2025-11-19 17:15:00,2025-11-19 16:50:00,도착,I
한 에어,KOJ,H19896,P02,128,D,Slave,7C1824,2025-11-19 17:15:00,2025-11-19 16:50:00,도착,I
대한항공,LAX,KE018,P03,225,A,Master,KE018,2025-11-19 17:35:00,2025-11-19 17:00:00,도착,I
아에로멕시코,LAX,AM6703,P03,225,A,Slave,KE018,2025-11-19 17:35:00,2025-11-19 17:00:00,도착,I
델타항공,LAX,DL7836,P03,225,A,Slave,KE018,2025-11-19 17:35:00,2025-11-19 17:00:00,도착,I
란항공,LAX,LA8427,P03,225,A,Slave,KE018,2025-11-19 17:35:00,2025-11-19 17:00:00,도착,I
유나이티드항공,SFO,UA893,P01,33,E,Master,UA893,2025-11-19 16:15:00,2025-11-19 16:54:00,도착,I
아시아나항공,SFO,OZ6615,P01,33,E,Slave,UA893,2025-11-19 16:15:00,2025-11-19 16:54:00,도착,I
대한항공,HKG,KE2002,P03,236,A,Master,KE2002,2025-11-19 17:05:00,2025-11-19 16:55:00,도착,I
델타항공,HKG,DL7772,P03,236,A,Slave,KE2002,2025-11-19 17:05:00,2025-11-19 16:55:00,도착,I
웨스트젯,HKG,WS6034,P03,236,A,Slave,KE2002,2025-11-19 17:05:00,2025-11-19 16:55:00,도착,I
대한항공,DLC,KE874,P03,251,B,Master,KE874,2025-11-19 16:55:00,2025-11-19 16:53:00,도착,I
중국동방항공,DLC,MU8959,P03,251,B,Slave,KE874,2025-11-19 16:55:00,2025-11-19 16:53:00,도착,I
대한항공,NKG,KE102,P03,220,A,Master,KE102,2025-11-19 17:05:00,2025-11-19 16:58:00,도착,I
중국동방항공,NKG,MU8957,P03,220,A,Slave,KE102,2025-11-19 17:05:00,2025-11-19 16:58:00,도착,I
아시아나항공,JFK,OZ221,P01,22,B,Master,OZ221,2025-11-19 17:05:00,2025-11-19 16:55:00,도착,I
코파항공,JFK,CM8005,P01,22,B,Slave,OZ221,2025-11-19 17:05:00,2025-11-19 16:55:00,도착,I
싱가포르항공,JFK,SQ5721,P01,22,B,Slave,OZ221,2025-11-19 17:05:00,2025-11-19 16:55:00,도착,I
타이항공,JFK,TG6746,P01,22,B,Slave,OZ221,2025-11-19 17:05:00,2025-11-19 16:55:00,도착,I
유나이티드항공,JFK,UA7294,P01,22,B,Slave,OZ221,2025-11-19 17:05:00,2025-11-19 16:55:00,도착,I
이스타항공,FUK,ZE648,P02,104,C,Master,ZE648,2025-11-19 16:30:00,2025-11-19 16:57:00,도착,I
대한항공,AMS,KE926,P03,221,A,Master,KE926,2025-11-19 16:55:00,2025-11-19 17:02:00,도착,I
KLM네덜란드항공,AMS,KL201,P03,221,A,Slave,KE926,2025-11-19 16:55:00,2025-11-19 17:02:00,도착,I
대한항공,DFW,KE032,P03,257,B,Master,KE032,2025-11-19 17:35:00,2025-11-19 17:02:00,도착,I
델타항공,DFW,DL7868,P03,257,B,Slave,KE032,2025-11-19 17:35:00,2025-11-19 17:02:00,도착,I
대한항공,CSX,KE820,P03,263,B,Master,KE820,2025-11-19 17:00:00,2025-11-19 17:05:00,도착,I
샤먼항공,CSX,MF9081,P03,263,B,Slave,KE820,2025-11-19 17:00:00,2025-11-19 17:05:00,도착,I
중국동방항공,CSX,MU8945,P03,263,B,Slave,KE820,2025-11-19 17:00:00,2025-11-19 17:05:00,도착,I
진에어,FUK,LJ264,P03,250,A,Master,LJ264,2025-11-19 16:10:00,2025-11-19 17:18:00,도착,I
대한항공,FUK,KE5076,P03,250,A,Slave,LJ264,2025-11-19 16:10:00,2025-11-19 17:18:00,도착,I
제주항공,TPE,7C6102,P01,37,E,Master,7C6102,2025-11-19 17:00:00,2025-11-19 17:06:00,도착,I
한 에어,TPE,H19973,P01,37,E,Slave,7C6102,2025-11-19 17:00:00,2025-11-19 17:06:00,도착,I
대한항공,SFO,KE024,P03,275,B,Master,KE024,2025-11-19 17:40:00,2025-11-19 17:12:00,도착,I
델타항공,SFO,DL7861,P03,275,B,Slave,KE024,2025-11-19 17:40:00,2025-11-19 17:12:00,도착,I
대한항공,ATL,KE036,P03,233,A,Master,KE036,2025-11-19 17:45:00,2025-11-19 17:08:00,도착,I
델타항공,ATL,DL7850,P03,233,A,Slave,KE036,2025-11-19 17:45:00,2025-11-19 17:08:00,도착,I
대한항공,CTS,KE766,P03,254,B,Master,KE766,2025-11-19 17:15:00,2025-11-19 17:10:00,도착,I
일본항공,CTS,JL5209,P03,254,B,Slave,KE766,2025-11-19 17:15:00,2025-11-19 17:10:00,도착,I
KLM네덜란드항공,CTS,KL4250,P03,254,B,Slave,KE766,2025-11-19 17:15:00,2025-11-19 17:10:00,도착,I
버진 애트란틱항공,CTS,VS5512,P03,254,B,Slave,KE766,2025-11-19 17:15:00,2025-11-19 17:10:00,도착,I
델타항공,CTS,DL7904,P03,254,B,Slave,KE766,2025-11-19 17:15:00,2025-11-19 17:10:00,도착,I
제주항공,MYJ,7C1704,P02,130,D,Master,7C1704,2025-11-19 17:35:00,2025-11-19 17:15:00,도착,I
한 에어,MYJ,H19842,P02,130,D,Slave,7C1704,2025-11-19 17:35:00,2025-11-19 17:15:00,도착,I
대한항공,CDG,KE902,P03,266,B,Master,KE902,2025-11-19 17:20:00,2025-11-19 17:11:00,도착,I
에어 프랑스,CDG,AF5092,P03,266,B,Slave,KE902,2025-11-19 17:20:00,2025-11-19 17:11:00,도착,I
대한항공,IAD,KE094,P03,232,A,Master,KE094,2025-11-19 17:40:00,2025-11-19 17:18:00,도착,I
델타항공,IAD,DL7856,P03,232,A,Slave,KE094,2025-11-19 17:40:00,2025-11-19 17:18:00,도착,I
에어서울,YGJ,RS746,P03,281,B,Master,RS746,2025-11-19 17:40:00,2025-11-19 17:37:00,도착,I
대한항공,PVG,KE888,P03,245,A,Master,KE888,2025-11-19 17:10:00,2025-11-19 17:20:00,도착,I
상하이항공,PVG,FM8755,P03,245,A,Slave,KE888,2025-11-19 17:10:00,2025-11-19 17:20:00,도착,I
샤먼항공,PVG,MF9089,P03,245,A,Slave,KE888,2025-11-19 17:10:00,2025-11-19 17:20:00,도착,I
중국동방항공,PVG,MU8935,P03,245,A,Slave,KE888,2025-11-19 17:10:00,2025-11-19 17:20:00,도착,I
에미레이트항공,DXB,EK322,P01,43,E,Master,EK322,2025-11-19 16:50:00,2025-11-19 17:17:00,도착,I
대한항공,DXB,KE5952,P01,43,E,Slave,EK322,2025-11-19 16:50:00,2025-11-19 17:17:00,도착,I
대한항공,PUS,KE1410,P03,243,국내선,Master,KE1410,2025-11-19 17:20:00,2025-11-19 17:18:00,도착,D
ITA항공,PUS,AZ2777,P03,243,국내선,Slave,KE1410,2025-11-19 17:20:00,2025-11-19 17:18:00,도착,D
델타항공,PUS,DL7882,P03,243,국내선,Slave,KE1410,2025-11-19 17:20:00,2025-11-19 17:18:00,도착,D
KLM네덜란드항공,PUS,KL3397,P03,243,국내선,Slave,KE1410,2025-11-19 17:20:00,2025-11-19 17:18:00,도착,D
대한항공,PEK,KE856,P03,235,A,Master,KE856,2025-11-19 17:25:00,2025-11-19 17:23:00,도착,I
샤먼항공,PEK,MF9093,P03,235,A,Slave,KE856,2025-11-19 17:25:00,2025-11-19 17:23:00,도착,I
대한항공,UBN,KE2042,P03,256,B,Master,KE2042,2025-11-19 16:30:00,2025-11-19 17:20:00,도착,I
델타항공,UBN,DL7886,P03,256,B,Slave,KE2042,2025-11-19 16:30:00,2025-11-19 17:20:00,도착,I
몽골항공,UBN,OM5301,P03,256,B,Slave,KE2042,2025-11-19 16:30:00,2025-11-19 17:20:00,도착,I
상하이항공,PVG,FM827,P02,129,D,Master,FM827,2025-11-19 17:25:00,2025-11-19 17:22:00,도착,I
중국동방항공,PVG,MU8603,P02,129,D,Slave,FM827,2025-11-19 17:25:00,2025-11-19 17:22:00,도착,I
대한항공,PVG,KE5894,P02,129,D,Slave,FM827,2025-11-19 17:25:00,2025-11-19 17:22:00,도착,I
대한항공,MNL,KE622,P03,248,A,Master,KE622,2025-11-19 17:25:00,2025-11-19 17:28:00,도착,I
아시아나항공,FUK,OZ133,P01,7,B,Master,OZ133,2025-11-19 17:20:00,2025-11-19 17:24:00,도착,I
에티오피아항공,FUK,ET1445,P01,7,B,Slave,OZ133,2025-11-19 17:20:00,2025-11-19 17:24:00,도착,I
터키항공,FUK,TK8095,P01,7,B,Slave,OZ133,2025-11-19 17:20:00,2025-11-19 17:24:00,도착,I
에어캐나다,FUK,AC6991,P01,7,B,Slave,OZ133,2025-11-19 17:20:00,2025-11-19 17:24:00,도착,I
에티하드 항공,FUK,EY8466,P01,7,B,Slave,OZ133,2025-11-19 17:20:00,2025-11-19 17:24:00,도착,I
전일본공수,FUK,NH6959,P01,7,B,Slave,OZ133,2025-11-19 17:20:00,2025-11-19 17:24:00,도착,I
티웨이항공,NRT,TW244,P02,119,D,Master,TW244,2025-11-19 17:45:00,2025-11-19 17:26:00,도착,I
카타르항공,DOH,QR858,P01,46,E,Master,QR858,2025-11-19 17:15:00,2025-11-19 17:27:00,도착,I
르완다에어,DOH,WB1569,P01,46,E,Slave,QR858,2025-11-19 17:15:00,2025-11-19 17:27:00,도착,I
이베리아항공,DOH,IB6416,P01,46,E,Slave,QR858,2025-11-19 17:15:00,2025-11-19 17:27:00,도착,I
영국항공,DOH,BA2292,P01,46,E,Slave,QR858,2025-11-19 17:15:00,2025-11-19 17:27:00,도착,I
란항공,DOH,LA6036,P01,46,E,Slave,QR858,2025-11-19 17:15:00,2025-11-19 17:27:00,도착,I
로얄 에어 모로코,DOH,AT5714,P01,46,E,Slave,QR858,2025-11-19 17:15:00,2025-11-19 17:27:00,도착,I
아시아나항공,DOH,OZ6888,P01,46,E,Slave,QR858,2025-11-19 17:15:00,2025-11-19 17:27:00,도착,I
에어로케이항공,IBR,RF387,P02,107,C,Master,RF387,2025-11-19 17:40:00,2025-11-19 17:28:00,도착,I
대한항공,XMN,KE126,P03,246,A,Master,KE126,2025-11-19 17:50:00,2025-11-19 17:29:00,도착,I
샤먼항공,XMN,MF9017,P03,246,A,Slave,KE126,2025-11-19 17:50:00,2025-11-19 17:29:00,도착,I
대한항공,CAN,KE868,P03,260,B,Master,KE868,2025-11-19 17:35:00,2025-11-19 17:40:00,도착,I
아시아나항공,MNL,OZ702,P01,15,B,Master,OZ702,2025-11-19 16:40:00,2025-11-19 17:34:00,도착,I
아시아나항공,FCO,OZ562,P01,23,B,Master,OZ562,2025-11-19 17:35:00,2025-11-19 17:29:00,도착,I
에어부산,KIX,BX173,P03,280,B,Master,BX173,2025-11-19 18:10:00,2025-11-19 17:32:00,도착,I
대한항공,HNL,KE054,P03,224,A,Master,KE054,2025-11-19 17:35:00,2025-11-19 17:41:00,도착,I
델타항공,HNL,DL7938,P03,224,A,Slave,KE054,2025-11-19 17:35:00,2025-11-19 17:41:00,도착,I
하와이안 항공,HNL,HA6020,P03,224,A,Slave,KE054,2025-11-19 17:35:00,2025-11-19 17:41:00,도착,I
아시아나항공,LHR,OZ522,P01,24,B,Master,OZ522,2025-11-19 17:50:00,2025-11-19 17:36:00,도착,I
티웨이항공,OKA,TW282,P02,101,C,Master,TW282,2025-11-19 17:55:00,2025-11-19 17:34:00,도착,I
대한항공,SZX,KE836,P03,278,B,Master,KE836,2025-11-19 17:00:00,2025-11-19 17:48:00,도착,I
대한항공,TAO,KE844,P03,264,B,Master,KE844,2025-11-19 17:35:00,2025-11-19 17:36:00,도착,I
중국동방항공,TAO,MU8939,P03,264,B,Slave,KE844,2025-11-19 17:35:00,2025-11-19 17:36:00,도착,I
대한항공,YVR,KE072,P03,267,B,Master,KE072,2025-11-19 17:45:00,2025-11-19 17:36:00,도착,I
웨스트젯,YVR,WS6062,P03,267,B,Slave,KE072,2025-11-19 17:45:00,2025-11-19 17:36:00,도착,I
아시아나항공,HKG,OZ722,P01,9,B,Master,OZ722,2025-11-19 17:30:00,2025-11-19 17:38:00,도착,I
홍콩항공,HKG,HX1552,P01,9,B,Slave,OZ722,2025-11-19 17:30:00,2025-11-19 17:38:00,도착,I
유나이티드항공,HKG,UA7305,P01,9,B,Slave,OZ722,2025-11-19 17:30:00,2025-11-19 17:38:00,도착,I
대한항공,SYD,KE402,P03,218,A,Master,KE402,2025-11-19 17:50:00,2025-11-19 17:47:00,도착,I
KLM네덜란드항공,SYD,KL9161,P03,218,A,Slave,KE402,2025-11-19 17:50:00,2025-11-19 17:47:00,도착,I
몽골항공,SYD,OM6522,P03,218,A,Slave,KE402,2025-11-19 17:50:00,2025-11-19 17:47:00,도착,I
버진 애트란틱항공,SYD,VS5524,P03,218,A,Slave,KE402,2025-11-19 17:50:00,2025-11-19 17:47:00,도착,I
대한항공,JFK,KE082,P03,268,B,Master,KE082,2025-11-19 17:45:00,2025-11-19 17:47:00,도착,I
델타항공,JFK,DL7842,P03,268,B,Slave,KE082,2025-11-19 17:45:00,2025-11-19 17:47:00,도착,I
티웨이항공,CTS,TW264,P02,105,C,Master,TW264,2025-11-19 18:10:00,2025-11-19 17:47:00,도착,I
대한항공,SIN,KE648,P03,234,A,Master,KE648,2025-11-19 18:25:00,2025-11-19 17:50:00,도착,I
델타항공,SIN,DL7824,P03,234,A,Slave,KE648,2025-11-19 18:25:00,2025-11-19 17:50:00,도착,I
몽골항공,SIN,OM6234,P03,234,A,Slave,KE648,2025-11-19 18:25:00,2025-11-19 17:50:00,도착,I
웨스트젯,SIN,WS6066,P03,234,A,Slave,KE648,2025-11-19 18:25:00,2025-11-19 17:50:00,도착,I
이스타항공,OKA,ZE632,P02,118,D,Master,ZE632,2025-11-19 18:20:00,2025-11-19 17:48:00,도착,I
제주항공,TAG,7C2122,P01,2,B,Master,7C2122,2025-11-19 18:05:00,2025-11-19 17:50:00,도착,I
한 에어,TAG,H19793,P01,2,B,Slave,7C2122,2025-11-19 18:05:00,2025-11-19 17:50:00,도착,I
티웨이항공,DAD,TW008,P02,115,C,Master,TW008,2025-11-19 18:40:00,2025-11-19 17:58:00,도착,I
제주항공,HIJ,7C1618,P01,34,E,Master,7C1618,2025-11-19 18:15:00,2025-11-19 18:01:00,도착,I
한 에어,HIJ,H19756,P01,34,E,Slave,7C1618,2025-11-19 18:15:00,2025-11-19 18:01:00,도착,I
아시아나항공,HRB,OZ340,P01,16,B,Master,OZ340,2025-11-19 18:10:00,2025-11-19 18:02:00,도착,I
중국남방항공,HRB,CZ4203,P01,16,B,Slave,OZ340,2025-11-19 18:10:00,2025-11-19 18:02:00,도착,I
대한항공,HAN,KE442,P03,266,B,Master,KE442,2025-11-19 18:25:00,2025-11-19 18:12:00,도착,I
델타항공,HAN,DL7806,P03,266,B,Slave,KE442,2025-11-19 18:25:00,2025-11-19 18:12:00,도착,I
베트남항공,HAN,VN3412,P03,266,B,Slave,KE442,2025-11-19 18:25:00,2025-11-19 18:12:00,도착,I
웨스트젯,HAN,WS6068,P03,266,B,Slave,KE442,2025-11-19 18:25:00,2025-11-19 18:12:00,도착,I
에어프레미아,HKG,YP802,P01,32,E,Master,YP802,2025-11-19 18:15:00,2025-11-19 18:05:00,도착,I
아시아나항공,NKG,OZ350,P01,11,B,Master,OZ350,2025-11-19 18:10:00,2025-11-19 18:08:00,도착,I
심천항공,NKG,ZH3293,P01,11,B,Slave,OZ350,2025-11-19 18:10:00,2025-11-19 18:08:00,도착,I
길상항공,NKG,HO3104,P01,11,B,Slave,OZ350,2025-11-19 18:10:00,2025-11-19 18:08:00,도착,I
티웨이항공,KIX,TW304,P02,121,D,Master,TW304,2025-11-19 17:55:00,2025-11-19 18:07:00,도착,I
제주항공,JMU,7C8902,P01,38,E,Master,7C8902,2025-11-19 18:00:00,2025-11-19 18:07:00,도착,I
한 에어,JMU,H19904,P01,38,E,Slave,7C8902,2025-11-19 18:00:00,2025-11-19 18:07:00,도착,I
에미레이트항공,DXB,EK324,P01,41,E,Master,EK324,2025-11-19 18:10:00,2025-11-19 18:15:00,도착,I
산동항공,TAO,SC4615,P01,36,E,Master,SC4615,2025-11-19 18:10:00,2025-11-19 18:11:00,도착,I
아시아나항공,TAO,OZ6714,P01,36,E,Slave,SC4615,2025-11-19 18:10:00,2025-11-19 18:11:00,도착,I
중국국제항공,TAO,CA8859,P01,36,E,Slave,SC4615,2025-11-19 18:10:00,2025-11-19 18:11:00,도착,I
캐세이퍼시픽항공,HKG,CX418,P01,50,E,Master,CX418,2025-11-19 18:35:00,2025-11-19 18:17:00,도착,I
콴타스항공,HKG,QF8222,P01,50,E,Slave,CX418,2025-11-19 18:35:00,2025-11-19 18:17:00,도착,I
카타르항공,HKG,QR8370,P01,50,E,Slave,CX418,2025-11-19 18:35:00,2025-11-19 18:17:00,도착,I
진에어,FUK,LJ270,P03,243,A,Master,LJ270,2025-11-19 18:40:00,2025-11-19 18:20:00,도착,I
아시아나항공,HGH,OZ360,P01,19,B,Master,OZ360,2025-11-19 18:10:00,2025-11-19 18:21:00,도착,I
중국국제항공,HGH,CA5017,P01,19,B,Slave,OZ360,2025-11-19 18:10:00,2025-11-19 18:21:00,도착,I
길상항공,HGH,HO3102,P01,19,B,Slave,OZ360,2025-11-19 18:10:00,2025-11-19 18:21:00,도착,I
대한항공,MAD,KE914,P03,239,A,Master,KE914,2025-11-19 18:15:00,2025-11-19 18:22:00,도착,I
에어 유로파,MAD,UX3601,P03,239,A,Slave,KE914,2025-11-19 18:15:00,2025-11-19 18:22:00,도착,I
아르헨티나 항공,MAD,AR7864,P03,239,A,Slave,KE914,2025-11-19 18:15:00,2025-11-19 18:22:00,도착,I
제주항공,HKG,7C6022,P02,131,D,Master,7C6022,2025-11-19 18:25:00,2025-11-19 18:26:00,도착,I
한 에어,HKG,H19991,P02,131,D,Slave,7C6022,2025-11-19 18:25:00,2025-11-19 18:26:00,도착,I
아시아나항공,PEK,OZ334,P01,28,E,Master,OZ334,2025-11-19 18:35:00,2025-11-19 18:29:00,도착,I
중국국제항공,PEK,CA5003,P01,28,E,Slave,OZ334,2025-11-19 18:35:00,2025-11-19 18:29:00,도착,I
터키항공,IST,TK090,P01,31,E,Master,TK090,2025-11-19 18:20:00,2025-11-19 18:36:00,도착,I
아시아나항공,IST,OZ6932,P01,31,E,Slave,TK090,2025-11-19 18:20:00,2025-11-19 18:36:00,도착,I
에바항공,TPE,BR160,P01,30,E,Master,BR160,2025-11-19 18:45:00,2025-11-19 18:34:00,도착,I
유니항공,TPE,B77026,P01,30,E,Slave,BR160,2025-11-19 18:45:00,2025-11-19 18:34:00,도착,I
아시아나항공,TPE,OZ6872,P01,30,E,Slave,BR160,2025-11-19 18:45:00,2025-11-19 18:34:00,도착,I
에어캐나다,TPE,AC6537,P01,30,E,Slave,BR160,2025-11-19 18:45:00,2025-11-19 18:34:00,도착,I
에어 뉴질랜드,TPE,NZ4922,P01,30,E,Slave,BR160,2025-11-19 18:45:00,2025-11-19 18:34:00,도착,I
타이항공,TPE,TG6392,P01,30,E,Slave,BR160,2025-11-19 18:45:00,2025-11-19 18:34:00,도착,I
샤먼항공,FOC,MF877,P03,250,A,Master,MF877,2025-11-19 19:00:00,2025-11-19 18:45:00,도착,I
티웨이항공,FUK,TW206,P02,113,C,Master,TW206,2025-11-19 18:50:00,2025-11-19 18:48:00,도착,I
티웨이항공,KLO,TW126,P02,126,D,Master,TW126,2025-11-19 19:05:00,2025-11-19 18:47:00,도착,I
필리핀항공,MNL,PR402,P01,33,E,Master,PR402,2025-11-19 19:25:00,2025-11-19 18:53:00,도착,I
제주항공,KIX,7C1394,P01,37,E,Master,7C1394,2025-11-19 19:05:00,2025-11-19 18:58:00,도착,I
한 에어,KIX,H19873,P01,37,E,Slave,7C1394,2025-11-19 19:05:00,2025-11-19 18:58:00,도착,I
에어서울,GUM,RS104,P03,276,B,Master,RS104,2025-11-19 18:50:00,2025-11-19 19:06:00,도착,I
에어서울,KIX,RS714,P03,281,B,Master,RS714,2025-11-19 19:05:00,2025-11-19 19:11:00,도착,I
제주항공,OKA,7C1802,P02,103,C,Master,7C1802,2025-11-19 19:15:00,2025-11-19 19:08:00,도착,I
한 에어,OKA,H19844,P02,103,C,Slave,7C1802,2025-11-19 19:15:00,2025-11-19 19:08:00,도착,I
아시아나항공,SYD,OZ602,P01,46,E,Master,OZ602,2025-11-19 19:00:00,2025-11-19 19:11:00,도착,I
에티하드 항공,SYD,EY8463,P01,46,E,Slave,OZ602,2025-11-19 19:00:00,2025-11-19 19:11:00,도착,I
터키항공,SYD,TK8097,P01,46,E,Slave,OZ602,2025-11-19 19:00:00,2025-11-19 19:11:00,도착,I
춘추항공,YTY,9C6181,P02,129,D,Master,9C6181,2025-11-19 19:30:00,2025-11-19 19:09:00,도착,I
스칸디나비아항공,CPH,SK987,P03,278,B,Master,SK987,2025-11-19 19:00:00,2025-11-19 19:23:00,도착,I
대한항공,MFM,KE2016,P03,241,A,Master,KE2016,2025-11-19 19:40:00,2025-11-19 19:15:00,도착,I
델타항공,MFM,DL7905,P03,241,A,Slave,KE2016,2025-11-19 19:40:00,2025-11-19 19:15:00,도착,I
대한항공,SHE,KE834,P03,264,A,Master,KE834,2025-11-19 19:35:00,2025-11-19 19:14:00,도착,I
중국동방항공,SHE,MU8965,P03,264,A,Slave,KE834,2025-11-19 19:35:00,2025-11-19 19:14:00,도착,I
아시아나항공,SZX,OZ372,P01,22,B,Master,OZ372,2025-11-19 18:20:00,2025-11-19 19:17:00,도착,I
심천항공,SZX,ZH3301,P01,22,B,Slave,OZ372,2025-11-19 18:20:00,2025-11-19 19:17:00,도착,I
제주항공,FUK,7C1406,P01,35,E,Master,7C1406,2025-11-19 19:20:00,2025-11-19 19:22:00,도착,I
한 에어,FUK,H19832,P01,35,E,Slave,7C1406,2025-11-19 19:20:00,2025-11-19 19:22:00,도착,I
중화항공,TPE,CI162,P03,255,B,Master,CI162,2025-11-19 19:15:00,2025-11-19 19:22:00,도착,I
델타항공,TPE,DL7719,P03,255,B,Slave,CI162,2025-11-19 19:15:00,2025-11-19 19:22:00,도착,I
하와이안 항공,TPE,HA2572,P03,255,B,Slave,CI162,2025-11-19 19:15:00,2025-11-19 19:22:00,도착,I
대한항공,TPE,KE5694,P03,255,B,Slave,CI162,2025-11-19 19:15:00,2025-11-19 19:22:00,도착,I
아시아나항공,HAN,OZ730,P01,6,B,Master,OZ730,2025-11-19 19:35:00,2025-11-19 19:25:00,도착,I
비엣젯항공,SGN,VJ860,P02,111,C,Master,VJ860,2025-11-19 19:25:00,2025-11-19 19:29:00,도착,I
중국동방항공,NKG,MU2921,P02,125,D,Master,MU2921,2025-11-19 19:50:00,2025-11-19 19:32:00,도착,I
대한항공,NKG,KE5896,P02,125,D,Slave,MU2921,2025-11-19 19:50:00,2025-11-19 19:32:00,도착,I
제주항공,MFM,7C6002,P01,1,B,Master,7C6002,2025-11-19 19:45:00,2025-11-19 19:33:00,도착,I
한 에어,MFM,H19961,P01,1,B,Slave,7C6002,2025-11-19 19:45:00,2025-11-19 19:33:00,도착,I
진에어,KIX,LJ236,P03,263,A,Master,LJ236,2025-11-19 19:45:00,2025-11-19 19:34:00,도착,I
대한항공,KIX,KE5072,P03,263,A,Slave,LJ236,2025-11-19 19:45:00,2025-11-19 19:34:00,도착,I
아시아나항공,PVG,OZ366,P01,3,B,Master,OZ366,2025-11-19 19:20:00,2025-11-19 19:39:00,도착,I
길상항공,PVG,HO3108,P01,3,B,Slave,OZ366,2025-11-19 19:20:00,2025-11-19 19:39:00,도착,I
알래스카 항공,HNL,AS859,P01,48,E,Master,AS859,2025-11-19 19:25:00,2025-11-19 19:38:00,도착,I
하와이안 항공,HNL,HA859,P01,48,E,Slave,AS859,2025-11-19 19:25:00,2025-11-19 19:38:00,도착,I
중국남방항공,PVG,CZ369,P02,123,D,Master,CZ369,2025-11-19 19:55:00,2025-11-19 19:44:00,도착,I
중국남방항공,YNJ,CZ6073,P02,124,D,Master,CZ6073,2025-11-19 20:15:00,2025-11-19 19:45:00,도착,I
제주항공,NGO,7C1204,P02,119,E,Master,7C1204,2025-11-19 19:55:00,2025-11-19 19:50:00,도착,I
한 에어,NGO,H19817,P02,119,E,Slave,7C1204,2025-11-19 19:55:00,2025-11-19 19:50:00,도착,I
아시아나항공,SGN,OZ732,P01,20,B,Master,OZ732,2025-11-19 19:20:00,2025-11-19 19:49:00,도착,I
에티하드 항공,SGN,EY8458,P01,20,B,Slave,OZ732,2025-11-19 19:20:00,2025-11-19 19:49:00,도착,I
진에어,GUM,LJ914,P03,252,A,Master,LJ914,2025-11-19 20:05:00,2025-11-19 19:52:00,도착,I
대한항공,GUM,KE5776,P03,252,A,Slave,LJ914,2025-11-19 20:05:00,2025-11-19 19:52:00,도착,I
대한항공,AKL,KE412,P03,236,A,Master,KE412,2025-11-19 19:40:00,2025-11-19 19:57:00,도착,I
KLM네덜란드항공,AKL,KL4253,P03,236,A,Slave,KE412,2025-11-19 19:40:00,2025-11-19 19:57:00,도착,I
버진 애트란틱항공,AKL,VS5528,P03,236,A,Slave,KE412,2025-11-19 19:40:00,2025-11-19 19:57:00,도착,I
이스타항공,KIX,ZE614,P02,114,C,Master,ZE614,2025-11-19 19:50:00,2025-11-19 19:57:00,도착,I
대한항공,NRT,KE712,P03,238,A,Master,KE712,2025-11-19 19:55:00,2025-11-19 20:00:00,도착,I
아에로멕시코,NRT,AM6706,P03,238,A,Slave,KE712,2025-11-19 19:55:00,2025-11-19 20:00:00,도착,I
델타항공,NRT,DL7896,P03,238,A,Slave,KE712,2025-11-19 19:55:00,2025-11-19 20:00:00,도착,I
일본항공,NRT,JL5251,P03,238,A,Slave,KE712,2025-11-19 19:55:00,2025-11-19 20:00:00,도착,I
산동항공,TAO,SC4617,P01,43,E,Master,SC4617,2025-11-19 20:10:00,2025-11-19 19:59:00,도착,I
아시아나항공,TAO,OZ6708,P01,43,E,Slave,SC4617,2025-11-19 20:10:00,2025-11-19 19:59:00,도착,I
중국국제항공,TAO,CA8879,P01,43,E,Slave,SC4617,2025-11-19 20:10:00,2025-11-19 19:59:00,도착,I
진에어,TAK,LJ360,P03,251,A,Master,LJ360,2025-11-19 20:15:00,2025-11-19 20:01:00,도착,I
세부퍼시픽항공,CEB,5J130,P02,106,C,Master,5J130,2025-11-19 20:25:00,2025-11-19 20:07:00,도착,I
제주항공,SPN,7C3212,P01,11,B,Master,7C3212,2025-11-19 20:25:00,2025-11-19 20:06:00,도착,I
대한항공,GUM,KE416,P03,248,A,Master,KE416,2025-11-19 20:40:00,2025-11-19 20:07:00,도착,I
델타항공,GUM,DL7828,P03,248,A,Slave,KE416,2025-11-19 20:40:00,2025-11-19 20:07:00,도착,I
피치항공,KIX,MM709,P02,110,B,Master,MM709,2025-11-19 20:15:00,2025-11-19 20:12:00,도착,I
에어부산,KIX,BX175,P03,277,A,Master,BX175,2025-11-19 20:45:00,2025-11-19 20:14:00,도착,I
중국남방항공,SHE,CZ671,P02,122,D,Master,CZ671,2025-11-19 20:50:00,2025-11-19 20:11:00,도착,I
에어서울,FUK,RS728,P03,279,A,Master,RS728,2025-11-19 20:25:00,2025-11-19 20:23:00,도착,I
제주항공,FUK,7C1408,P01,12,B,Master,7C1408,2025-11-19 20:15:00,2025-11-19 20:17:00,도착,I
한 에어,FUK,H19911,P01,12,B,Slave,7C1408,2025-11-19 20:15:00,2025-11-19 20:17:00,도착,I
중국동방항공,TAO,MU2043,P02,132,D,Master,MU2043,2025-11-19 20:40:00,2025-11-19 20:18:00,도착,I
대한항공,TAO,KE5870,P02,132,D,Slave,MU2043,2025-11-19 20:40:00,2025-11-19 20:18:00,도착,I
상하이항공,TAO,FM3075,P02,132,D,Slave,MU2043,2025-11-19 20:40:00,2025-11-19 20:18:00,도착,I
대한항공,OKA,KE2148,P03,219,A,Master,KE2148,2025-11-19 20:25:00,2025-11-19 20:19:00,도착,I
KLM네덜란드항공,OKA,KL9165,P03,219,A,Slave,KE2148,2025-11-19 20:25:00,2025-11-19 20:19:00,도착,I
일본항공,OKA,JL5275,P03,219,A,Slave,KE2148,2025-11-19 20:25:00,2025-11-19 20:19:00,도착,I
델타항공,OKA,DL7796,P03,219,A,Slave,KE2148,2025-11-19 20:25:00,2025-11-19 20:19:00,도착,I
버진 애트란틱항공,OKA,VS5514,P03,219,A,Slave,KE2148,2025-11-19 20:25:00,2025-11-19 20:19:00,도착,I
아시아나항공,CTS,OZ173,P01,15,B,Master,OZ173,2025-11-19 20:55:00,2025-11-19 20:19:00,도착,I
에티오피아항공,CTS,ET1293,P01,15,B,Slave,OZ173,2025-11-19 20:55:00,2025-11-19 20:19:00,도착,I
전일본공수,CTS,NH6997,P01,15,B,Slave,OZ173,2025-11-19 20:55:00,2025-11-19 20:19:00,도착,I
대한항공,UKB,KE2174,P03,221,A,Master,KE2174,2025-11-19 20:40:00,2025-11-19 20:29:00,도착,I
아시아나항공,NGO,OZ123,P01,18,B,Master,OZ123,2025-11-19 20:30:00,2025-11-19 20:29:00,도착,I
에티하드 항공,NGO,EY8472,P01,18,B,Slave,OZ123,2025-11-19 20:30:00,2025-11-19 20:29:00,도착,I
전일본공수,NGO,NH6965,P01,18,B,Slave,OZ123,2025-11-19 20:30:00,2025-11-19 20:29:00,도착,I
터키항공,NGO,TK8093,P01,18,B,Slave,OZ123,2025-11-19 20:30:00,2025-11-19 20:29:00,도착,I
대한항공,KMJ,KE2156,P03,222,A,Master,KE2156,2025-11-19 20:55:00,2025-11-19 20:35:00,도착,I
델타항공,KMJ,DL7930,P03,222,A,Slave,KE2156,2025-11-19 20:55:00,2025-11-19 20:35:00,도착,I
티웨이항공,KHH,TW672,P02,127,D,Master,TW672,2025-11-19 20:45:00,2025-11-19 20:31:00,도착,I
아시아나항공,TPE,OZ714,P01,7,B,Master,OZ714,2025-11-19 20:35:00,2025-11-19 20:32:00,도착,I
에바항공,TPE,BR2150,P01,7,B,Slave,OZ714,2025-11-19 20:35:00,2025-11-19 20:32:00,도착,I
대한항공,KIX,KE726,P03,247,A,Master,KE726,2025-11-19 20:25:00,2025-11-19 20:32:00,도착,I
델타항공,KIX,DL7788,P03,247,A,Slave,KE726,2025-11-19 20:25:00,2025-11-19 20:32:00,도착,I
일본항공,KIX,JL5215,P03,247,A,Slave,KE726,2025-11-19 20:25:00,2025-11-19 20:32:00,도착,I
몽골항공,KIX,OM6706,P03,247,A,Slave,KE726,2025-11-19 20:25:00,2025-11-19 20:32:00,도착,I
아시아나항공,PEK,OZ336,P01,8,B,Master,OZ336,2025-11-19 20:30:00,2025-11-19 20:33:00,도착,I
심천항공,PEK,ZH3309,P01,8,B,Slave,OZ336,2025-11-19 20:30:00,2025-11-19 20:33:00,도착,I
중국국제항공,PEK,CA5005,P01,8,B,Slave,OZ336,2025-11-19 20:30:00,2025-11-19 20:33:00,도착,I
산동항공,WUS,SC7685,P01,45,E,Master,SC7685,2025-11-19 20:45:00,2025-11-19 20:33:00,도착,I
젯스타,SYD,JQ047,P02,109,C,Master,JQ047,2025-11-19 20:15:00,2025-11-19 20:37:00,도착,I
핀에어,SYD,AY6440,P02,109,C,Slave,JQ047,2025-11-19 20:15:00,2025-11-19 20:37:00,도착,I
콴타스항공,SYD,QF5507,P02,109,C,Slave,JQ047,2025-11-19 20:15:00,2025-11-19 20:37:00,도착,I
중국동방항공,PVG,MU5051,P02,130,D,Master,MU5051,2025-11-19 20:45:00,2025-11-19 20:39:00,도착,I
대한항공,PVG,KE5880,P02,130,D,Slave,MU5051,2025-11-19 20:45:00,2025-11-19 20:39:00,도착,I
상하이항공,PVG,FM3069,P02,130,D,Slave,MU5051,2025-11-19 20:45:00,2025-11-19 20:39:00,도착,I
아시아나항공,BKK,OZ744,P01,9,B,Master,OZ744,2025-11-19 19:40:00,2025-11-19 20:46:00,도착,I
타이항공,BKK,TG6757,P01,9,B,Slave,OZ744,2025-11-19 19:40:00,2025-11-19 20:46:00,도착,I
말레이시아 항공,KUL,MH038,P01,24,B,Master,MH038,2025-11-19 20:55:00,2025-11-19 20:48:00,도착,I
카타르항공,KUL,QR4496,P01,24,B,Slave,MH038,2025-11-19 20:55:00,2025-11-19 20:48:00,도착,I
사천항공,DYG,3U3707,P01,47,E,Master,3U3707,2025-11-19 21:05:00,2025-11-19 20:48:00,도착,I
중국동방항공,YNT,MU5049,P02,121,D,Master,MU5049,2025-11-19 21:10:00,2025-11-19 20:58:00,도착,I
대한항공,YNT,KE5846,P02,121,D,Slave,MU5049,2025-11-19 21:10:00,2025-11-19 20:58:00,도착,I
제주항공,NRT,7C1108,P02,131,D,Master,7C1108,2025-11-19 21:05:00,2025-11-19 21:05:00,도착,I
한 에어,NRT,H19806,P02,131,D,Slave,7C1108,2025-11-19 21:05:00,2025-11-19 21:05:00,도착,I
티웨이항공,RMQ,TW670,P02,115,C,Master,TW670,2025-11-19 21:10:00,2025-11-19 21:03:00,도착,I
진에어,NGO,LJ348,P03,265,A,Master,LJ348,2025-11-19 21:25:00,2025-11-19 21:03:00,도착,I
대한항공,NGO,KE5082,P03,265,A,Slave,LJ348,2025-11-19 21:25:00,2025-11-19 21:03:00,도착,I
산동항공,TNA,SC8003,P01,34,E,Master,SC8003,2025-11-19 21:05:00,2025-11-19 21:04:00,도착,I
중국국제항공,TNA,CA8875,P01,34,E,Slave,SC8003,2025-11-19 21:05:00,2025-11-19 21:04:00,도착,I
아시아나항공,TNA,OZ6706,P01,34,E,Slave,SC8003,2025-11-19 21:05:00,2025-11-19 21:04:00,도착,I
제주항공,DAD,7C2212,P01,17,B,Master,7C2212,2025-11-19 20:45:00,2025-11-19 21:06:00,도착,I
한 에어,DAD,H19838,P01,17,B,Slave,7C2212,2025-11-19 20:45:00,2025-11-19 21:06:00,도착,I
홍콩익스프레스,HKG,UO626,P02,112,C,Master,UO626,2025-11-19 21:05:00,2025-11-19 21:12:00,도착,I
티웨이항공,KIX,TW306,P02,128,D,Master,TW306,2025-11-19 21:05:00,2025-11-19 21:12:00,도착,I
제주항공,FSZ,7C1604,P01,35,E,Master,7C1604,2025-11-19 21:15:00,2025-11-19 21:11:00,도착,I
한 에어,FSZ,H19928,P01,35,E,Slave,7C1604,2025-11-19 21:15:00,2025-11-19 21:11:00,도착,I
제주항공,KIX,7C1306,P01,23,B,Master,7C1306,2025-11-19 21:40:00,2025-11-19 21:22:00,도착,I
한 에어,KIX,H19815,P01,23,B,Slave,7C1306,2025-11-19 21:40:00,2025-11-19 21:22:00,도착,I
캐세이퍼시픽항공,HKG,CX416,P01,49,E,Master,CX416,2025-11-19 21:25:00,2025-11-19 21:28:00,도착,I
콴타스항공,HKG,QF8227,P01,49,E,Slave,CX416,2025-11-19 21:25:00,2025-11-19 21:28:00,도착,I
카타르항공,HKG,QR5832,P01,49,E,Slave,CX416,2025-11-19 21:25:00,2025-11-19 21:28:00,도착,I
스쿠트 항공,SIN,TR896,P02,108,B,Master,TR896,2025-11-19 21:45:00,2025-11-19 21:25:00,도착,I
아시아나항공,KIX,OZ113,P01,16,B,Master,OZ113,2025-11-19 21:30:00,2025-11-19 21:24:00,도착,I
전일본공수,KIX,NH6953,P01,16,B,Slave,OZ113,2025-11-19 21:30:00,2025-11-19 21:24:00,도착,I
에티하드 항공,KIX,EY8451,P01,16,B,Slave,OZ113,2025-11-19 21:30:00,2025-11-19 21:24:00,도착,I
이스타항공,CTS,ZE624,P02,105,C,Master,ZE624,2025-11-19 21:20:00,2025-11-19 21:28:00,도착,I
중국남방항공,CGO,CZ6009,P02,125,E,Master,CZ6009,2025-11-19 21:45:00,2025-11-19 21:36:00,도착,I
중국남방항공,CAN,CZ339,P02,126,E,Master,CZ339,2025-11-19 21:50:00,2025-11-19 21:36:00,도착,I
사천항공,CAN,3U7033,P02,126,E,Slave,CZ339,2025-11-19 21:50:00,2025-11-19 21:36:00,도착,I
진에어,FUK,LJ266,P03,255,A,Master,LJ266,2025-11-19 21:35:00,2025-11-19 21:36:00,도착,I
대한항공,FUK,KE5078,P03,255,A,Slave,LJ266,2025-11-19 21:35:00,2025-11-19 21:36:00,도착,I
에어부산,NRT,BX165,P03,276,A,Master,BX165,2025-11-19 22:05:00,2025-11-19 21:42:00,도착,I
진에어,NRT,LJ208,P03,264,A,Master,LJ208,2025-11-19 21:40:00,2025-11-19 21:38:00,도착,I
싱가포르항공,SIN,SQ606,P01,33,E,Master,SQ606,2025-11-19 22:00:00,2025-11-19 21:41:00,도착,I
에어인디아 리미티드,SIN,AI8170,P01,33,E,Slave,SQ606,2025-11-19 22:00:00,2025-11-19 21:41:00,도착,I
아시아나항공,SIN,OZ6784,P01,33,E,Slave,SQ606,2025-11-19 22:00:00,2025-11-19 21:41:00,도착,I
버진 오스트레일리아,SIN,VA5676,P01,33,E,Slave,SQ606,2025-11-19 22:00:00,2025-11-19 21:41:00,도착,I
비엣젯항공,DAD,VJ874,P02,104,B,Master,VJ874,2025-11-19 21:30:00,2025-11-19 21:44:00,도착,I
피치항공,KIX,MM711,P02,110,B,Master,MM711,2025-11-19 21:55:00,2025-11-19 21:48:00,도착,I
대한항공,PEK,KE860,P03,235,A,Master,KE860,2025-11-19 21:55:00,2025-11-19 21:46:00,도착,I
샤먼항공,PEK,MF9099,P03,235,A,Slave,KE860,2025-11-19 21:55:00,2025-11-19 21:46:00,도착,I
이스타항공,FUK,ZE650,P02,114,B,Master,ZE650,2025-11-19 22:00:00,2025-11-19 21:47:00,도착,I
진에어,RMQ,LJ738,P03,251,A,Master,LJ738,2025-11-19 22:05:00,2025-11-19 21:57:00,도착,I
티웨이항공,YVR,TW532,P01,26,B,Master,TW532,2025-11-19 21:35:00,2025-11-19 22:01:00,도착,I
이스타항공,NRT,ZE604,P02,118,E,Master,ZE604,2025-11-19 21:35:00,2025-11-19 22:02:00,도착,I
티웨이항공,FUK,TW208,P02,103,B,Master,TW208,2025-11-19 22:10:00,2025-11-19 22:04:00,도착,I
티웨이항공,NRT,TW246,P02,102,B,Master,TW246,2025-11-19 21:50:00,2025-11-19 22:06:00,도착,I
중국남방항공,PKX,CZ315,P02,113,B,Master,CZ315,2025-11-19 22:15:00,2025-11-19 22:02:00,도착,I
대한항공,DAD,KE458,P03,249,A,Master,KE458,2025-11-19 22:05:00,2025-11-19 22:04:00,도착,I
델타항공,DAD,DL7810,P03,249,A,Slave,KE458,2025-11-19 22:05:00,2025-11-19 22:04:00,도착,I
베트남항공,DAD,VN3442,P03,249,A,Slave,KE458,2025-11-19 22:05:00,2025-11-19 22:04:00,도착,I
중국동방항공,KMG,MU2003,P02,122,D,Master,MU2003,2025-11-19 22:45:00,2025-11-19 22:15:00,도착,I
대한항공,KMG,KE5856,P02,122,D,Slave,MU2003,2025-11-19 22:45:00,2025-11-19 22:15:00,도착,I
아시아나항공,NRT,OZ105,P01,14,B,Master,OZ105,2025-11-19 22:25:00,2025-11-19 22:19:00,도착,I
에티하드 항공,NRT,EY8452,P01,14,B,Slave,OZ105,2025-11-19 22:25:00,2025-11-19 22:19:00,도착,I
전일본공수,NRT,NH6975,P01,14,B,Slave,OZ105,2025-11-19 22:25:00,2025-11-19 22:19:00,도착,I
에어 뉴질랜드,NRT,NZ4055,P01,14,B,Slave,OZ105,2025-11-19 22:25:00,2025-11-19 22:19:00,도착,I
유나이티드항공,NRT,UA7299,P01,14,B,Slave,OZ105,2025-11-19 22:25:00,2025-11-19 22:19:00,도착,I
몽골항공,UBN,OM307,P01,21,B,Master,OM307,2025-11-19 22:40:00,2025-11-19 22:22:00,도착,I
에티하드 항공,AUH,EY826,P01,30,B,Master,EY826,2025-11-19 21:55:00,2025-11-19 22:30:00,도착,I
플라이나스,AUH,XY3858,P01,30,B,Slave,EY826,2025-11-19 21:55:00,2025-11-19 22:30:00,도착,I
로얄 요르단 항공,AUH,RJ3631,P01,30,B,Slave,EY826,2025-11-19 21:55:00,2025-11-19 22:30:00,도착,I
아시아나항공,AUH,OZ6969,P01,30,B,Slave,EY826,2025-11-19 21:55:00,2025-11-19 22:30:00,도착,I
이집트항공,AUH,MS8410,P01,30,B,Slave,EY826,2025-11-19 21:55:00,2025-11-19 22:30:00,도착,I
오만항공,AUH,WY5126,P01,30,B,Slave,EY826,2025-11-19 21:55:00,2025-11-19 22:30:00,도착,I
제주항공,NRT,7C1122,P01,38,B,Master,7C1122,2025-11-19 22:50:00,2025-11-19 22:32:00,도착,I
한 에어,NRT,H19762,P01,38,B,Slave,7C1122,2025-11-19 22:50:00,2025-11-19 22:32:00,도착,I
중국국제항공,PEK,CA709,P01,22,B,Master,CA709,2025-11-19 21:55:00,2025-11-19 22:36:00,도착,I
아시아나항공,PEK,OZ6806,P01,22,B,Slave,CA709,2025-11-19 21:55:00,2025-11-19 22:36:00,도착,I
대한항공,FUK,KE782,P03,220,A,Master,KE782,2025-11-19 22:35:00,2025-11-19 22:35:00,도착,I
델타항공,FUK,DL7798,P03,220,A,Slave,KE782,2025-11-19 22:35:00,2025-11-19 22:35:00,도착,I
일본항공,FUK,JL5225,P03,220,A,Slave,KE782,2025-11-19 22:35:00,2025-11-19 22:35:00,도착,I
KLM네덜란드항공,FUK,KL4259,P03,220,A,Slave,KE782,2025-11-19 22:35:00,2025-11-19 22:35:00,도착,I
몽골항공,FUK,OM6712,P03,220,A,Slave,KE782,2025-11-19 22:35:00,2025-11-19 22:35:00,도착,I
에어마카오,MFM,NX826,P01,9,B,Master,NX826,2025-11-19 22:45:00,2025-11-19 22:42:00,도착,I
아시아나항공,MFM,OZ6866,P01,9,B,Slave,NX826,2025-11-19 22:45:00,2025-11-19 22:42:00,도착,I
대한항공,TPE,KE2028,P03,238,A,Master,KE2028,2025-11-19 22:55:00,2025-11-19 23:01:00,도착,I
델타항공,TPE,DL7778,P03,238,A,Slave,KE2028,2025-11-19 22:55:00,2025-11-19 23:01:00,도착,I
중화항공,TPE,CI9066,P03,238,A,Slave,KE2028,2025-11-19 22:55:00,2025-11-19 23:01:00,도착,I
에티오피아항공,NRT,ET673,P01,12,B,Master,ET673,2025-11-19 23:00:00,2025-11-19 23:08:00,도착,I
전일본공수,NRT,NH5341,P01,12,B,Slave,ET673,2025-11-19 23:00:00,2025-11-19 23:08:00,도착,I
대한항공,HKG,KE2006,P03,246,A,Master,KE2006,2025-11-19 22:45:00,2025-11-19 23:15:00,도착,I
델타항공,HKG,DL7914,P03,246,A,Slave,KE2006,2025-11-19 22:45:00,2025-11-19 23:15:00,도착,I
대한항공,NRT,KE714,P03,245,A,Master,KE714,2025-11-19 23:25:00,2025-11-19 23:25:00,도착,I
에어 프랑스,NRT,AF5377,P03,245,A,Slave,KE714,2025-11-19 23:25:00,2025-11-19 23:25:00,도착,I
아에로멕시코,NRT,AM6707,P03,245,A,Slave,KE714,2025-11-19 23:25:00,2025-11-19 23:25:00,도착,I
델타항공,NRT,DL7902,P03,245,A,Slave,KE714,2025-11-19 23:25:00,2025-11-19 23:25:00,도착,I
일본항공,NRT,JL5253,P03,245,A,Slave,KE714,2025-11-19 23:25:00,2025-11-19 23:25:00,도착,I
에어 타히티 누이,NRT,TN1576,P03,245,A,Slave,KE714,2025-11-19 23:25:00,2025-11-19 23:25:00,도착,I
타이거에어 타이완,TPE,IT602,P02,111,B,Master,IT602,2025-11-19 23:30:00,2025-11-19 23:22:00,도착,I
에어로케이항공,KIX,RF313T,P02,108,B,Master,RF313T,2025-11-19 23:55:00,2025-11-19 23:35:00,도착,I
에어서울,GUM,RS106,P03,281,A,Master,RS106,2025-11-19 23:05:00,2025-11-19 23:42:00,도착,I
이스타항공,CJU,ZE152,P01,1,국내선,Master,ZE152,2025-11-19 23:45:00,2025-11-19 23:45:00,도착,D
에어서울,NRT,RS704Y,P03,279,A,Master,RS704Y,2025-11-20 00:50:00,2025-11-20 00:43:00,도착,I
세부퍼시픽항공,MNL,5J188,P02,110,B,Master,5J188,2025-11-20 00:45:00,2025-11-20 00:43:00,도착,I
홍콩익스프레스,HKG,UO614,P02,114,B,Master,UO614,2025-11-20 01:35:00,2025-11-20 01:20:00,도착,I
캐세이퍼시픽항공,HKG,CX5614,P02,114,B,Slave,UO614,2025-11-20 01:35:00,2025-11-20 01:20:00,도착,I
비엣젯항공,PQC,VJ974,P02,111,B,Master,VJ974,2025-11-20 00:30:00,2025-11-20 01:50:00,도착,I
비엣젯항공,PQC,VJ978,P02,113,B,Master,VJ978,2025-11-20 01:20:00,2025-11-20 02:30:00,도착,I
비엣젯항공,PQC,VJ976,P02,107,B,Master,VJ976,2025-11-20 04:00:00,2025-11-20 03:35:00,도착,I
대한항공,AUH,KE2444,P03,225,A,Master,KE2444,2025-11-20 03:35:00,2025-11-20 03:51:00,도착,I
아시아나항공,HND,OZ177,P01,16,B,Master,OZ177,2025-11-20 04:10:00,2025-11-20 04:06:00,도착,I
전일본공수,HND,NH6895,P01,16,B,Slave,OZ177,2025-11-20 04:10:00,2025-11-20 04:06:00,도착,I
제주항공,MNL,7C2104,P02,105,B,Master,7C2104,2025-11-20 04:10:00,2025-11-20 04:05:00,도착,I
한 에어,MNL,H19754,P02,105,B,Slave,7C2104,2025-11-20 04:10:00,2025-11-20 04:05:00,도착,I
대한항공,PEK,KE864,P03,233,A,Master,KE864,2025-11-20 04:20:00,2025-11-20 04:05:00,도착,I
샤먼항공,PEK,MF9095,P03,233,A,Slave,KE864,2025-11-20 04:20:00,2025-11-20 04:05:00,도착,I
진에어,GUM,LJ920,P03,260,A,Master,LJ920,2025-11-20 04:15:00,2025-11-20 04:11:00,도착,I
비엣젯항공,CXR,VJ836,P02,104,B,Master,VJ836,2025-11-20 04:30:00,2025-11-20 04:15:00,도착,I
베트남항공,CXR,VN440,P02,110,B,Master,VN440,2025-11-20 04:25:00,2025-11-20 04:22:00,도착,I
대한항공,CXR,KE5680,P02,110,B,Slave,VN440,2025-11-20 04:25:00,2025-11-20 04:22:00,도착,I
대한항공,GUM,KE418,P03,239,A,Master,KE418,2025-11-20 04:50:00,2025-11-20 04:26:00,도착,I
델타항공,GUM,DL7830,P03,239,A,Slave,KE418,2025-11-20 04:50:00,2025-11-20 04:26:00,도착,I
피치항공,HND,MM809,P02,109,B,Master,MM809,2025-11-20 04:40:00,2025-11-20 04:28:00,도착,I
진에어,CNX,LJ010,P03,247,A,Master,LJ010,2025-11-20 04:45:00,2025-11-20 04:28:00,도착,I
대한항공,CNX,KE5090,P03,247,A,Slave,LJ010,2025-11-20 04:45:00,2025-11-20 04:28:00,도착,I
대한항공,HND,KE752,P03,221,A,Master,KE752,2025-11-20 04:50:00,2025-11-20 04:39:00,도착,I
버진 애트란틱항공,HND,VS5530,P03,221,A,Slave,KE752,2025-11-20 04:50:00,2025-11-20 04:39:00,도착,I
에어 프랑스,HND,AF5367,P03,221,A,Slave,KE752,2025-11-20 04:50:00,2025-11-20 04:39:00,도착,I
일본항공,HND,JL5257,P03,221,A,Slave,KE752,2025-11-20 04:50:00,2025-11-20 04:39:00,도착,I
대한항공,MNL,KE624,P03,241,A,Master,KE624,2025-11-20 04:25:00,2025-11-20 04:30:00,도착,I
대한항공,KMG,KE162,P03,250,A,Master,KE162,2025-11-20 05:05:00,2025-11-20 04:33:00,도착,I
중국동방항공,KMG,MU8967,P03,250,A,Slave,KE162,2025-11-20 05:05:00,2025-11-20 04:33:00,도착,I
티웨이항공,HKG,TW644,P01,26,B,Master,TW644,2025-11-20 05:00:00,2025-11-20 04:35:00,도착,I
대한항공,BKK,KE658,P03,234,A,Master,KE658,2025-11-20 04:45:00,2025-11-20 04:42:00,도착,I
케냐항공,BKK,KQ5150,P03,234,A,Slave,KE658,2025-11-20 04:45:00,2025-11-20 04:42:00,도착,I
델타항공,BKK,DL7858,P03,234,A,Slave,KE658,2025-11-20 04:45:00,2025-11-20 04:42:00,도착,I
에어프레미아,DAD,YP622,P01,32,E,Master,YP622,2025-11-20 05:15:00,2025-11-20 04:44:00,도착,I
대한항공,LAX,KE012,P03,232,A,Master,KE012,2025-11-20 05:10:00,2025-11-20 04:45:00,도착,I
아에로멕시코,LAX,AM6701,P03,232,A,Slave,KE012,2025-11-20 05:10:00,2025-11-20 04:45:00,도착,I
델타항공,LAX,DL7834,P03,232,A,Slave,KE012,2025-11-20 05:10:00,2025-11-20 04:45:00,도착,I
란항공,LAX,LA8425,P03,232,A,Slave,KE012,2025-11-20 05:10:00,2025-11-20 04:45:00,도착,I
아시아나항공,SEA,OZ271,P01,19,B,Master,OZ271,2025-11-20 05:20:00,2025-11-20 04:49:00,도착,I
싱가포르항공,SEA,SQ5771,P01,19,B,Slave,OZ271,2025-11-20 05:20:00,2025-11-20 04:49:00,도착,I
타이항공,SEA,TG6752,P01,19,B,Slave,OZ271,2025-11-20 05:20:00,2025-11-20 04:49:00,도착,I
유나이티드항공,SEA,UA7292,P01,19,B,Slave,OZ271,2025-11-20 05:20:00,2025-11-20 04:49:00,도착,I
아시아나항공,MNL,OZ704,P01,24,B,Master,OZ704,2025-11-20 05:00:00,2025-11-20 04:52:00,도착,I
바틱 에어 말레이시아,BKI,OD822,P01,46,E,Master,OD822,2025-11-20 04:55:00,2025-11-20 04:53:00,도착,I
델타항공,ATL,DL027,P03,256,B,Master,DL027,2025-11-20 05:45:00,2025-11-20 04:53:00,도착,I
대한항공,ATL,KE5036,P03,256,B,Slave,DL027,2025-11-20 05:45:00,2025-11-20 04:53:00,도착,I
대한항공,LAS,KE006,P03,242,A,Master,KE006,2025-11-20 05:20:00,2025-11-20 04:54:00,도착,I
델타항공,LAS,DL7832,P03,242,A,Slave,KE006,2025-11-20 05:20:00,2025-11-20 04:54:00,도착,I
비엣젯항공,DAD,VJ880,P02,127,E,Master,VJ880,2025-11-20 05:05:00,2025-11-20 04:58:00,도착,I
아시아나항공,UBN,OZ568,P01,9,B,Master,OZ568,2025-11-20 05:00:00,2025-11-20 04:57:00,도착,I
에티하드 항공,UBN,EY8461,P01,9,B,Slave,OZ568,2025-11-20 05:00:00,2025-11-20 04:57:00,도착,I
아시아나항공,HKG,OZ746,P01,8,B,Master,OZ746,2025-11-20 05:00:00,2025-11-20 05:00:00,도착,I
홍콩항공,HKG,HX1566,P01,8,B,Slave,OZ746,2025-11-20 05:00:00,2025-11-20 05:00:00,도착,I
유나이티드항공,HKG,UA7307,P01,8,B,Slave,OZ746,2025-11-20 05:00:00,2025-11-20 05:00:00,도착,I
유나이티드항공,SFO,UA805,P01,39,E,Master,UA805,2025-11-20 05:40:00,2025-11-20 05:03:00,도착,I
아시아나항공,SFO,OZ6621,P01,39,E,Slave,UA805,2025-11-20 05:40:00,2025-11-20 05:03:00,도착,I
대한항공,HAN,KE448,P03,231,A,Master,KE448,2025-11-20 04:55:00,2025-11-20 05:07:00,도착,I
델타항공,HAN,DL7808,P03,231,A,Slave,KE448,2025-11-20 04:55:00,2025-11-20 05:07:00,도착,I
웨스트젯,HAN,WS6038,P03,231,A,Slave,KE448,2025-11-20 04:55:00,2025-11-20 05:07:00,도착,I
버진 애트란틱항공,HAN,VS5518,P03,231,A,Slave,KE448,2025-11-20 04:55:00,2025-11-20 05:07:00,도착,I
베트남항공,HAN,VN3410,P03,231,A,Slave,KE448,2025-11-20 04:55:00,2025-11-20 05:07:00,도착,I
이스타항공,CNX,ZE518,P02,125,D,Master,ZE518,2025-11-20 05:30:00,2025-11-20 05:07:00,도착,I
아시아나항공,DAD,OZ756,P01,18,B,Master,OZ756,2025-11-20 05:40:00,2025-11-20 05:12:00,도착,I
에어캐나다,DAD,AC6972,P01,18,B,Slave,OZ756,2025-11-20 05:40:00,2025-11-20 05:12:00,도착,I
아시아나항공,CAN,OZ358,P01,14,B,Master,OZ358,2025-11-20 05:40:00,2025-11-20 05:14:00,도착,I
심천항공,CAN,ZH3291,P01,14,B,Slave,OZ358,2025-11-20 05:40:00,2025-11-20 05:14:00,도착,I
에어프레미아,EWR,YP132,P01,12,B,Master,YP132,2025-11-20 05:40:00,2025-11-20 05:18:00,도착,I
대한항공,JFK,KE086,P03,224,A,Master,KE086,2025-11-20 06:30:00,2025-11-20 05:24:00,도착,I
델타항공,JFK,DL7844,P03,224,A,Slave,KE086,2025-11-20 06:30:00,2025-11-20 05:24:00,도착,I
대한항공,CEB,KE602,P03,258,B,Master,KE602,2025-11-20 05:35:00,2025-11-20 05:20:00,도착,I
대한항공,DAD,KE460,P03,281,B,Master,KE460,2025-11-20 05:35:00,2025-11-20 05:27:00,도착,I
델타항공,DAD,DL7812,P03,281,B,Slave,KE460,2025-11-20 05:35:00,2025-11-20 05:27:00,도착,I
웨스트젯,DAD,WS6072,P03,281,B,Slave,KE460,2025-11-20 05:35:00,2025-11-20 05:27:00,도착,I
버진 애트란틱항공,DAD,VS5522,P03,281,B,Slave,KE460,2025-11-20 05:35:00,2025-11-20 05:27:00,도착,I
베트남항공,DAD,VN3441,P03,281,B,Slave,KE460,2025-11-20 05:35:00,2025-11-20 05:27:00,도착,I
에어부산,BKK,BX728,P03,278,B,Master,BX728,2025-11-20 06:05:00,2025-11-20 05:30:00,도착,I
세부퍼시픽항공,MNL,5J186,P02,103,C,Master,5J186,2025-11-20 05:30:00,2025-11-20 05:32:00,도착,I
대한항공,HKG,KE2012,P03,266,B,Master,KE2012,2025-11-20 05:20:00,2025-11-20 05:34:00,도착,I
델타항공,HKG,DL7774,P03,266,B,Slave,KE2012,2025-11-20 05:20:00,2025-11-20 05:34:00,도착,I
웨스트젯,HKG,WS6036,P03,266,B,Slave,KE2012,2025-11-20 05:20:00,2025-11-20 05:34:00,도착,I
버진 애트란틱항공,HKG,VS5516,P03,266,B,Slave,KE2012,2025-11-20 05:20:00,2025-11-20 05:34:00,도착,I
에어아시아 버하드,BKI,AK1623,P02,117,D,Master,AK1623,2025-11-20 05:55:00,2025-11-20 05:37:00,도착,I
필리핀항공,CEB,PR486,P01,48,E,Master,PR486,2025-11-20 06:00:00,2025-11-20 05:36:00,도착,I
비엣젯항공,CXR,VJ834,P02,112,C,Master,VJ834,2025-11-20 05:35:00,2025-11-20 05:38:00,도착,I
베트남항공,DAD,VN430,P02,106,C,Master,VN430,2025-11-20 05:45:00,2025-11-20 05:38:00,도착,I
대한항공,SIN,KE644,P03,261,B,Master,KE644,2025-11-20 05:45:00,2025-11-20 05:43:00,도착,I
델타항공,SIN,DL7820,P03,261,B,Slave,KE644,2025-11-20 05:45:00,2025-11-20 05:43:00,도착,I
스리랑카항공,SIN,UL3816,P03,261,B,Slave,KE644,2025-11-20 05:45:00,2025-11-20 05:43:00,도착,I
웨스트젯,SIN,WS6032,P03,261,B,Slave,KE644,2025-11-20 05:45:00,2025-11-20 05:43:00,도착,I
이스타항공,PVG,ZE872,P02,126,D,Master,ZE872,2025-11-20 05:25:00,2025-11-20 05:43:00,도착,I
진에어,PQC,LJ092,P03,252,B,Master,LJ092,2025-11-20 05:40:00,2025-11-20 05:42:00,도착,I
티웨이항공,DAD,TW012,P02,129,D,Master,TW012,2025-11-20 06:05:00,2025-11-20 05:48:00,도착,I
베트남항공,HAN,VN416,P02,111,C,Master,VN416,2025-11-20 05:30:00,2025-11-20 05:51:00,도착,I
진에어,KWL,LJ884,P03,253,B,Master,LJ884,2025-11-20 06:05:00,2025-11-20 05:48:00,도착,I
제주항공,KWL,7C8612,P01,37,E,Master,7C8612,2025-11-20 06:40:00,2025-11-20 05:53:00,도착,I
한 에어,KWL,H19863,P01,37,E,Slave,7C8612,2025-11-20 06:40:00,2025-11-20 05:53:00,도착,I
이스타항공,BKK,ZE512,P02,124,D,Master,ZE512,2025-11-20 06:20:00,2025-11-20 05:56:00,도착,I
아시아나항공,HAN,OZ734,P01,6,B,Master,OZ734,2025-11-20 05:45:00,2025-11-20 05:56:00,도착,I
에어캐나다,HAN,AC6985,P01,6,B,Slave,OZ734,2025-11-20 05:45:00,2025-11-20 05:56:00,도착,I
유나이티드항공,HAN,UA7313,P01,6,B,Slave,OZ734,2025-11-20 05:45:00,2025-11-20 05:56:00,도착,I
비엣젯항공,HPH,VJ926,P02,123,E,Master,VJ926,2025-11-20 06:00:00,2025-11-20 05:57:00,도착,I
바틱 에어 말레이시아,KUL,OD820,P01,43,E,Master,OD820,2025-11-20 05:50:00,2025-11-20 05:59:00,도착,I
아시아나항공,LAX,OZ203,P01,17,B,Master,OZ203,2025-11-20 05:55:00,2025-11-20 06:02:00,도착,I
타이항공,LAX,TG6742,P01,17,B,Slave,OZ203,2025-11-20 05:55:00,2025-11-20 06:02:00,도착,I
유나이티드항공,LAX,UA7288,P01,17,B,Slave,OZ203,2025-11-20 05:55:00,2025-11-20 06:02:00,도착,I
코파항공,LAX,CM8003,P01,17,B,Slave,OZ203,2025-11-20 05:55:00,2025-11-20 06:02:00,도착,I
싱가포르항공,LAX,SQ5703,P01,17,B,Slave,OZ203,2025-11-20 05:55:00,2025-11-20 06:02:00,도착,I
아시아나항공,HKT,OZ726,P01,21,B,Master,OZ726,2025-11-20 06:35:00,2025-11-20 06:04:00,도착,I
진에어,BKK,LJ002,P03,263,B,Master,LJ002,2025-11-20 06:05:00,2025-11-20 06:05:00,도착,I
대한항공,BKK,KE5066,P03,263,B,Slave,LJ002,2025-11-20 06:05:00,2025-11-20 06:05:00,도착,I
대한항공,MNL,KE626,P03,234,A,Master,KE626,2025-11-20 06:00:00,2025-11-20 06:08:00,도착,I
에어아시아엑스,KUL,D7504,P02,107,B,Master,D7504,2025-11-20 06:20:00,2025-11-20 06:10:00,도착,I
대한항공,GUM,KE8426,P03,267,B,Master,KE8426,2025-11-20 06:25:00,2025-11-20 06:09:00,도착,I
티웨이항공,BKI,TW154,P02,115,C,Master,TW154,2025-11-20 06:15:00,2025-11-20 06:11:00,도착,I
대한항공,CXR,KE468,P03,275,B,Master,KE468,2025-11-20 06:05:00,2025-11-20 06:17:00,도착,I
델타항공,CXR,DL7814,P03,275,B,Slave,KE468,2025-11-20 06:05:00,2025-11-20 06:17:00,도착,I
베트남항공,CXR,VN3408,P03,275,B,Slave,KE468,2025-11-20 06:05:00,2025-11-20 06:17:00,도착,I
이스타항공,PQC,ZE582,P02,114,C,Master,ZE582,2025-11-20 05:30:00,2025-11-20 06:12:00,도착,I
대한항공,DEL,KE498,P03,257,B,Master,KE498,2025-11-20 06:05:00,2025-11-20 06:14:00,도착,I
델타항공,DEL,DL7818,P03,257,B,Slave,KE498,2025-11-20 06:05:00,2025-11-20 06:14:00,도착,I
필리핀항공,MNL,PR400,P01,50,E,Master,PR400,2025-11-20 06:10:00,2025-11-20 06:20:00,도착,I
아시아나항공,CRK,OZ708,P01,20,B,Master,OZ708,2025-11-20 06:40:00,2025-11-20 06:21:00,도착,I
라오항공,VTE,QV923,P01,42,E,Master,QV923,2025-11-20 07:05:00,2025-11-20 06:22:00,도착,I
대한항공,BKK,KE652,P03,221,A,Master,KE652,2025-11-20 06:35:00,2025-11-20 06:31:00,도착,I
델타항공,BKK,DL7854,P03,221,A,Slave,KE652,2025-11-20 06:35:00,2025-11-20 06:31:00,도착,I
하와이안 항공,BKK,HA6010,P03,221,A,Slave,KE652,2025-11-20 06:35:00,2025-11-20 06:31:00,도착,I
웨스트젯,BKK,WS6042,P03,221,A,Slave,KE652,2025-11-20 06:35:00,2025-11-20 06:31:00,도착,I
티웨이항공,SIN,TW162,P02,130,D,Master,TW162,2025-11-20 06:35:00,2025-11-20 06:30:00,도착,I
말레이시아 항공,KUL,MH066,P01,49,E,Master,MH066,2025-11-20 06:30:00,2025-11-20 06:33:00,도착,I
대한항공,KUL,KE5672,P01,49,E,Slave,MH066,2025-11-20 06:30:00,2025-11-20 06:33:00,도착,I
카타르항공,KUL,QR5397,P01,49,E,Slave,MH066,2025-11-20 06:30:00,2025-11-20 06:33:00,도착,I
스리랑카항공,KUL,UL2766,P01,49,E,Slave,MH066,2025-11-20 06:30:00,2025-11-20 06:33:00,도착,I
에어부산,VTE,BX742,P03,280,B,Master,BX742,2025-11-20 06:55:00,2025-11-20 06:38:00,도착,I
아시아나항공,VTE,OZ9252,P03,280,B,Slave,BX742,2025-11-20 06:55:00,2025-11-20 06:38:00,도착,I
대한항공,CGK,KE438,P03,242,A,Master,KE438,2025-11-20 06:50:00,2025-11-20 06:36:00,도착,I
델타항공,CGK,DL7932,P03,242,A,Slave,KE438,2025-11-20 06:50:00,2025-11-20 06:36:00,도착,I
가루다인도네시아,CGK,GA9726,P03,242,A,Slave,KE438,2025-11-20 06:50:00,2025-11-20 06:36:00,도착,I
진에어,GUM,LJ918,P03,251,B,Master,LJ918,2025-11-20 06:45:00,2025-11-20 06:36:00,도착,I
아시아나항공,HKT,OZ748,P01,26,B,Master,OZ748,2025-11-20 07:15:00,2025-11-20 06:40:00,도착,I
타이항공,BKK,TG658,P01,31,E,Master,TG658,2025-11-20 06:35:00,2025-11-20 06:41:00,도착,I
제주항공,CEB,7C2114,P02,108,C,Master,7C2114,2025-11-20 07:05:00,2025-11-20 06:40:00,도착,I
한 에어,CEB,H19809,P02,108,C,Slave,7C2114,2025-11-20 07:05:00,2025-11-20 06:40:00,도착,I
제주항공,CRK,7C2108,P01,1,B,Master,7C2108,2025-11-20 06:20:00,2025-11-20 06:34:00,도착,I
한 에어,CRK,H19856,P01,1,B,Slave,7C2108,2025-11-20 06:20:00,2025-11-20 06:34:00,도착,I
대한항공,CNX,KE684,P03,239,A,Master,KE684,2025-11-20 07:05:00,2025-11-20 06:48:00,도착,I
델타항공,CNX,DL7927,P03,239,A,Slave,KE684,2025-11-20 07:05:00,2025-11-20 06:48:00,도착,I
아시아나항공,SIN,OZ752,P01,33,E,Master,OZ752,2025-11-20 06:50:00,2025-11-20 06:54:00,도착,I
에어캐나다,SIN,AC6995,P01,33,E,Slave,OZ752,2025-11-20 06:50:00,2025-11-20 06:54:00,도착,I
싱가포르항공,SIN,SQ5752,P01,33,E,Slave,OZ752,2025-11-20 06:50:00,2025-11-20 06:54:00,도착,I
에어서울,GUM,RS102,P03,276,B,Master,RS102,2025-11-20 05:50:00,2025-11-20 07:05:00,도착,I
에어 아스타나,NQZ,KC209,P01,47,E,Master,KC209,2025-11-20 06:50:00,2025-11-20 06:57:00,도착,I
캐세이퍼시픽항공,NQZ,CX6229,P01,47,E,Slave,KC209,2025-11-20 06:50:00,2025-11-20 06:57:00,도착,I
아시아나항공,NQZ,OZ6964,P01,47,E,Slave,KC209,2025-11-20 06:50:00,2025-11-20 06:57:00,도착,I
제주항공,PQC,7C2316,P01,45,E,Master,7C2316,2025-11-20 06:25:00,2025-11-20 06:59:00,도착,I
한 에어,PQC,H19982,P01,45,E,Slave,7C2316,2025-11-20 06:25:00,2025-11-20 06:59:00,도착,I
타이항공,BKK,TG656,P01,30,E,Master,TG656,2025-11-20 06:55:00,2025-11-20 07:02:00,도착,I
대한항공,PQC,KE486,P03,232,A,Master,KE486,2025-11-20 06:45:00,2025-11-20 07:08:00,도착,I
델타항공,PQC,DL7866,P03,232,A,Slave,KE486,2025-11-20 06:45:00,2025-11-20 07:08:00,도착,I
베트남항공,PQC,VN3414,P03,232,A,Slave,KE486,2025-11-20 06:45:00,2025-11-20 07:08:00,도착,I
대한항공,HKT,KE678,P03,267,B,Master,KE678,2025-11-20 07:35:00,2025-11-20 07:14:00,도착,I
델타항공,HKT,DL7937,P03,267,B,Slave,KE678,2025-11-20 07:35:00,2025-11-20 07:14:00,도착,I
베트남항공,SGN,VN408,P02,113,C,Master,VN408,2025-11-20 06:30:00,2025-11-20 07:21:00,도착,I
대한항공,SGN,KE476,P03,258,B,Master,KE476,2025-11-20 06:45:00,2025-11-20 07:14:00,도착,I
델타항공,SGN,DL7926,P03,258,B,Slave,KE476,2025-11-20 06:45:00,2025-11-20 07:14:00,도착,I
베트남항공,SGN,VN3400,P03,258,B,Slave,KE476,2025-11-20 06:45:00,2025-11-20 07:14:00,도착,I
버진 애트란틱항공,SGN,VS5520,P03,258,B,Slave,KE476,2025-11-20 06:45:00,2025-11-20 07:14:00,도착,I
웨스트젯,SGN,WS6040,P03,258,B,Slave,KE476,2025-11-20 06:45:00,2025-11-20 07:14:00,도착,I
제주항공,DPS,7C2712,P02,110,C,Master,7C2712,2025-11-20 07:10:00,2025-11-20 07:17:00,도착,I
한 에어,DPS,H19951,P02,110,C,Slave,7C2712,2025-11-20 07:10:00,2025-11-20 07:17:00,도착,I
제주항공,CNX,7C2516,P02,104,C,Master,7C2516,2025-11-20 07:30:00,2025-11-20 07:28:00,도착,I
한 에어,CNX,H19915,P02,104,C,Slave,7C2516,2025-11-20 07:30:00,2025-11-20 07:28:00,도착,I
아시아나항공,CGK,OZ762,P01,23,B,Master,OZ762,2025-11-20 07:40:00,2025-11-20 07:28:00,도착,I
비엣젯항공,HAN,VJ960,P02,117,D,Master,VJ960,2025-11-20 07:55:00,2025-11-20 07:30:00,도착,I
대한항공,KUL,KE428,P03,275,B,Master,KE428,2025-11-20 07:15:00,2025-11-20 07:37:00,도착,I
델타항공,KUL,DL7912,P03,275,B,Slave,KE428,2025-11-20 07:15:00,2025-11-20 07:37:00,도착,I
말레이시아 항공,KUL,MH5620,P03,275,B,Slave,KE428,2025-11-20 07:15:00,2025-11-20 07:37:00,도착,I
진에어,CRK,LJ038,P03,250,A,Master,LJ038,2025-11-20 06:55:00,2025-11-20 07:32:00,도착,I
대한항공,CRK,KE5764,P03,250,A,Slave,LJ038,2025-11-20 06:55:00,2025-11-20 07:32:00,도착,I
제주항공,BKI,7C2606,P01,38,E,Master,7C2606,2025-11-20 07:40:00,2025-11-20 07:32:00,도착,I
한 에어,BKI,H19876,P01,38,E,Slave,7C2606,2025-11-20 07:40:00,2025-11-20 07:32:00,도착,I
아시아나항공,BKK,OZ742,P01,12,B,Master,OZ742,2025-11-20 06:55:00,2025-11-20 07:34:00,도착,I
오스트리아 항공,BKK,OS8051,P01,12,B,Slave,OZ742,2025-11-20 06:55:00,2025-11-20 07:34:00,도착,I
타이항공,BKK,TG6726,P01,12,B,Slave,OZ742,2025-11-20 06:55:00,2025-11-20 07:34:00,도착,I
에어캐나다,BKK,AC6997,P01,12,B,Slave,OZ742,2025-11-20 06:55:00,2025-11-20 07:34:00,도착,I
에티오피아항공,BKK,ET1299,P01,12,B,Slave,OZ742,2025-11-20 06:55:00,2025-11-20 07:34:00,도착,I
대한항공,DPS,KE432,P03,261,B,Master,KE432,2025-11-20 07:45:00,2025-11-20 07:41:00,도착,I
가루다인도네시아,DPS,GA9960,P03,261,B,Slave,KE432,2025-11-20 07:45:00,2025-11-20 07:41:00,도착,I
델타항공,DPS,DL7804,P03,261,B,Slave,KE432,2025-11-20 07:45:00,2025-11-20 07:41:00,도착,I
에어 프랑스,DPS,AF5371,P03,261,B,Slave,KE432,2025-11-20 07:45:00,2025-11-20 07:41:00,도착,I
싱가포르항공,SIN,SQ608,P01,46,E,Master,SQ608,2025-11-20 07:25:00,2025-11-20 07:38:00,도착,I
에어인디아 리미티드,SIN,AI8172,P01,46,E,Slave,SQ608,2025-11-20 07:25:00,2025-11-20 07:38:00,도착,I
아시아나항공,SIN,OZ6782,P01,46,E,Slave,SQ608,2025-11-20 07:25:00,2025-11-20 07:38:00,도착,I
버진 오스트레일리아,SIN,VA5678,P01,46,E,Slave,SQ608,2025-11-20 07:25:00,2025-11-20 07:38:00,도착,I
아시아나항공,MEL,OZ6043,P01,7,B,Master,OZ6043,2025-11-20 07:35:00,2025-11-20 07:44:00,도착,I
제주항공,VTE,7C2402,P02,103,B,Master,7C2402,2025-11-20 08:05:00,2025-11-20 07:51:00,도착,I
한 에어,VTE,H19909,P02,103,B,Slave,7C2402,2025-11-20 08:05:00,2025-11-20 07:51:00,도착,I
에어부산,TAG,BX7145,P03,277,B,Master,BX7145,2025-11-20 08:20:00,2025-11-20 07:55:00,도착,I
제주항공,HAN,7C2202,P01,36,E,Master,7C2202,2025-11-20 08:05:00,2025-11-20 07:50:00,도착,I
한 에어,HAN,H19826,P01,36,E,Slave,7C2202,2025-11-20 08:05:00,2025-11-20 07:50:00,도착,I
아시아나항공,CEB,OZ710,P01,28,E,Master,OZ710,2025-11-20 07:10:00,2025-11-20 07:55:00,도착,I
대한항공,KTI,KE690,P03,225,A,Master,KE690,2025-11-20 07:20:00,2025-11-20 08:05:00,도착,I
델타항공,KTI,DL7880,P03,225,A,Slave,KE690,2025-11-20 07:20:00,2025-11-20 08:05:00,도착,I
대한항공,PUS,KE1402,P03,233,국내선,Master,KE1402,2025-11-20 08:10:00,2025-11-20 08:02:00,도착,D
에어 프랑스,PUS,AF7900,P03,233,국내선,Slave,KE1402,2025-11-20 08:10:00,2025-11-20 08:02:00,도착,D
가루다인도네시아,PUS,GA9988,P03,233,국내선,Slave,KE1402,2025-11-20 08:10:00,2025-11-20 08:02:00,도착,D
델타항공,PUS,DL7829,P03,233,국내선,Slave,KE1402,2025-11-20 08:10:00,2025-11-20 08:02:00,도착,D
아시아나항공,SGN,OZ736,P01,2,B,Master,OZ736,2025-11-20 06:55:00,2025-11-20 08:08:00,도착,I
에어캐나다,SGN,AC6983,P01,2,B,Slave,OZ736,2025-11-20 06:55:00,2025-11-20 08:08:00,도착,I
에티하드 항공,SGN,EY8446,P01,2,B,Slave,OZ736,2025-11-20 06:55:00,2025-11-20 08:08:00,도착,I
에어서울,DAD,RS512,P03,263,B,Master,RS512,2025-11-20 07:15:00,2025-11-20 08:11:00,도착,I
아시아나항공,KTI,OZ740,P01,24,B,Master,OZ740,2025-11-20 07:30:00,2025-11-20 08:11:00,도착,I
유나이티드항공,KTI,UA7296,P01,24,B,Slave,OZ740,2025-11-20 07:30:00,2025-11-20 08:11:00,도착,I
진에어,CXR,LJ088,P03,264,B,Master,LJ088,2025-11-20 07:35:00,2025-11-20 08:13:00,도착,I
티웨이항공,SYX,TW622,P02,101,C,Master,TW622,2025-11-20 08:35:00,2025-11-20 08:16:00,도착,I
대한항공,BKK,KE654,P03,248,A,Master,KE654,2025-11-20 08:15:00,2025-11-20 08:20:00,도착,I
델타항공,BKK,DL7826,P03,248,A,Slave,KE654,2025-11-20 08:15:00,2025-11-20 08:20:00,도착,I
이스타항공,DAD,ZE594,P02,124,E,Master,ZE594,2025-11-20 08:05:00,2025-11-20 08:23:00,도착,I
에어서울,CXR,RS528,P03,276,B,Master,RS528,2025-11-20 07:25:00,2025-11-20 08:31:00,도착,I
대한항공,DPS,KE434,P03,257,B,Master,KE434,2025-11-20 08:40:00,2025-11-20 08:29:00,도착,I
델타항공,DPS,DL7873,P03,257,B,Slave,KE434,2025-11-20 08:40:00,2025-11-20 08:29:00,도착,I
에어 프랑스,DPS,AF5390,P03,257,B,Slave,KE434,2025-11-20 08:40:00,2025-11-20 08:29:00,도착,I
가루다인도네시아,DPS,GA9964,P03,257,B,Slave,KE434,2025-11-20 08:40:00,2025-11-20 08:29:00,도착,I
티웨이항공,DAD,TW014,P02,130,D,Master,TW014,2025-11-20 08:15:00,2025-11-20 08:29:00,도착,I
대한항공,TAE,KE1432,P03,243,국내선,Master,KE1432,2025-11-20 08:45:00,2025-11-20 08:33:00,도착,D
ITA항공,TAE,AZ2781,P03,243,국내선,Slave,KE1432,2025-11-20 08:45:00,2025-11-20 08:33:00,도착,D
가루다인도네시아,TAE,GA9998,P03,243,국내선,Slave,KE1432,2025-11-20 08:45:00,2025-11-20 08:33:00,도착,D
에어 프랑스,TAE,AF7897,P03,243,국내선,Slave,KE1432,2025-11-20 08:45:00,2025-11-20 08:33:00,도착,D
델타항공,TAE,DL7846,P03,243,국내선,Slave,KE1432,2025-11-20 08:45:00,2025-11-20 08:33:00,도착,D
우즈베키스탄항공,TAS,HY513,P01,39,E,Master,HY513,2025-11-20 08:40:00,2025-11-20 08:36:00,도착,I
아시아나항공,TAS,OZ9244,P01,39,E,Slave,HY513,2025-11-20 08:40:00,2025-11-20 08:36:00,도착,I
대한항공,TAS,KE5944,P01,39,E,Slave,HY513,2025-11-20 08:40:00,2025-11-20 08:36:00,도착,I
제주항공,BKK,7C2504,P01,34,E,Master,7C2504,2025-11-20 08:25:00,2025-11-20 08:37:00,도착,I
한 에어,BKK,H19985,P01,34,E,Slave,7C2504,2025-11-20 08:25:00,2025-11-20 08:37:00,도착,I
티웨이항공,BKK,TW102,P02,107,C,Master,TW102,2025-11-20 09:00:00,2025-11-20 08:40:00,도착,I
티웨이항공,CXR,TW034,P02,127,D,Master,TW034,2025-11-20 07:55:00,2025-11-20 08:45:00,도착,I
가루다인도네시아,CGK,GA878,P03,252,B,Master,GA878,2025-11-20 08:30:00,2025-11-20 08:47:00,도착,I
대한항공,CGK,KE5644,P03,252,B,Slave,GA878,2025-11-20 08:30:00,2025-11-20 08:47:00,도착,I
사우디아항공,CGK,SV6752,P03,252,B,Slave,GA878,2025-11-20 08:30:00,2025-11-20 08:47:00,도착,I
제주항공,DAD,7C2218,P02,131,D,Master,7C2218,2025-11-20 07:55:00,2025-11-20 08:46:00,도착,I
한 에어,DAD,H19848,P02,131,D,Slave,7C2218,2025-11-20 07:55:00,2025-11-20 08:46:00,도착,I
대한항공,PUS,KE1404,P03,235,국내선,Master,KE1404,2025-11-20 09:05:00,2025-11-20 08:59:00,도착,D
에어 프랑스,PUS,AF5372,P03,235,국내선,Slave,KE1404,2025-11-20 09:05:00,2025-11-20 08:59:00,도착,D
KLM네덜란드항공,PUS,KL9847,P03,235,국내선,Slave,KE1404,2025-11-20 09:05:00,2025-11-20 08:59:00,도착,D
가루다인도네시아,PUS,GA9990,P03,235,국내선,Slave,KE1404,2025-11-20 09:05:00,2025-11-20 08:59:00,도착,D
델타항공,PUS,DL7928,P03,235,국내선,Slave,KE1404,2025-11-20 09:05:00,2025-11-20 08:59:00,도착,D
이스타항공,MDC,ZE536,P02,112,C,Master,ZE536,2025-11-20 08:40:00,2025-11-20 09:00:00,도착,I
제주항공,SIN,7C2624,P01,27,B,Master,7C2624,2025-11-20 08:40:00,2025-11-20 09:05:00,도착,I
한 에어,SIN,H19906,P01,27,B,Slave,7C2624,2025-11-20 08:40:00,2025-11-20 09:05:00,도착,I
비엣젯항공,SGN,VJ862,P02,125,D,Master,VJ862,2025-11-20 09:50:00,2025-11-20 09:32:00,도착,I
피치항공,KIX,MM701,P02,105,C,Master,MM701,2025-11-20 09:45:00,2025-11-20 09:33:00,도착,I
이스타항공,CXR,ZE562,P02,119,D,Master,ZE562,2025-11-20 08:50:00,2025-11-20 09:33:00,도착,I
대한항공,BKK,KE656,P03,263,B,Master,KE656,2025-11-20 09:40:00,2025-11-20 09:41:00,도착,I
델타항공,BKK,DL7826,P03,263,B,Slave,KE656,2025-11-20 09:40:00,2025-11-20 09:41:00,도착,I
타이에어아시아엑스,DMK,XJ700,P02,109,C,Master,XJ700,2025-11-20 10:05:00,2025-11-20 09:47:00,도착,I
타이비엣젯항공,BKK,VZ850,P02,103,C,Master,VZ850,2025-11-20 09:55:00,2025-11-20 09:47:00,도착,I
에어 아스타나,ALA,KC909,P01,47,E,Master,KC909,2025-11-20 09:55:00,2025-11-20 09:49:00,도착,I
아시아나항공,ALA,OZ6962,P01,47,E,Slave,KC909,2025-11-20 09:55:00,2025-11-20 09:49:00,도착,I
캐세이퍼시픽항공,ALA,CX6226,P01,47,E,Slave,KC909,2025-11-20 09:55:00,2025-11-20 09:49:00,도착,I
대한항공,SIN,KE646,P03,246,A,Master,KE646,2025-11-20 08:50:00,2025-11-20 09:56:00,도착,I
델타항공,SIN,DL7822,P03,246,A,Slave,KE646,2025-11-20 08:50:00,2025-11-20 09:56:00,도착,I
몽골항공,SIN,OM6232,P03,246,A,Slave,KE646,2025-11-20 08:50:00,2025-11-20 09:56:00,도착,I
웨스트젯,SIN,WS6030,P03,246,A,Slave,KE646,2025-11-20 08:50:00,2025-11-20 09:56:00,도착,I
중국남방항공,DLC,CZ685,P02,132,D,Master,CZ685,2025-11-20 10:20:00,2025-11-20 10:01:00,도착,I
제주항공,CXR,7C2304,P01,45,E,Master,7C2304,2025-11-20 09:05:00,2025-11-20 10:03:00,도착,I
한 에어,CXR,H19880,P01,45,E,Slave,7C2304,2025-11-20 09:05:00,2025-11-20 10:03:00,도착,I
싱가포르항공,SIN,SQ612,P01,46,E,Master,SQ612,2025-11-20 09:50:00,2025-11-20 10:06:00,도착,I
에어인디아 리미티드,SIN,AI8174,P01,46,E,Slave,SQ612,2025-11-20 09:50:00,2025-11-20 10:06:00,도착,I
아시아나항공,SIN,OZ6726,P01,46,E,Slave,SQ612,2025-11-20 09:50:00,2025-11-20 10:06:00,도착,I
버진 오스트레일리아,SIN,VA5682,P01,46,E,Slave,SQ612,2025-11-20 09:50:00,2025-11-20 10:06:00,도착,I
에어 프랑스,CDG,AF264,P03,254,B,Master,AF264,2025-11-20 10:30:00,2025-11-20 10:21:00,도착,I
대한항공,CDG,KE5902,P03,254,B,Slave,AF264,2025-11-20 10:30:00,2025-11-20 10:21:00,도착,I
KLM네덜란드항공,CDG,KL2018,P03,254,B,Slave,AF264,2025-11-20 10:30:00,2025-11-20 10:21:00,도착,I
산동항공,TNA,SC8001,P01,41,E,Master,SC8001,2025-11-20 10:45:00,2025-11-20 10:20:00,도착,I
중국국제항공,TNA,CA8873,P01,41,E,Slave,SC8001,2025-11-20 10:45:00,2025-11-20 10:20:00,도착,I
아시아나항공,TNA,OZ6702,P01,41,E,Slave,SC8001,2025-11-20 10:45:00,2025-11-20 10:20:00,도착,I
중국동방항공,WUX,MU2989,P02,126,D,Master,MU2989,2025-11-20 10:45:00,2025-11-20 10:26:00,도착,I
에어인디아 리미티드,DEL,AI312,P01,33,E,Master,AI312,2025-11-20 10:30:00,2025-11-20 10:28:00,도착,I
아시아나항공,DEL,OZ6378,P01,33,E,Slave,AI312,2025-11-20 10:30:00,2025-11-20 10:28:00,도착,I
제주항공,FUK,7C1402,P02,122,D,Master,7C1402,2025-11-20 10:30:00,2025-11-20 10:32:00,도착,I
한 에어,FUK,H19828,P02,122,D,Slave,7C1402,2025-11-20 10:30:00,2025-11-20 10:32:00,도착,I
중국동방항공,YNT,MU549,P02,121,D,Master,MU549,2025-11-20 10:55:00,2025-11-20 10:33:00,도착,I
대한항공,YNT,KE5848,P02,121,D,Slave,MU549,2025-11-20 10:55:00,2025-11-20 10:33:00,도착,I
에바항공,TPE,BR170,P01,38,E,Master,BR170,2025-11-20 10:30:00,2025-11-20 10:35:00,도착,I
에어캐나다,TPE,AC6535,P01,38,E,Slave,BR170,2025-11-20 10:30:00,2025-11-20 10:35:00,도착,I
에어 뉴질랜드,TPE,NZ4926,P01,38,E,Slave,BR170,2025-11-20 10:30:00,2025-11-20 10:35:00,도착,I
타이항공,TPE,TG6396,P01,38,E,Slave,BR170,2025-11-20 10:30:00,2025-11-20 10:35:00,도착,I
유니항공,TPE,B77028,P01,38,E,Slave,BR170,2025-11-20 10:30:00,2025-11-20 10:35:00,도착,I
아시아나항공,TPE,OZ6874,P01,38,E,Slave,BR170,2025-11-20 10:30:00,2025-11-20 10:35:00,도착,I
중국동방항공,TAO,MU2039,P02,130,E,Master,MU2039,2025-11-20 11:00:00,2025-11-20 10:39:00,도착,I
상하이항공,TAO,FM3077,P02,130,E,Slave,MU2039,2025-11-20 11:00:00,2025-11-20 10:39:00,도착,I
대한항공,TAO,KE5854,P02,130,E,Slave,MU2039,2025-11-20 11:00:00,2025-11-20 10:39:00,도착,I
제주항공,KIX,7C1396,P01,17,B,Master,7C1396,2025-11-20 11:00:00,2025-11-20 10:39:00,도착,I
한 에어,KIX,H19893,P01,17,B,Slave,7C1396,2025-11-20 11:00:00,2025-11-20 10:39:00,도착,I
중국남방항공,PVG,CZ313,P02,123,D,Master,CZ313,2025-11-20 11:00:00,2025-11-20 10:44:00,도착,I
루프트한자 독일항공,FRA,LH712,P01,32,E,Master,LH712,2025-11-20 10:50:00,2025-11-20 10:52:00,도착,I
에어로케이항공,KIX,RF315,P02,110,C,Master,RF315,2025-11-20 10:55:00,2025-11-20 10:55:00,도착,I
중화항공,KHH,CI164,P03,253,B,Master,CI164,2025-11-20 10:55:00,2025-11-20 10:54:00,도착,I
대한항공,KHH,KE5700,P03,253,B,Slave,CI164,2025-11-20 10:55:00,2025-11-20 10:54:00,도착,I
이스타항공,YNT,ZE818,P02,114,C,Master,ZE818,2025-11-20 10:55:00,2025-11-20 10:56:00,도착,I
대한항공,DXB,KE952,P03,232,A,Master,KE952,2025-11-20 10:30:00,2025-11-20 11:02:00,도착,I
에미레이트항공,DXB,EK3482,P03,232,A,Slave,KE952,2025-11-20 10:30:00,2025-11-20 11:02:00,도착,I
사우디아항공,DXB,SV6613,P03,232,A,Slave,KE952,2025-11-20 10:30:00,2025-11-20 11:02:00,도착,I
에티하드 항공,AUH,EY822,P01,39,E,Master,EY822,2025-11-20 10:45:00,2025-11-20 11:01:00,도착,I
오만항공,AUH,WY5102,P01,39,E,Slave,EY822,2025-11-20 10:45:00,2025-11-20 11:01:00,도착,I
플라이나스,AUH,XY3876,P01,39,E,Slave,EY822,2025-11-20 10:45:00,2025-11-20 11:01:00,도착,I
TAP포르투갈 항공,AUH,TP6930,P01,39,E,Slave,EY822,2025-11-20 10:45:00,2025-11-20 11:01:00,도착,I
아시아나항공,AUH,OZ6973,P01,39,E,Slave,EY822,2025-11-20 10:45:00,2025-11-20 11:01:00,도착,I
이집트항공,AUH,MS8088,P01,39,E,Slave,EY822,2025-11-20 10:45:00,2025-11-20 11:01:00,도착,I
이스라엘항공,AUH,LY9624,P01,39,E,Slave,EY822,2025-11-20 10:45:00,2025-11-20 11:01:00,도착,I
진에어,FUK,LJ262,P03,255,B,Master,LJ262,2025-11-20 11:00:00,2025-11-20 10:56:00,도착,I
대한항공,KIX,KE722,P03,245,A,Master,KE722,2025-11-20 11:05:00,2025-11-20 11:00:00,도착,I
에어 프랑스,KIX,AF5381,P03,245,A,Slave,KE722,2025-11-20 11:05:00,2025-11-20 11:00:00,도착,I
델타항공,KIX,DL7784,P03,245,A,Slave,KE722,2025-11-20 11:05:00,2025-11-20 11:00:00,도착,I
일본항공,KIX,JL5211,P03,245,A,Slave,KE722,2025-11-20 11:05:00,2025-11-20 11:00:00,도착,I
버진 애트란틱항공,KIX,VS5506,P03,245,A,Slave,KE722,2025-11-20 11:05:00,2025-11-20 11:00:00,도착,I
아시아나항공,KIX,OZ115,P01,15,B,Master,OZ115,2025-11-20 10:50:00,2025-11-20 11:04:00,도착,I
에티하드 항공,KIX,EY8468,P01,15,B,Slave,OZ115,2025-11-20 10:50:00,2025-11-20 11:04:00,도착,I
전일본공수,KIX,NH6955,P01,15,B,Slave,OZ115,2025-11-20 10:50:00,2025-11-20 11:04:00,도착,I
대한항공,NGO,KE744,P03,249,A,Master,KE744,2025-11-20 11:05:00,2025-11-20 11:05:00,도착,I
에어 프랑스,NGO,AF5382,P03,249,A,Slave,KE744,2025-11-20 11:05:00,2025-11-20 11:05:00,도착,I
델타항공,NGO,DL7794,P03,249,A,Slave,KE744,2025-11-20 11:05:00,2025-11-20 11:05:00,도착,I
일본항공,NGO,JL5217,P03,249,A,Slave,KE744,2025-11-20 11:05:00,2025-11-20 11:05:00,도착,I
KLM네덜란드항공,NGO,KL9849,P03,249,A,Slave,KE744,2025-11-20 11:05:00,2025-11-20 11:05:00,도착,I
몽골항공,NGO,OM6718,P03,249,A,Slave,KE744,2025-11-20 11:05:00,2025-11-20 11:05:00,도착,I
제주항공,MYJ,7C1722,P02,115,C,Master,7C1722,2025-11-20 11:15:00,2025-11-20 11:09:00,도착,I
한 에어,MYJ,H19946,P02,115,C,Slave,7C1722,2025-11-20 11:15:00,2025-11-20 11:09:00,도착,I
중국동방항공,NKG,MU579,P02,124,D,Master,MU579,2025-11-20 11:15:00,2025-11-20 11:10:00,도착,I
대한항공,NKG,KE5860,P02,124,D,Slave,MU579,2025-11-20 11:15:00,2025-11-20 11:10:00,도착,I
대한항공,PUS,KE1406,P03,248,국내선,Master,KE1406,2025-11-20 11:35:00,2025-11-20 11:14:00,도착,D
에어 프랑스,PUS,AF7900,P03,248,국내선,Slave,KE1406,2025-11-20 11:35:00,2025-11-20 11:14:00,도착,D
KLM네덜란드항공,PUS,KL9847,P03,248,국내선,Slave,KE1406,2025-11-20 11:35:00,2025-11-20 11:14:00,도착,D
델타항공,PUS,DL7876,P03,248,국내선,Slave,KE1406,2025-11-20 11:35:00,2025-11-20 11:14:00,도착,D
에어서울,FUK,RS724,P03,279,B,Master,RS724,2025-11-20 11:30:00,2025-11-20 11:14:00,도착,I
중국국제항공,TSN,CA171,P01,43,E,Master,CA171,2025-11-20 11:45:00,2025-11-20 11:16:00,도착,I
아시아나항공,TSN,OZ6812,P01,43,E,Slave,CA171,2025-11-20 11:45:00,2025-11-20 11:16:00,도착,I
산동항공,TAO,SC4609,P01,34,E,Master,SC4609,2025-11-20 11:20:00,2025-11-20 11:14:00,도착,I
중국국제항공,TAO,CA8887,P01,34,E,Slave,SC4609,2025-11-20 11:20:00,2025-11-20 11:14:00,도착,I
아시아나항공,TAO,OZ6710,P01,34,E,Slave,SC4609,2025-11-20 11:20:00,2025-11-20 11:14:00,도착,I
중화항공,TPE,CI160,P03,252,B,Master,CI160,2025-11-20 11:20:00,2025-11-20 11:22:00,도착,I
델타항공,TPE,DL7717,P03,252,B,Slave,CI160,2025-11-20 11:20:00,2025-11-20 11:22:00,도착,I
하와이안 항공,TPE,HA2570,P03,252,B,Slave,CI160,2025-11-20 11:20:00,2025-11-20 11:22:00,도착,I
대한항공,TPE,KE5692,P03,252,B,Slave,CI160,2025-11-20 11:20:00,2025-11-20 11:22:00,도착,I
에어 프랑스,TPE,AF4161,P03,252,B,Slave,CI160,2025-11-20 11:20:00,2025-11-20 11:22:00,도착,I
에어부산,FUK,BX155,P03,276,B,Master,BX155,2025-11-20 11:45:00,2025-11-20 11:22:00,도착,I
아시아나항공,FUK,OZ9575,P03,276,B,Slave,BX155,2025-11-20 11:45:00,2025-11-20 11:22:00,도착,I
중국남방항공,SHE,CZ681,P02,131,D,Master,CZ681,2025-11-20 11:45:00,2025-11-20 11:27:00,도착,I
중국동방항공,HGH,MU5071,P02,128,D,Master,MU5071,2025-11-20 11:15:00,2025-11-20 11:28:00,도착,I
대한항공,HGH,KE5878,P02,128,D,Slave,MU5071,2025-11-20 11:15:00,2025-11-20 11:28:00,도착,I
아시아나항공,NRT,OZ107,P01,16,B,Master,OZ107,2025-11-20 11:35:00,2025-11-20 11:30:00,도착,I
에티하드 항공,NRT,EY8473,P01,16,B,Slave,OZ107,2025-11-20 11:35:00,2025-11-20 11:30:00,도착,I
전일본공수,NRT,NH6977,P01,16,B,Slave,OZ107,2025-11-20 11:35:00,2025-11-20 11:30:00,도착,I
유나이티드항공,NRT,UA7321,P01,16,B,Slave,OZ107,2025-11-20 11:35:00,2025-11-20 11:30:00,도착,I
중국국제항공,PEK,CA123,P01,35,E,Master,CA123,2025-11-20 11:40:00,2025-11-20 11:34:00,도착,I
아시아나항공,PEK,OZ6808,P01,35,E,Slave,CA123,2025-11-20 11:40:00,2025-11-20 11:34:00,도착,I
산동항공,PEK,SC123,P01,35,E,Slave,CA123,2025-11-20 11:40:00,2025-11-20 11:34:00,도착,I
아시아나항공,PVG,OZ368,P01,11,B,Master,OZ368,2025-11-20 11:20:00,2025-11-20 11:30:00,도착,I
길상항공,PVG,HO3110,P01,11,B,Slave,OZ368,2025-11-20 11:20:00,2025-11-20 11:30:00,도착,I
홍콩익스프레스,HKG,UO618,P02,113,C,Master,UO618,2025-11-20 11:40:00,2025-11-20 11:34:00,도착,I
중국남방항공,HRB,CZ683,P02,132,D,Master,CZ683,2025-11-20 12:15:00,2025-11-20 11:39:00,도착,I
제주항공,KIX,7C1302,P01,22,B,Master,7C1302,2025-11-20 11:50:00,2025-11-20 11:37:00,도착,I
한 에어,KIX,H19811,P01,22,B,Slave,7C1302,2025-11-20 11:50:00,2025-11-20 11:37:00,도착,I
대한항공,NRT,KE706,P03,221,A,Master,KE706,2025-11-20 12:00:00,2025-11-20 11:47:00,도착,I
아에로멕시코,NRT,AM6751,P03,221,A,Slave,KE706,2025-11-20 12:00:00,2025-11-20 11:47:00,도착,I
델타항공,NRT,DL7782,P03,221,A,Slave,KE706,2025-11-20 12:00:00,2025-11-20 11:47:00,도착,I
일본항공,NRT,JL5201,P03,221,A,Slave,KE706,2025-11-20 12:00:00,2025-11-20 11:47:00,도착,I
버진 애트란틱항공,NRT,VS5504,P03,221,A,Slave,KE706,2025-11-20 12:00:00,2025-11-20 11:47:00,도착,I
에어서울,KIX,RS712,P03,278,B,Master,RS712,2025-11-20 11:55:00,2025-11-20 11:51:00,도착,I
티웨이항공,KMJ,TW288,P02,108,B,Master,TW288,2025-11-20 12:05:00,2025-11-20 11:47:00,도착,I
제주항공,HIJ,7C1616,P02,102,C,Master,7C1616,2025-11-20 12:20:00,2025-11-20 11:53:00,도착,I
한 에어,HIJ,H19989,P02,102,C,Slave,7C1616,2025-11-20 12:20:00,2025-11-20 11:53:00,도착,I
중국동방항공,PVG,MU5041,P02,125,D,Master,MU5041,2025-11-20 11:55:00,2025-11-20 11:57:00,도착,I
대한항공,PVG,KE5858,P02,125,D,Slave,MU5041,2025-11-20 11:55:00,2025-11-20 11:57:00,도착,I
상하이항공,PVG,FM3067,P02,125,D,Slave,MU5041,2025-11-20 11:55:00,2025-11-20 11:57:00,도착,I
대한항공,PVG,KE892,P03,241,A,Master,KE892,2025-11-20 12:00:00,2025-11-20 11:57:00,도착,I
상하이항공,PVG,FM8753,P03,241,A,Slave,KE892,2025-11-20 12:00:00,2025-11-20 11:57:00,도착,I
샤먼항공,PVG,MF9087,P03,241,A,Slave,KE892,2025-11-20 12:00:00,2025-11-20 11:57:00,도착,I
중국동방항공,PVG,MU8933,P03,241,A,Slave,KE892,2025-11-20 12:00:00,2025-11-20 11:57:00,도착,I
대한항공,NGS,KE2192,P03,243,A,Master,KE2192,2025-11-20 12:10:00,2025-11-20 11:57:00,도착,I
델타항공,NGS,DL7881,P03,243,A,Slave,KE2192,2025-11-20 12:10:00,2025-11-20 11:57:00,도착,I
대한항공,FUK,KE788,P03,247,A,Master,KE788,2025-11-20 12:00:00,2025-11-20 11:59:00,도착,I
버진 애트란틱항공,FUK,VS5510,P03,247,A,Slave,KE788,2025-11-20 12:00:00,2025-11-20 11:59:00,도착,I
ITA항공,FUK,AZ2789,P03,247,A,Slave,KE788,2025-11-20 12:00:00,2025-11-20 11:59:00,도착,I
델타항공,FUK,DL7890,P03,247,A,Slave,KE788,2025-11-20 12:00:00,2025-11-20 11:59:00,도착,I
일본항공,FUK,JL5221,P03,247,A,Slave,KE788,2025-11-20 12:00:00,2025-11-20 11:59:00,도착,I
KLM네덜란드항공,FUK,KL4254,P03,247,A,Slave,KE788,2025-11-20 12:00:00,2025-11-20 11:59:00,도착,I
몽골항공,FUK,OM6710,P03,247,A,Slave,KE788,2025-11-20 12:00:00,2025-11-20 11:59:00,도착,I
몽골항공,UBN,OM301,P01,30,E,Master,OM301,2025-11-20 12:05:00,2025-11-20 12:02:00,도착,I
샤먼항공,XMN,MF871,P03,250,A,Master,MF871,2025-11-20 12:20:00,2025-11-20 12:04:00,도착,I
집에어,NRT,ZG045,P02,111,C,Master,ZG045,2025-11-20 11:35:00,2025-11-20 12:08:00,도착,I
중국동방항공,TAO,MU2033,P02,129,D,Master,MU2033,2025-11-20 12:15:00,2025-11-20 12:10:00,도착,I
대한항공,TAO,KE5844,P02,129,D,Slave,MU2033,2025-11-20 12:15:00,2025-11-20 12:10:00,도착,I
상하이항공,TAO,FM3079,P02,129,D,Slave,MU2033,2025-11-20 12:15:00,2025-11-20 12:10:00,도착,I
필리핀에어아시아,MNL,Z2884,P02,112,C,Master,Z2884,2025-11-20 11:55:00,2025-11-20 12:12:00,도착,I
카놋샤크,TAS,HH821,P01,49,E,Master,HH821,2025-11-20 12:15:00,2025-11-20 12:20:00,도착,I
제주항공,TAO,7C8402,P01,50,E,Master,7C8402,2025-11-20 12:20:00,2025-11-20 12:20:00,도착,I
한 에어,TAO,H19898,P01,50,E,Slave,7C8402,2025-11-20 12:20:00,2025-11-20 12:20:00,도착,I
제주항공,FSZ,7C1602,P01,20,B,Master,7C1602,2025-11-20 12:40:00,2025-11-20 12:26:00,도착,I
한 에어,FSZ,H19913,P01,20,B,Slave,7C1602,2025-11-20 12:40:00,2025-11-20 12:26:00,도착,I
중국국제항공,HGH,CA139,P01,36,E,Master,CA139,2025-11-20 12:25:00,2025-11-20 12:26:00,도착,I
아시아나항공,HGH,OZ6828,P01,36,E,Slave,CA139,2025-11-20 12:25:00,2025-11-20 12:26:00,도착,I
산동항공,HGH,SC125,P01,36,E,Slave,CA139,2025-11-20 12:25:00,2025-11-20 12:26:00,도착,I
에어재팬,NRT,NQ121,P02,109,C,Master,NQ121,2025-11-20 12:30:00,2025-11-20 12:30:00,도착,I
전일본공수,NRT,NH3603,P02,109,C,Slave,NQ121,2025-11-20 12:30:00,2025-11-20 12:30:00,도착,I
제주항공,KIX,7C1392,P02,119,D,Master,7C1392,2025-11-20 12:50:00,2025-11-20 12:38:00,도착,I
한 에어,KIX,H19859,P02,119,D,Slave,7C1392,2025-11-20 12:50:00,2025-11-20 12:38:00,도착,I
캐세이퍼시픽항공,HKG,CX434,P01,45,E,Master,CX434,2025-11-20 12:45:00,2025-11-20 12:42:00,도착,I
아메리칸항공,HKG,AA8959,P01,45,E,Slave,CX434,2025-11-20 12:45:00,2025-11-20 12:42:00,도착,I
카타르항공,HKG,QR3498,P01,45,E,Slave,CX434,2025-11-20 12:45:00,2025-11-20 12:42:00,도착,I
진에어,NGO,LJ346,P03,255,B,Master,LJ346,2025-11-20 12:45:00,2025-11-20 12:41:00,도착,I
대한항공,NGO,KE5080,P03,255,B,Slave,LJ346,2025-11-20 12:45:00,2025-11-20 12:41:00,도착,I
중국국제항공,CKG,CA439,P01,33,E,Master,CA439,2025-11-20 13:00:00,2025-11-20 12:46:00,도착,I
아시아나항공,CKG,OZ6848,P01,33,E,Slave,CA439,2025-11-20 13:00:00,2025-11-20 12:46:00,도착,I
산동항공,CKG,SC127,P01,33,E,Slave,CA439,2025-11-20 13:00:00,2025-11-20 12:46:00,도착,I
산동항공,TAO,SC4611,P01,38,E,Master,SC4611,2025-11-20 12:50:00,2025-11-20 12:44:00,도착,I
아시아나항공,TAO,OZ6712,P01,38,E,Slave,SC4611,2025-11-20 12:50:00,2025-11-20 12:44:00,도착,I
중국국제항공,TAO,CA8855,P01,38,E,Slave,SC4611,2025-11-20 12:50:00,2025-11-20 12:44:00,도착,I
이스타항공,FUK,ZE646,P02,104,C,Master,ZE646,2025-11-20 12:50:00,2025-11-20 12:51:00,도착,I
에어마카오,MFM,NX822,P01,41,E,Master,NX822,2025-11-20 13:05:00,2025-11-20 12:53:00,도착,I
아시아나항공,MFM,OZ6868,P01,41,E,Slave,NX822,2025-11-20 13:05:00,2025-11-20 12:53:00,도착,I
대한항공,KOJ,KE2180,P03,218,A,Master,KE2180,2025-11-20 13:15:00,2025-11-20 13:04:00,도착,I
델타항공,KOJ,DL7906,P03,218,A,Slave,KE2180,2025-11-20 13:15:00,2025-11-20 13:04:00,도착,I
일본항공,KOJ,JL5249,P03,218,A,Slave,KE2180,2025-11-20 13:15:00,2025-11-20 13:04:00,도착,I
대한항공,KMQ,KE2190,P03,235,A,Master,KE2190,2025-11-20 12:50:00,2025-11-20 12:59:00,도착,I
델타항공,KMQ,DL7936,P03,235,A,Slave,KE2190,2025-11-20 12:50:00,2025-11-20 12:59:00,도착,I
일본항공,KMQ,JL5229,P03,235,A,Slave,KE2190,2025-11-20 12:50:00,2025-11-20 12:59:00,도착,I
중국남방항공,SZX,CZ3089,P02,122,D,Master,CZ3089,2025-11-20 12:35:00,2025-11-20 13:02:00,도착,I
중국국제항공,TFU,CA401,P01,37,E,Master,CA401,2025-11-20 12:55:00,2025-11-20 13:03:00,도착,I
아시아나항공,TFU,OZ6832,P01,37,E,Slave,CA401,2025-11-20 12:55:00,2025-11-20 13:03:00,도착,I
대한항공,PUS,KE1408,P03,246,국내선,Master,KE1408,2025-11-20 13:15:00,2025-11-20 13:08:00,도착,D
ITA항공,PUS,AZ2775,P03,246,국내선,Slave,KE1408,2025-11-20 13:15:00,2025-11-20 13:08:00,도착,D
가루다인도네시아,PUS,GA9962,P03,246,국내선,Slave,KE1408,2025-11-20 13:15:00,2025-11-20 13:08:00,도착,D
델타항공,PUS,DL7916,P03,246,국내선,Slave,KE1408,2025-11-20 13:15:00,2025-11-20 13:08:00,도착,D
중국동방항공,WEH,MU2017,P02,130,D,Master,MU2017,2025-11-20 13:00:00,2025-11-20 13:04:00,도착,I
대한항공,WEH,KE5850,P02,130,D,Slave,MU2017,2025-11-20 13:00:00,2025-11-20 13:04:00,도착,I
대한항공,UKB,KE2172,P03,222,A,Master,KE2172,2025-11-20 13:00:00,2025-11-20 13:12:00,도착,I
핀에어,HEL,AY041,P01,48,E,Master,AY041,2025-11-20 12:25:00,2025-11-20 13:06:00,도착,I
중국동방항공,XIY,MU5021,P02,117,D,Master,MU5021,2025-11-20 13:15:00,2025-11-20 13:11:00,도착,I
대한항공,XIY,KE5872,P02,117,D,Slave,MU5021,2025-11-20 13:15:00,2025-11-20 13:11:00,도착,I
상하이항공,XIY,FM3081,P02,117,D,Slave,MU5021,2025-11-20 13:15:00,2025-11-20 13:11:00,도착,I
진에어,KIX,LJ232,P03,254,B,Master,LJ232,2025-11-20 13:10:00,2025-11-20 13:07:00,도착,I
아시아나항공,KIX,OZ111,P01,6,B,Master,OZ111,2025-11-20 12:35:00,2025-11-20 13:05:00,도착,I
에어캐나다,KIX,AC6975,P01,6,B,Slave,OZ111,2025-11-20 12:35:00,2025-11-20 13:05:00,도착,I
에티하드 항공,KIX,EY8445,P01,6,B,Slave,OZ111,2025-11-20 12:35:00,2025-11-20 13:05:00,도착,I
전일본공수,KIX,NH6951,P01,6,B,Slave,OZ111,2025-11-20 12:35:00,2025-11-20 13:05:00,도착,I
에티오피아항공,KIX,ET1297,P01,6,B,Slave,OZ111,2025-11-20 12:35:00,2025-11-20 13:05:00,도착,I
에어서울,TAK,RS742,P03,279,B,Master,RS742,2025-11-20 13:20:00,2025-11-20 13:11:00,도착,I
아시아나항공,NGO,OZ121,P01,8,B,Master,OZ121,2025-11-20 13:10:00,2025-11-20 13:08:00,도착,I
에티하드 항공,NGO,EY8465,P01,8,B,Slave,OZ121,2025-11-20 13:10:00,2025-11-20 13:08:00,도착,I
전일본공수,NGO,NH6963,P01,8,B,Slave,OZ121,2025-11-20 13:10:00,2025-11-20 13:08:00,도착,I
중국남방항공,CGQ,CZ687,P02,123,D,Master,CZ687,2025-11-20 13:25:00,2025-11-20 13:14:00,도착,I
중국국제항공,YNJ,CA143,P01,28,E,Master,CA143,2025-11-20 13:10:00,2025-11-20 13:15:00,도착,I
아시아나항공,YNJ,OZ6826,P01,28,E,Slave,CA143,2025-11-20 13:10:00,2025-11-20 13:15:00,도착,I
아시아나항공,DLC,OZ302,P01,12,B,Master,OZ302,2025-11-20 13:15:00,2025-11-20 13:19:00,도착,I
중국국제항공,DLC,CA5011,P01,12,B,Slave,OZ302,2025-11-20 13:15:00,2025-11-20 13:19:00,도착,I
티웨이항공,KIX,TW302,P02,110,C,Master,TW302,2025-11-20 13:25:00,2025-11-20 13:18:00,도착,I
대한항공,TAO,KE842,P03,251,B,Master,KE842,2025-11-20 13:25:00,2025-11-20 13:22:00,도착,I
중국동방항공,TAO,MU8941,P03,251,B,Slave,KE842,2025-11-20 13:25:00,2025-11-20 13:22:00,도착,I
사천항공,TFU,3U3973,P01,47,E,Master,3U3973,2025-11-20 13:30:00,2025-11-20 13:27:00,도착,I
홍콩항공,HKG,HX628,P01,42,E,Master,HX628,2025-11-20 13:35:00,2025-11-20 13:34:00,도착,I
아시아나항공,HKG,OZ9294,P01,42,E,Slave,HX628,2025-11-20 13:35:00,2025-11-20 13:34:00,도착,I
중국남방항공,CAN,CZ337,P02,125,D,Master,CZ337,2025-11-20 13:50:00,2025-11-20 13:35:00,도착,I
사천항공,CAN,3U7031,P02,125,D,Slave,CZ337,2025-11-20 13:50:00,2025-11-20 13:35:00,도착,I
아시아나항공,TSN,OZ328,P01,18,B,Master,OZ328,2025-11-20 13:45:00,2025-11-20 13:37:00,도착,I
중국국제항공,TSN,CA5013,P01,18,B,Slave,OZ328,2025-11-20 13:45:00,2025-11-20 13:37:00,도착,I
진에어,NRT,LJ202,P03,257,B,Master,LJ202,2025-11-20 13:50:00,2025-11-20 13:41:00,도착,I
대한항공,NRT,KE5742,P03,257,B,Slave,LJ202,2025-11-20 13:50:00,2025-11-20 13:41:00,도착,I
캐세이퍼시픽항공,HKG,CX410,P01,40,E,Master,CX410,2025-11-20 13:55:00,2025-11-20 13:42:00,도착,I
아메리칸항공,HKG,AA8887,P01,40,E,Slave,CX410,2025-11-20 13:55:00,2025-11-20 13:42:00,도착,I
콴타스항공,HKG,QF8223,P01,40,E,Slave,CX410,2025-11-20 13:55:00,2025-11-20 13:42:00,도착,I
대한항공,PRG,KE970,P03,236,A,Master,KE970,2025-11-20 13:50:00,2025-11-20 13:41:00,도착,I
대한항공,KIX,KE724,P03,256,B,Master,KE724,2025-11-20 14:05:00,2025-11-20 13:44:00,도착,I
델타항공,KIX,DL7786,P03,256,B,Slave,KE724,2025-11-20 14:05:00,2025-11-20 13:44:00,도착,I
일본항공,KIX,JL5213,P03,256,B,Slave,KE724,2025-11-20 14:05:00,2025-11-20 13:44:00,도착,I
몽골항공,KIX,OM6704,P03,256,B,Slave,KE724,2025-11-20 14:05:00,2025-11-20 13:44:00,도착,I
아시아나항공,FRA,OZ542,P01,17,B,Master,OZ542,2025-11-20 13:35:00,2025-11-20 13:45:00,도착,I
대한항공,SHE,KE832,P03,248,A,Master,KE832,2025-11-20 14:10:00,2025-11-20 13:46:00,도착,I
중국동방항공,SHE,MU8963,P03,248,A,Slave,KE832,2025-11-20 14:10:00,2025-11-20 13:46:00,도착,I
피치항공,KIX,MM705,P02,113,C,Master,MM705,2025-11-20 13:50:00,2025-11-20 13:50:00,도착,I
진에어,KIX,LJ234,P03,253,B,Master,LJ234,2025-11-20 13:45:00,2025-11-20 13:52:00,도착,I
중국국제항공,PKX,CA131,P01,34,E,Master,CA131,2025-11-20 13:45:00,2025-11-20 13:49:00,도착,I
대한항공,IST,KE956,P03,242,A,Master,KE956,2025-11-20 13:55:00,2025-11-20 13:52:00,도착,I
심천항공,SZX,ZH633,P01,43,E,Master,ZH633,2025-11-20 13:55:00,2025-11-20 13:56:00,도착,I
중국국제항공,SZX,CA3843,P01,43,E,Slave,ZH633,2025-11-20 13:55:00,2025-11-20 13:56:00,도착,I
아시아나항공,SZX,OZ6884,P01,43,E,Slave,ZH633,2025-11-20 13:55:00,2025-11-20 13:56:00,도착,I
이스타항공,KIX,ZE612,P02,103,C,Master,ZE612,2025-11-20 13:50:00,2025-11-20 13:56:00,도착,I
에어부산,NRT,BX163,P03,278,B,Master,BX163,2025-11-20 14:00:00,2025-11-20 14:01:00,도착,I
제주항공,KIX,7C1304,P02,124,D,Master,7C1304,2025-11-20 13:50:00,2025-11-20 14:03:00,도착,I
한 에어,KIX,H19813,P02,124,D,Slave,7C1304,2025-11-20 13:50:00,2025-11-20 14:03:00,도착,I
아시아나항공,PEK,OZ332,P01,21,B,Master,OZ332,2025-11-20 13:50:00,2025-11-20 14:02:00,도착,I
중국국제항공,PEK,CA5001,P01,21,B,Slave,OZ332,2025-11-20 13:50:00,2025-11-20 14:02:00,도착,I
대한항공,PEK,KE860,P03,238,A,Master,KE860,2025-11-20 13:45:00,2025-11-20 14:02:00,도착,I
샤먼항공,PEK,MF9099,P03,238,A,Slave,KE860,2025-11-20 13:45:00,2025-11-20 14:02:00,도착,I
에어부산,KIX,BX171,P03,277,B,Master,BX171,2025-11-20 14:05:00,2025-11-20 14:06:00,도착,I
아시아나항공,YNZ,OZ338,P01,11,B,Master,OZ338,2025-11-20 14:05:00,2025-11-20 14:02:00,도착,I
제주항공,WEH,7C8502,P02,126,D,Master,7C8502,2025-11-20 14:00:00,2025-11-20 14:04:00,도착,I
한 에어,WEH,H19900,P02,126,D,Slave,7C8502,2025-11-20 14:00:00,2025-11-20 14:04:00,도착,I
대한항공,VIE,KE938,P03,275,B,Master,KE938,2025-11-20 14:15:00,2025-11-20 14:14:00,도착,I
제주항공,CTS,7C1502,P02,101,C,Master,7C1502,2025-11-20 14:25:00,2025-11-20 14:06:00,도착,I
한 에어,CTS,H19795,P02,101,C,Slave,7C1502,2025-11-20 14:25:00,2025-11-20 14:06:00,도착,I
중국동방항공,PKX,MU2073,P02,121,D,Master,MU2073,2025-11-20 14:40:00,2025-11-20 14:18:00,도착,I
제주항공,FUK,7C1404,P01,32,E,Master,7C1404,2025-11-20 14:20:00,2025-11-20 14:14:00,도착,I
한 에어,FUK,H19830,P01,32,E,Slave,7C1404,2025-11-20 14:20:00,2025-11-20 14:14:00,도착,I
대한항공,PVG,KE882,P03,224,A,Master,KE882,2025-11-20 14:25:00,2025-11-20 14:21:00,도착,I
중국동방항공,PVG,MU8931,P03,224,A,Slave,KE882,2025-11-20 14:25:00,2025-11-20 14:21:00,도착,I
상하이항공,PVG,FM8751,P03,224,A,Slave,KE882,2025-11-20 14:25:00,2025-11-20 14:21:00,도착,I
샤먼항공,PVG,MF9085,P03,224,A,Slave,KE882,2025-11-20 14:25:00,2025-11-20 14:21:00,도착,I
미얀마국제항공,RGN,8M801,P01,38,E,Master,8M801,2025-11-20 15:00:00,2025-11-20 14:20:00,도착,I
제주항공,NRT,7C1102,P02,128,D,Master,7C1102,2025-11-20 14:30:00,2025-11-20 14:23:00,도착,I
한 에어,NRT,H19801,P02,128,D,Slave,7C1102,2025-11-20 14:30:00,2025-11-20 14:23:00,도착,I
티웨이항공,FUK,TW202,P02,106,C,Master,TW202,2025-11-20 14:20:00,2025-11-20 14:25:00,도착,I
이스타항공,NRT,ZE606,P02,115,B,Master,ZE606,2025-11-20 14:15:00,2025-11-20 14:32:00,도착,I
이스타항공,NRT,ZE602,P02,108,C,Master,ZE602,2025-11-20 14:30:00,2025-11-20 14:29:00,도착,I
아시아나항공,OKA,OZ171,P01,15,B,Master,OZ171,2025-11-20 14:35:00,2025-11-20 14:35:00,도착,I
전일본공수,OKA,NH6993,P01,15,B,Slave,OZ171,2025-11-20 14:35:00,2025-11-20 14:35:00,도착,I
산동항공,TAO,SC4613,P01,30,E,Master,SC4613,2025-11-20 14:25:00,2025-11-20 14:35:00,도착,I
아시아나항공,TAO,OZ6716,P01,30,E,Slave,SC4613,2025-11-20 14:25:00,2025-11-20 14:35:00,도착,I
중국국제항공,TAO,CA8891,P01,30,E,Slave,SC4613,2025-11-20 14:25:00,2025-11-20 14:35:00,도착,I
진에어,RMQ,LJ736,P03,264,B,Master,LJ736,2025-11-20 14:40:00,2025-11-20 14:33:00,도착,I
티웨이항공,NRT,TW242,P02,102,C,Master,TW242,2025-11-20 14:55:00,2025-11-20 14:37:00,도착,I
아시아나항공,CGQ,OZ304,P01,3,B,Master,OZ304,2025-11-20 14:30:00,2025-11-20 14:39:00,도착,I
중국남방항공,CGQ,CZ4201,P01,3,B,Slave,OZ304,2025-11-20 14:30:00,2025-11-20 14:39:00,도착,I
제주항공,NGO,7C1202,P01,46,E,Master,7C1202,2025-11-20 14:35:00,2025-11-20 14:44:00,도착,I
한 에어,NGO,H19791,P01,46,E,Slave,7C1202,2025-11-20 14:35:00,2025-11-20 14:44:00,도착,I
이스타항공,TKS,ZE672,P02,127,D,Master,ZE672,2025-11-20 14:50:00,2025-11-20 14:42:00,도착,I
홍콩익스프레스,HKG,UO630,P02,111,C,Master,UO630,2025-11-20 14:55:00,2025-11-20 14:47:00,도착,I
캐세이퍼시픽항공,HKG,CX5630,P02,111,C,Slave,UO630,2025-11-20 14:55:00,2025-11-20 14:47:00,도착,I
아시아나항공,CDG,OZ502,P01,7,B,Master,OZ502,2025-11-20 14:40:00,2025-11-20 14:50:00,도착,I
이스타항공,KIX,ZE616,P02,114,C,Master,ZE616,2025-11-20 14:55:00,2025-11-20 14:47:00,도착,I
델타항공,MSP,DL171,P03,265,B,Master,DL171,2025-11-20 15:30:00,2025-11-20 14:48:00,도착,I
대한항공,MSP,KE5034,P03,265,B,Slave,DL171,2025-11-20 15:30:00,2025-11-20 14:48:00,도착,I
중국동방항공,YNT,MU267,P02,131,D,Master,MU267,2025-11-20 14:55:00,2025-11-20 14:54:00,도착,I
대한항공,YNT,KE5852,P02,131,D,Slave,MU267,2025-11-20 14:55:00,2025-11-20 14:54:00,도착,I
티웨이항공,FCO,TW406,P01,26,B,Master,TW406,2025-11-20 14:50:00,2025-11-20 14:59:00,도착,I
티웨이항공,SHE,TW614,P02,105,C,Master,TW614,2025-11-20 15:00:00,2025-11-20 15:01:00,도착,I
중국남방항공,CAN,CZ3061,P02,122,E,Master,CZ3061,2025-11-20 15:15:00,2025-11-20 15:02:00,도착,I
사천항공,CAN,3U7023,P02,122,E,Slave,CZ3061,2025-11-20 15:15:00,2025-11-20 15:02:00,도착,I
대한항공,SGN,KE480,P03,249,A,Master,KE480,2025-11-20 15:00:00,2025-11-20 15:02:00,도착,I
델타항공,SGN,DL7920,P03,249,A,Slave,KE480,2025-11-20 15:00:00,2025-11-20 15:02:00,도착,I
웨스트젯,SGN,WS6070,P03,249,A,Slave,KE480,2025-11-20 15:00:00,2025-11-20 15:02:00,도착,I
베트남항공,SGN,VN3406,P03,249,A,Slave,KE480,2025-11-20 15:00:00,2025-11-20 15:02:00,도착,I
제주항공,KIX,7C1316,P01,45,E,Master,7C1316,2025-11-20 15:15:00,2025-11-20 15:08:00,도착,I
한 에어,KIX,H19937,P01,45,E,Slave,7C1316,2025-11-20 15:15:00,2025-11-20 15:08:00,도착,I
에어프레미아,NRT,YP732,P01,27,B,Master,YP732,2025-11-20 15:20:00,2025-11-20 15:09:00,도착,I
대한항공,FUK,KE792,P03,255,B,Master,KE792,2025-11-20 15:10:00,2025-11-20 15:08:00,도착,I
델타항공,FUK,DL7802,P03,255,B,Slave,KE792,2025-11-20 15:10:00,2025-11-20 15:08:00,도착,I
일본항공,FUK,JL5273,P03,255,B,Slave,KE792,2025-11-20 15:10:00,2025-11-20 15:08:00,도착,I
KLM네덜란드항공,FUK,KL3395,P03,255,B,Slave,KE792,2025-11-20 15:10:00,2025-11-20 15:08:00,도착,I
타이항공,BKK,TG652,P01,41,E,Master,TG652,2025-11-20 15:25:00,2025-11-20 15:07:00,도착,I
아시아나항공,TPE,OZ712,P01,22,B,Master,OZ712,2025-11-20 15:25:00,2025-11-20 15:13:00,도착,I
에바항공,TPE,BR2148,P01,22,B,Slave,OZ712,2025-11-20 15:25:00,2025-11-20 15:13:00,도착,I
에어로 몽골리아,UBN,M0601,P01,36,E,Master,M0601,2025-11-20 14:45:00,2025-11-20 15:11:00,도착,I
대한항공,TSN,KE806,P03,221,A,Master,KE806,2025-11-20 15:15:00,2025-11-20 15:15:00,도착,I
샤먼항공,TSN,MF9097,P03,221,A,Slave,KE806,2025-11-20 15:15:00,2025-11-20 15:15:00,도착,I
중국동방항공,PVG,MU5033,P02,132,D,Master,MU5033,2025-11-20 15:20:00,2025-11-20 15:23:00,도착,I
상하이항공,PVG,FM3071,P02,132,D,Slave,MU5033,2025-11-20 15:20:00,2025-11-20 15:23:00,도착,I
대한항공,PVG,KE5886,P02,132,D,Slave,MU5033,2025-11-20 15:20:00,2025-11-20 15:23:00,도착,I
에어서울,NRT,RS702,P03,281,B,Master,RS702,2025-11-20 15:35:00,2025-11-20 15:26:00,도착,I
아시아나항공,LAX,OZ201,P01,14,B,Master,OZ201,2025-11-20 15:45:00,2025-11-20 15:26:00,도착,I
코파항공,LAX,CM8002,P01,14,B,Slave,OZ201,2025-11-20 15:45:00,2025-11-20 15:26:00,도착,I
싱가포르항공,LAX,SQ5701,P01,14,B,Slave,OZ201,2025-11-20 15:45:00,2025-11-20 15:26:00,도착,I
타이항공,LAX,TG6732,P01,14,B,Slave,OZ201,2025-11-20 15:45:00,2025-11-20 15:26:00,도착,I
유나이티드항공,LAX,UA7286,P01,14,B,Slave,OZ201,2025-11-20 15:45:00,2025-11-20 15:26:00,도착,I
대한항공,FRA,KE946,P03,268,B,Master,KE946,2025-11-20 15:05:00,2025-11-20 15:27:00,도착,I
에어부산,FUK,BX157,P03,280,B,Master,BX157,2025-11-20 15:30:00,2025-11-20 15:28:00,도착,I
아시아나항공,FUK,OZ9577,P03,280,B,Slave,BX157,2025-11-20 15:30:00,2025-11-20 15:28:00,도착,I
대한항공,HFE,KE156,P03,245,A,Master,KE156,2025-11-20 15:35:00,2025-11-20 15:31:00,도착,I
대한항공,TPE,KE2022,P03,231,A,Master,KE2022,2025-11-20 15:50:00,2025-11-20 15:30:00,도착,I
델타항공,TPE,DL7776,P03,231,A,Slave,KE2022,2025-11-20 15:50:00,2025-11-20 15:30:00,도착,I
중화항공,TPE,CI9064,P03,231,A,Slave,KE2022,2025-11-20 15:50:00,2025-11-20 15:30:00,도착,I
제주항공,OIT,7C1812,P02,110,C,Master,7C1812,2025-11-20 15:45:00,2025-11-20 15:31:00,도착,I
한 에어,OIT,H19773,P02,110,C,Slave,7C1812,2025-11-20 15:45:00,2025-11-20 15:31:00,도착,I
진에어,CTS,LJ302,P03,254,B,Master,LJ302,2025-11-20 15:30:00,2025-11-20 15:33:00,도착,I
대한항공,CTS,KE5062,P03,254,B,Slave,LJ302,2025-11-20 15:30:00,2025-11-20 15:33:00,도착,I
중국동방항공,PVG,MU5011,P02,129,D,Master,MU5011,2025-11-20 15:05:00,2025-11-20 15:39:00,도착,I
대한항공,PVG,KE5884,P02,129,D,Slave,MU5011,2025-11-20 15:05:00,2025-11-20 15:39:00,도착,I
대한항공,KIJ,KE2198,P03,243,A,Master,KE2198,2025-11-20 15:45:00,2025-11-20 15:38:00,도착,I
델타항공,KIJ,DL7908,P03,243,A,Slave,KE2198,2025-11-20 15:45:00,2025-11-20 15:38:00,도착,I
일본항공,KIJ,JL5227,P03,243,A,Slave,KE2198,2025-11-20 15:45:00,2025-11-20 15:38:00,도착,I
대한항공,NGO,KE742,P03,225,A,Master,KE742,2025-11-20 15:50:00,2025-11-20 15:51:00,도착,I
일본항공,NGO,JL5219,P03,225,A,Slave,KE742,2025-11-20 15:50:00,2025-11-20 15:51:00,도착,I
KLM네덜란드항공,NGO,KL4257,P03,225,A,Slave,KE742,2025-11-20 15:50:00,2025-11-20 15:51:00,도착,I
몽골항공,NGO,OM6716,P03,225,A,Slave,KE742,2025-11-20 15:50:00,2025-11-20 15:51:00,도착,I
버진 애트란틱항공,NGO,VS5508,P03,225,A,Slave,KE742,2025-11-20 15:50:00,2025-11-20 15:51:00,도착,I
델타항공,NGO,DL7792,P03,225,A,Slave,KE742,2025-11-20 15:50:00,2025-11-20 15:51:00,도착,I
대한항공,CGO,KE134,P03,250,A,Master,KE134,2025-11-20 15:30:00,2025-11-20 15:42:00,도착,I
대한항공,MXP,KE928,P03,233,A,Master,KE928,2025-11-20 15:35:00,2025-11-20 15:42:00,도착,I
ITA항공,MXP,AZ7684,P03,233,A,Slave,KE928,2025-11-20 15:35:00,2025-11-20 15:42:00,도착,I
에어프레미아,LAX,YP102,P01,35,E,Master,YP102,2025-11-20 16:20:00,2025-11-20 15:42:00,도착,I
중국동방항공,TAO,MU559,P02,117,D,Master,MU559,2025-11-20 15:50:00,2025-11-20 15:48:00,도착,I
대한항공,TAO,KE5842,P02,117,D,Slave,MU559,2025-11-20 15:50:00,2025-11-20 15:48:00,도착,I
상하이항공,TAO,FM3083,P02,117,D,Slave,MU559,2025-11-20 15:50:00,2025-11-20 15:48:00,도착,I
대한항공,SEA,KE042,P03,232,A,Master,KE042,2025-11-20 15:55:00,2025-11-20 15:49:00,도착,I
델타항공,SEA,DL7838,P03,232,A,Slave,KE042,2025-11-20 15:55:00,2025-11-20 15:49:00,도착,I
진에어,NRT,LJ218,P03,279,B,Master,LJ218,2025-11-20 15:45:00,2025-11-20 15:52:00,도착,I
델타항공,DTW,DL159,P03,252,B,Master,DL159,2025-11-20 16:50:00,2025-11-20 15:52:00,도착,I
대한항공,DTW,KE7274,P03,252,B,Slave,DL159,2025-11-20 16:50:00,2025-11-20 15:52:00,도착,I
싱가포르항공,SIN,SQ600,P01,31,E,Master,SQ600,2025-11-20 15:40:00,2025-11-20 15:54:00,도착,I
에어캐나다,SIN,AC5879,P01,31,E,Slave,SQ600,2025-11-20 15:40:00,2025-11-20 15:54:00,도착,I
에어인디아 리미티드,SIN,AI8168,P01,31,E,Slave,SQ600,2025-11-20 15:40:00,2025-11-20 15:54:00,도착,I
아시아나항공,SIN,OZ6790,P01,31,E,Slave,SQ600,2025-11-20 15:40:00,2025-11-20 15:54:00,도착,I
버진 오스트레일리아,SIN,VA5670,P01,31,E,Slave,SQ600,2025-11-20 15:40:00,2025-11-20 15:54:00,도착,I
아시아나항공,NRT,OZ101,P01,10,B,Master,OZ101,2025-11-20 15:55:00,2025-11-20 16:04:00,도착,I
에티하드 항공,NRT,EY8459,P01,10,B,Slave,OZ101,2025-11-20 15:55:00,2025-11-20 16:04:00,도착,I
전일본공수,NRT,NH6971,P01,10,B,Slave,OZ101,2025-11-20 15:55:00,2025-11-20 16:04:00,도착,I
에어 뉴질랜드,NRT,NZ4061,P01,10,B,Slave,OZ101,2025-11-20 15:55:00,2025-11-20 16:04:00,도착,I
유나이티드항공,NRT,UA7317,P01,10,B,Slave,OZ101,2025-11-20 15:55:00,2025-11-20 16:04:00,도착,I
에티오피아항공,ADD,ET672,P01,23,B,Master,ET672,2025-11-20 15:45:00,2025-11-20 15:59:00,도착,I
아시아나항공,ADD,OZ9761,P01,23,B,Slave,ET672,2025-11-20 15:45:00,2025-11-20 15:59:00,도착,I
전일본공수,ADD,NH5340,P01,23,B,Slave,ET672,2025-11-20 15:45:00,2025-11-20 15:59:00,도착,I
르완다에어,ADD,WB1216,P01,23,B,Slave,ET672,2025-11-20 15:45:00,2025-11-20 15:59:00,도착,I
진에어,ISG,LJ362,P03,276,B,Master,LJ362,2025-11-20 16:00:00,2025-11-20 16:05:00,도착,I
이스타항공,CTS,ZE626,P02,119,D,Master,ZE626,2025-11-20 16:00:00,2025-11-20 16:04:00,도착,I
대한항공,KIX,KE728,P03,257,B,Master,KE728,2025-11-20 16:10:00,2025-11-20 16:04:00,도착,I
델타항공,KIX,DL7790,P03,257,B,Slave,KE728,2025-11-20 16:10:00,2025-11-20 16:04:00,도착,I
일본항공,KIX,JL5271,P03,257,B,Slave,KE728,2025-11-20 16:10:00,2025-11-20 16:04:00,도착,I
심천항공,SZX,ZH631,P01,33,E,Master,ZH631,2025-11-20 15:45:00,2025-11-20 16:03:00,도착,I
중국국제항공,SZX,CA3861,P01,33,E,Slave,ZH631,2025-11-20 15:45:00,2025-11-20 16:03:00,도착,I
아시아나항공,SZX,OZ6882,P01,33,E,Slave,ZH631,2025-11-20 15:45:00,2025-11-20 16:03:00,도착,I
진에어,OKA,LJ342,P03,278,B,Master,LJ342,2025-11-20 15:50:00,2025-11-20 16:13:00,도착,I
대한항공,OKA,KE5746,P03,278,B,Slave,LJ342,2025-11-20 15:50:00,2025-11-20 16:13:00,도착,I
진에어,TPE,LJ732,P03,239,A,Master,LJ732,2025-11-20 16:05:00,2025-11-20 16:08:00,도착,I
대한항공,TPE,KE5756,P03,239,A,Slave,LJ732,2025-11-20 16:05:00,2025-11-20 16:08:00,도착,I
진에어,FUK,LJ264,P03,251,B,Master,LJ264,2025-11-20 16:10:00,2025-11-20 16:09:00,도착,I
대한항공,FUK,KE5076,P03,251,B,Slave,LJ264,2025-11-20 16:10:00,2025-11-20 16:09:00,도착,I
대한항공,YYZ,KE078,P03,246,A,Master,KE078,2025-11-20 16:50:00,2025-11-20 16:13:00,도착,I
웨스트젯,YYZ,WS6064,P03,246,A,Slave,KE078,2025-11-20 16:50:00,2025-11-20 16:13:00,도착,I
아메리칸항공,DFW,AA281,P01,49,E,Master,AA281,2025-11-20 16:45:00,2025-11-20 16:14:00,도착,I
대한항공,DFW,KE5031,P01,49,E,Slave,AA281,2025-11-20 16:45:00,2025-11-20 16:14:00,도착,I
말레이시아 항공,DFW,MH9428,P01,49,E,Slave,AA281,2025-11-20 16:45:00,2025-11-20 16:14:00,도착,I
중국남방항공,DLC,CZ695,P02,125,D,Master,CZ695,2025-11-20 16:30:00,2025-11-20 16:16:00,도착,I
진에어,NRT,LJ206,P03,260,B,Master,LJ206,2025-11-20 16:30:00,2025-11-20 16:17:00,도착,I
중국국제항공,PEK,CA125,P01,34,E,Master,CA125,2025-11-20 16:35:00,2025-11-20 16:19:00,도착,I
아시아나항공,PEK,OZ6804,P01,34,E,Slave,CA125,2025-11-20 16:35:00,2025-11-20 16:19:00,도착,I
산동항공,PEK,SC149,P01,34,E,Slave,CA125,2025-11-20 16:35:00,2025-11-20 16:19:00,도착,I
대한항공,BOS,KE092,P03,266,B,Master,KE092,2025-11-20 16:35:00,2025-11-20 16:23:00,도착,I
델타항공,BOS,DL7840,P03,266,B,Slave,KE092,2025-11-20 16:35:00,2025-11-20 16:23:00,도착,I
대한항공,NRT,KE704,P03,277,B,Master,KE704,2025-11-20 16:40:00,2025-11-20 16:25:00,도착,I
아에로멕시코,NRT,AM6754,P03,277,B,Slave,KE704,2025-11-20 16:40:00,2025-11-20 16:25:00,도착,I
델타항공,NRT,DL7780,P03,277,B,Slave,KE704,2025-11-20 16:40:00,2025-11-20 16:25:00,도착,I
일본항공,NRT,JL5205,P03,277,B,Slave,KE704,2025-11-20 16:40:00,2025-11-20 16:25:00,도착,I
아시아나항공,PVG,OZ364,P01,9,B,Master,OZ364,2025-11-20 16:00:00,2025-11-20 16:18:00,도착,I
길상항공,PVG,HO3112,P01,9,B,Slave,OZ364,2025-11-20 16:00:00,2025-11-20 16:18:00,도착,I
베트남항공,SGN,VN402,P02,123,D,Master,VN402,2025-11-20 16:25:00,2025-11-20 16:21:00,도착,I
파라타항공,NRT,WE502,P01,48,E,Master,WE502,2025-11-20 16:15:00,2025-11-20 16:25:00,도착,I
베트남항공,HAN,VN414,P02,109,C,Master,VN414,2025-11-20 16:30:00,2025-11-20 16:27:00,도착,I
대한항공,LHR,KE908,P03,247,A,Master,KE908,2025-11-20 16:25:00,2025-11-20 16:29:00,도착,I
버진 애트란틱항공,LHR,VS5502,P03,247,A,Slave,KE908,2025-11-20 16:25:00,2025-11-20 16:29:00,도착,I
대한항공,UBN,KE2042,P03,234,A,Master,KE2042,2025-11-20 16:30:00,2025-11-20 16:30:00,도착,I
델타항공,UBN,DL7886,P03,234,A,Slave,KE2042,2025-11-20 16:30:00,2025-11-20 16:30:00,도착,I
몽골항공,UBN,OM5301,P03,234,A,Slave,KE2042,2025-11-20 16:30:00,2025-11-20 16:30:00,도착,I
유나이티드항공,SFO,UA893,P01,32,E,Master,UA893,2025-11-20 16:15:00,2025-11-20 16:34:00,도착,I
아시아나항공,SFO,OZ6615,P01,32,E,Slave,UA893,2025-11-20 16:15:00,2025-11-20 16:34:00,도착,I
델타항공,ATL,DL189,P03,253,B,Master,DL189,2025-11-20 15:50:00,2025-11-20 16:32:00,도착,I
대한항공,ATL,KE5040,P03,253,B,Slave,DL189,2025-11-20 15:50:00,2025-11-20 16:32:00,도착,I
에어캐나다,YVR,AC063,P01,30,E,Master,AC063,2025-11-20 17:10:00,2025-11-20 16:55:00,도착,I
싱가포르항공,YVR,SQ1003,P01,30,E,Slave,AC063,2025-11-20 17:10:00,2025-11-20 16:55:00,도착,I
아시아나항공,YVR,OZ6101,P01,30,E,Slave,AC063,2025-11-20 17:10:00,2025-11-20 16:55:00,도착,I
대한항공,DLC,KE874,P03,238,A,Master,KE874,2025-11-20 16:55:00,2025-11-20 16:34:00,도착,I
중국동방항공,DLC,MU8959,P03,238,A,Slave,KE874,2025-11-20 16:55:00,2025-11-20 16:34:00,도착,I
아시아나항공,CAN,OZ370,P01,12,B,Master,OZ370,2025-11-20 17:00:00,2025-11-20 16:39:00,도착,I
심천항공,CAN,ZH3307,P01,12,B,Slave,OZ370,2025-11-20 17:00:00,2025-11-20 16:39:00,도착,I
대한항공,LAX,KE018,P03,268,B,Master,KE018,2025-11-20 17:35:00,2025-11-20 16:41:00,도착,I
아에로멕시코,LAX,AM6703,P03,268,B,Slave,KE018,2025-11-20 17:35:00,2025-11-20 16:41:00,도착,I
델타항공,LAX,DL7836,P03,268,B,Slave,KE018,2025-11-20 17:35:00,2025-11-20 16:41:00,도착,I
란항공,LAX,LA8427,P03,268,B,Slave,KE018,2025-11-20 17:35:00,2025-11-20 16:41:00,도착,I
대한항공,CSX,KE820,P03,219,A,Master,KE820,2025-11-20 17:00:00,2025-11-20 16:43:00,도착,I
샤먼항공,CSX,MF9081,P03,219,A,Slave,KE820,2025-11-20 17:00:00,2025-11-20 16:43:00,도착,I
중국동방항공,CSX,MU8945,P03,219,A,Slave,KE820,2025-11-20 17:00:00,2025-11-20 16:43:00,도착,I
아시아나항공,JFK,OZ221,P01,8,B,Master,OZ221,2025-11-20 17:05:00,2025-11-20 16:43:00,도착,I
코파항공,JFK,CM8005,P01,8,B,Slave,OZ221,2025-11-20 17:05:00,2025-11-20 16:43:00,도착,I
싱가포르항공,JFK,SQ5721,P01,8,B,Slave,OZ221,2025-11-20 17:05:00,2025-11-20 16:43:00,도착,I
타이항공,JFK,TG6746,P01,8,B,Slave,OZ221,2025-11-20 17:05:00,2025-11-20 16:43:00,도착,I
유나이티드항공,JFK,UA7294,P01,8,B,Slave,OZ221,2025-11-20 17:05:00,2025-11-20 16:43:00,도착,I
대한항공,BKK,KE660,P03,218,A,Master,KE660,2025-11-20 17:05:00,2025-11-20 16:46:00,도착,I
델타항공,BKK,DL7853,P03,218,A,Slave,KE660,2025-11-20 17:05:00,2025-11-20 16:46:00,도착,I
하와이안 항공,BKK,HA6012,P03,218,A,Slave,KE660,2025-11-20 17:05:00,2025-11-20 16:46:00,도착,I
웨스트젯,BKK,WS6074,P03,218,A,Slave,KE660,2025-11-20 17:05:00,2025-11-20 16:46:00,도착,I
이스타항공,FUK,ZE648,P02,104,C,Master,ZE648,2025-11-20 16:30:00,2025-11-20 16:46:00,도착,I
KLM네덜란드항공,AMS,KL855,P03,281,B,Master,KL855,2025-11-20 16:55:00,2025-11-20 16:56:00,도착,I
대한항공,AMS,KE5926,P03,281,B,Slave,KL855,2025-11-20 16:55:00,2025-11-20 16:56:00,도착,I
에어 프랑스,AMS,AF3113,P03,281,B,Slave,KL855,2025-11-20 16:55:00,2025-11-20 16:56:00,도착,I
대한항공,SZX,KE836,P03,241,A,Master,KE836,2025-11-20 17:00:00,2025-11-20 16:52:00,도착,I
델타항공,SEA,DL197,P03,242,A,Master,DL197,2025-11-20 16:30:00,2025-11-20 16:54:00,도착,I
대한항공,SEA,KE5020,P03,242,A,Slave,DL197,2025-11-20 16:30:00,2025-11-20 16:54:00,도착,I
제주항공,NRT,7C1104,P01,28,E,Master,7C1104,2025-11-20 16:45:00,2025-11-20 16:53:00,도착,I
한 에어,NRT,H19803,P01,28,E,Slave,7C1104,2025-11-20 16:45:00,2025-11-20 16:53:00,도착,I
대한항공,CTS,KE766,P03,256,B,Master,KE766,2025-11-20 17:15:00,2025-11-20 16:55:00,도착,I
KLM네덜란드항공,CTS,KL4250,P03,256,B,Slave,KE766,2025-11-20 17:15:00,2025-11-20 16:55:00,도착,I
버진 애트란틱항공,CTS,VS5512,P03,256,B,Slave,KE766,2025-11-20 17:15:00,2025-11-20 16:55:00,도착,I
델타항공,CTS,DL7904,P03,256,B,Slave,KE766,2025-11-20 17:15:00,2025-11-20 16:55:00,도착,I
일본항공,CTS,JL5209,P03,256,B,Slave,KE766,2025-11-20 17:15:00,2025-11-20 16:55:00,도착,I
춘추항공,PVG,9C8559,P02,113,C,Master,9C8559,2025-11-20 16:40:00,2025-11-20 16:58:00,도착,I
대한항공,ORD,KE038,P03,248,A,Master,KE038,2025-11-20 17:15:00,2025-11-20 16:57:00,도착,I
델타항공,ORD,DL7862,P03,248,A,Slave,KE038,2025-11-20 17:15:00,2025-11-20 16:57:00,도착,I
대한항공,HKG,KE2002,P03,258,B,Master,KE2002,2025-11-20 17:05:00,2025-11-20 17:00:00,도착,I
델타항공,HKG,DL7772,P03,258,B,Slave,KE2002,2025-11-20 17:05:00,2025-11-20 17:00:00,도착,I
웨스트젯,HKG,WS6034,P03,258,B,Slave,KE2002,2025-11-20 17:05:00,2025-11-20 17:00:00,도착,I
대한항공,PUS,KE1410,P03,243,국내선,Master,KE1410,2025-11-20 17:20:00,2025-11-20 17:01:00,도착,D
ITA항공,PUS,AZ2777,P03,243,국내선,Slave,KE1410,2025-11-20 17:20:00,2025-11-20 17:01:00,도착,D
델타항공,PUS,DL7882,P03,243,국내선,Slave,KE1410,2025-11-20 17:20:00,2025-11-20 17:01:00,도착,D
KLM네덜란드항공,PUS,KL3397,P03,243,국내선,Slave,KE1410,2025-11-20 17:20:00,2025-11-20 17:01:00,도착,D
아시아나항공,MNL,OZ702,P01,26,B,Master,OZ702,2025-11-20 16:40:00,2025-11-20 17:07:00,도착,I
대한항공,ATL,KE036,P03,261,B,Master,KE036,2025-11-20 17:45:00,2025-11-20 17:02:00,도착,I
델타항공,ATL,DL7850,P03,261,B,Slave,KE036,2025-11-20 17:45:00,2025-11-20 17:02:00,도착,I
아시아나항공,HNL,OZ231,P01,19,B,Master,OZ231,2025-11-20 17:30:00,2025-11-20 17:04:00,도착,I
타이항공,HNL,TG6734,P01,19,B,Slave,OZ231,2025-11-20 17:30:00,2025-11-20 17:04:00,도착,I
싱가포르항공,HNL,SQ5731,P01,19,B,Slave,OZ231,2025-11-20 17:30:00,2025-11-20 17:04:00,도착,I
대한항공,DFW,KE032,P03,280,B,Master,KE032,2025-11-20 17:35:00,2025-11-20 17:09:00,도착,I
델타항공,DFW,DL7868,P03,280,B,Slave,KE032,2025-11-20 17:35:00,2025-11-20 17:09:00,도착,I
아시아나항공,XIY,OZ348,P01,16,B,Master,OZ348,2025-11-20 17:10:00,2025-11-20 17:09:00,도착,I
심천항공,XIY,ZH3303,P01,16,B,Slave,OZ348,2025-11-20 17:10:00,2025-11-20 17:09:00,도착,I
에미레이트항공,DXB,EK322,P01,43,E,Master,EK322,2025-11-20 16:50:00,2025-11-20 17:13:00,도착,I
대한항공,DXB,KE5952,P01,43,E,Slave,EK322,2025-11-20 16:50:00,2025-11-20 17:13:00,도착,I
대한항공,MNL,KE622,P03,254,B,Master,KE622,2025-11-20 17:25:00,2025-11-20 17:13:00,도착,I
티웨이항공,BCN,TW408,P01,50,E,Master,TW408,2025-11-20 16:50:00,2025-11-20 17:13:00,도착,I
대한항공,FOC,KE128,P03,245,A,Master,KE128,2025-11-20 17:05:00,2025-11-20 17:17:00,도착,I
샤먼항공,FOC,MF9595,P03,245,A,Slave,KE128,2025-11-20 17:05:00,2025-11-20 17:17:00,도착,I
제주항공,KOJ,7C1824,P01,38,E,Master,7C1824,2025-11-20 17:15:00,2025-11-20 17:15:00,도착,I
한 에어,KOJ,H19896,P01,38,E,Slave,7C1824,2025-11-20 17:15:00,2025-11-20 17:15:00,도착,I
대한항공,PVG,KE888,P03,264,B,Master,KE888,2025-11-20 17:10:00,2025-11-20 17:17:00,도착,I
상하이항공,PVG,FM8755,P03,264,B,Slave,KE888,2025-11-20 17:10:00,2025-11-20 17:17:00,도착,I
샤먼항공,PVG,MF9089,P03,264,B,Slave,KE888,2025-11-20 17:10:00,2025-11-20 17:17:00,도착,I
중국동방항공,PVG,MU8935,P03,264,B,Slave,KE888,2025-11-20 17:10:00,2025-11-20 17:17:00,도착,I
대한항공,HNL,KE054,P03,255,B,Master,KE054,2025-11-20 17:35:00,2025-11-20 17:16:00,도착,I
델타항공,HNL,DL7938,P03,255,B,Slave,KE054,2025-11-20 17:35:00,2025-11-20 17:16:00,도착,I
하와이안 항공,HNL,HA6020,P03,255,B,Slave,KE054,2025-11-20 17:35:00,2025-11-20 17:16:00,도착,I
아시아나항공,FUK,OZ133,P01,6,B,Master,OZ133,2025-11-20 17:20:00,2025-11-20 17:16:00,도착,I
에티오피아항공,FUK,ET1445,P01,6,B,Slave,OZ133,2025-11-20 17:20:00,2025-11-20 17:16:00,도착,I
터키항공,FUK,TK8095,P01,6,B,Slave,OZ133,2025-11-20 17:20:00,2025-11-20 17:16:00,도착,I
에어캐나다,FUK,AC6991,P01,6,B,Slave,OZ133,2025-11-20 17:20:00,2025-11-20 17:16:00,도착,I
에티하드 항공,FUK,EY8466,P01,6,B,Slave,OZ133,2025-11-20 17:20:00,2025-11-20 17:16:00,도착,I
전일본공수,FUK,NH6959,P01,6,B,Slave,OZ133,2025-11-20 17:20:00,2025-11-20 17:16:00,도착,I
이스타항공,OKA,ZE632,P02,118,D,Master,ZE632,2025-11-20 18:20:00,2025-11-20 17:19:00,도착,I
아시아나항공,HKG,OZ722,P01,18,B,Master,OZ722,2025-11-20 17:30:00,2025-11-20 17:18:00,도착,I
유나이티드항공,HKG,UA7305,P01,18,B,Slave,OZ722,2025-11-20 17:30:00,2025-11-20 17:18:00,도착,I
홍콩항공,HKG,HX1552,P01,18,B,Slave,OZ722,2025-11-20 17:30:00,2025-11-20 17:18:00,도착,I
대한항공,XIY,KE812,P03,235,A,Master,KE812,2025-11-20 16:45:00,2025-11-20 17:23:00,도착,I
중국동방항공,XIY,MU8947,P03,235,A,Slave,KE812,2025-11-20 16:45:00,2025-11-20 17:23:00,도착,I
제주항공,TPE,7C6102,P02,102,C,Master,7C6102,2025-11-20 17:00:00,2025-11-20 17:19:00,도착,I
한 에어,TPE,H19973,P02,102,C,Slave,7C6102,2025-11-20 17:00:00,2025-11-20 17:19:00,도착,I
대한항공,FCO,KE932,P03,236,A,Master,KE932,2025-11-20 17:25:00,2025-11-20 17:25:00,도착,I
ITA항공,FCO,AZ7686,P03,236,A,Slave,KE932,2025-11-20 17:25:00,2025-11-20 17:25:00,도착,I
제주항공,MYJ,7C1704,P01,37,E,Master,7C1704,2025-11-20 17:35:00,2025-11-20 17:25:00,도착,I
한 에어,MYJ,H19842,P01,37,E,Slave,7C1704,2025-11-20 17:35:00,2025-11-20 17:25:00,도착,I
카타르항공,DOH,QR858,P01,46,E,Master,QR858,2025-11-20 17:15:00,2025-11-20 17:32:00,도착,I
란항공,DOH,LA6036,P01,46,E,Slave,QR858,2025-11-20 17:15:00,2025-11-20 17:32:00,도착,I
로얄 에어 모로코,DOH,AT5714,P01,46,E,Slave,QR858,2025-11-20 17:15:00,2025-11-20 17:32:00,도착,I
아시아나항공,DOH,OZ6888,P01,46,E,Slave,QR858,2025-11-20 17:15:00,2025-11-20 17:32:00,도착,I
르완다에어,DOH,WB1569,P01,46,E,Slave,QR858,2025-11-20 17:15:00,2025-11-20 17:32:00,도착,I
이베리아항공,DOH,IB6416,P01,46,E,Slave,QR858,2025-11-20 17:15:00,2025-11-20 17:32:00,도착,I
영국항공,DOH,BA2292,P01,46,E,Slave,QR858,2025-11-20 17:15:00,2025-11-20 17:32:00,도착,I
대한항공,BNE,KE408,P03,276,B,Master,KE408,2025-11-20 17:40:00,2025-11-20 17:36:00,도착,I
KLM네덜란드항공,BNE,KL9163,P03,276,B,Slave,KE408,2025-11-20 17:40:00,2025-11-20 17:36:00,도착,I
몽골항공,BNE,OM6532,P03,276,B,Slave,KE408,2025-11-20 17:40:00,2025-11-20 17:36:00,도착,I
버진 애트란틱항공,BNE,VS5526,P03,276,B,Slave,KE408,2025-11-20 17:40:00,2025-11-20 17:36:00,도착,I
티웨이항공,OKA,TW282,P02,128,D,Master,TW282,2025-11-20 17:55:00,2025-11-20 17:34:00,도착,I
대한항공,TAO,KE844,P03,266,B,Master,KE844,2025-11-20 17:35:00,2025-11-20 17:43:00,도착,I
중국동방항공,TAO,MU8939,P03,266,B,Slave,KE844,2025-11-20 17:35:00,2025-11-20 17:43:00,도착,I
티웨이항공,NRT,TW244,P02,115,C,Master,TW244,2025-11-20 17:45:00,2025-11-20 17:32:00,도착,I
대한항공,CAN,KE868,P03,220,A,Master,KE868,2025-11-20 17:35:00,2025-11-20 17:35:00,도착,I
대한항공,IAD,KE094,P03,225,A,Master,KE094,2025-11-20 17:40:00,2025-11-20 17:48:00,도착,I
델타항공,IAD,DL7856,P03,225,A,Slave,KE094,2025-11-20 17:40:00,2025-11-20 17:48:00,도착,I
대한항공,CDG,KE902,P03,247,A,Master,KE902,2025-11-20 17:20:00,2025-11-20 17:38:00,도착,I
에어 프랑스,CDG,AF5092,P03,247,A,Slave,KE902,2025-11-20 17:20:00,2025-11-20 17:38:00,도착,I
대한항공,SFO,KE024,P03,224,A,Master,KE024,2025-11-20 17:40:00,2025-11-20 17:43:00,도착,I
델타항공,SFO,DL7861,P03,224,A,Slave,KE024,2025-11-20 17:40:00,2025-11-20 17:43:00,도착,I
에어부산,KIX,BX173,P03,278,B,Master,BX173,2025-11-20 18:10:00,2025-11-20 17:40:00,도착,I
상하이항공,PVG,FM827,P02,126,D,Master,FM827,2025-11-20 17:25:00,2025-11-20 17:43:00,도착,I
중국동방항공,PVG,MU8603,P02,126,D,Slave,FM827,2025-11-20 17:25:00,2025-11-20 17:43:00,도착,I
대한항공,PVG,KE5894,P02,126,D,Slave,FM827,2025-11-20 17:25:00,2025-11-20 17:43:00,도착,I
아시아나항공,LHR,OZ522,P01,15,B,Master,OZ522,2025-11-20 17:50:00,2025-11-20 17:44:00,도착,I
대한항공,XMN,KE126,P03,251,B,Master,KE126,2025-11-20 17:50:00,2025-11-20 17:51:00,도착,I
샤먼항공,XMN,MF9017,P03,251,B,Slave,KE126,2025-11-20 17:50:00,2025-11-20 17:51:00,도착,I
티웨이항공,CTS,TW264,P02,105,C,Master,TW264,2025-11-20 18:10:00,2025-11-20 17:46:00,도착,I
제주항공,TAG,7C2122,P02,101,B,Master,7C2122,2025-11-20 18:05:00,2025-11-20 17:49:00,도착,I
한 에어,TAG,H19793,P02,101,B,Slave,7C2122,2025-11-20 18:05:00,2025-11-20 17:49:00,도착,I
대한항공,YVR,KE072,P03,239,A,Master,KE072,2025-11-20 17:45:00,2025-11-20 17:49:00,도착,I
웨스트젯,YVR,WS6062,P03,239,A,Slave,KE072,2025-11-20 17:45:00,2025-11-20 17:49:00,도착,I
청도항공,TAO,QW9901,P01,41,E,Master,QW9901,2025-11-20 17:40:00,2025-11-20 17:50:00,도착,I
대한항공,SIN,KE648,P03,257,B,Master,KE648,2025-11-20 18:25:00,2025-11-20 17:54:00,도착,I
델타항공,SIN,DL7824,P03,257,B,Slave,KE648,2025-11-20 18:25:00,2025-11-20 17:54:00,도착,I
몽골항공,SIN,OM6234,P03,257,B,Slave,KE648,2025-11-20 18:25:00,2025-11-20 17:54:00,도착,I
웨스트젯,SIN,WS6066,P03,257,B,Slave,KE648,2025-11-20 18:25:00,2025-11-20 17:54:00,도착,I
대한항공,JFK,KE082,P03,231,A,Master,KE082,2025-11-20 17:45:00,2025-11-20 17:54:00,도착,I
델타항공,JFK,DL7842,P03,231,A,Slave,KE082,2025-11-20 17:45:00,2025-11-20 17:54:00,도착,I
대한항공,SYD,KE402,P03,275,B,Master,KE402,2025-11-20 17:50:00,2025-11-20 17:57:00,도착,I
KLM네덜란드항공,SYD,KL9161,P03,275,B,Slave,KE402,2025-11-20 17:50:00,2025-11-20 17:57:00,도착,I
몽골항공,SYD,OM6522,P03,275,B,Slave,KE402,2025-11-20 17:50:00,2025-11-20 17:57:00,도착,I
버진 애트란틱항공,SYD,VS5524,P03,275,B,Slave,KE402,2025-11-20 17:50:00,2025-11-20 17:57:00,도착,I
티웨이항공,KIX,TW304,P02,112,C,Master,TW304,2025-11-20 17:55:00,2025-11-20 17:54:00,도착,I
아시아나항공,HRB,OZ340,P01,14,B,Master,OZ340,2025-11-20 18:10:00,2025-11-20 17:58:00,도착,I
중국남방항공,HRB,CZ4203,P01,14,B,Slave,OZ340,2025-11-20 18:10:00,2025-11-20 17:58:00,도착,I
산동항공,TAO,SC4615,P01,36,E,Master,SC4615,2025-11-20 18:10:00,2025-11-20 18:04:00,도착,I
중국국제항공,TAO,CA8859,P01,36,E,Slave,SC4615,2025-11-20 18:10:00,2025-11-20 18:04:00,도착,I
아시아나항공,TAO,OZ6714,P01,36,E,Slave,SC4615,2025-11-20 18:10:00,2025-11-20 18:04:00,도착,I
제주항공,HIJ,7C1618,P02,114,C,Master,7C1618,2025-11-20 18:15:00,2025-11-20 18:04:00,도착,I
한 에어,HIJ,H19756,P02,114,C,Slave,7C1618,2025-11-20 18:15:00,2025-11-20 18:04:00,도착,I
에어로케이항공,HUN,RF5203,P02,107,C,Master,RF5203,2025-11-20 18:15:00,2025-11-20 18:08:00,도착,I
티웨이항공,DAD,TW008,P02,129,D,Master,TW008,2025-11-20 18:40:00,2025-11-20 18:10:00,도착,I
아시아나항공,NKG,OZ350,P01,2,B,Master,OZ350,2025-11-20 18:10:00,2025-11-20 18:11:00,도착,I
심천항공,NKG,ZH3293,P01,2,B,Slave,OZ350,2025-11-20 18:10:00,2025-11-20 18:11:00,도착,I
길상항공,NKG,HO3104,P01,2,B,Slave,OZ350,2025-11-20 18:10:00,2025-11-20 18:11:00,도착,I
아시아나항공,HGH,OZ360,P01,23,B,Master,OZ360,2025-11-20 18:10:00,2025-11-20 18:13:00,도착,I
중국국제항공,HGH,CA5017,P01,23,B,Slave,OZ360,2025-11-20 18:10:00,2025-11-20 18:13:00,도착,I
길상항공,HGH,HO3102,P01,23,B,Slave,OZ360,2025-11-20 18:10:00,2025-11-20 18:13:00,도착,I
알래스카 항공,SEA,AS871,P01,33,E,Master,AS871,2025-11-20 18:35:00,2025-11-20 18:19:00,도착,I
하와이안 항공,SEA,HA871,P01,33,E,Slave,AS871,2025-11-20 18:35:00,2025-11-20 18:19:00,도착,I
제주항공,HKG,7C6022,P02,131,D,Master,7C6022,2025-11-20 18:25:00,2025-11-20 18:23:00,도착,I
한 에어,HKG,H19991,P02,131,D,Slave,7C6022,2025-11-20 18:25:00,2025-11-20 18:23:00,도착,I
진에어,FUK,LJ270,P03,249,A,Master,LJ270,2025-11-20 18:40:00,2025-11-20 18:43:00,도착,I
에어서울,FUK,RS728,P03,281,B,Master,RS728,2025-11-20 18:35:00,2025-11-20 18:35:00,도착,I
에어캐나다,YYZ,AC061,P01,31,E,Master,AC061,2025-11-20 18:25:00,2025-11-20 18:30:00,도착,I
아시아나항공,YYZ,OZ6113,P01,31,E,Slave,AC061,2025-11-20 18:25:00,2025-11-20 18:30:00,도착,I
캐세이퍼시픽항공,HKG,CX418,P01,47,E,Master,CX418,2025-11-20 18:35:00,2025-11-20 18:35:00,도착,I
콴타스항공,HKG,QF8222,P01,47,E,Slave,CX418,2025-11-20 18:35:00,2025-11-20 18:35:00,도착,I
카타르항공,HKG,QR8370,P01,47,E,Slave,CX418,2025-11-20 18:35:00,2025-11-20 18:35:00,도착,I
아시아나항공,SZX,OZ372,P01,21,B,Master,OZ372,2025-11-20 18:20:00,2025-11-20 18:37:00,도착,I
심천항공,SZX,ZH3301,P01,21,B,Slave,OZ372,2025-11-20 18:20:00,2025-11-20 18:37:00,도착,I
아시아나항공,PEK,OZ334,P01,6,B,Master,OZ334,2025-11-20 18:35:00,2025-11-20 18:38:00,도착,I
중국국제항공,PEK,CA5003,P01,6,B,Slave,OZ334,2025-11-20 18:35:00,2025-11-20 18:38:00,도착,I
샤먼항공,FOC,MF877,P03,263,B,Master,MF877,2025-11-20 19:00:00,2025-11-20 18:43:00,도착,I
에어서울,GUM,RS104,P03,276,B,Master,RS104,2025-11-20 18:50:00,2025-11-20 18:49:00,도착,I
티웨이항공,FUK,TW206,P02,111,C,Master,TW206,2025-11-20 18:50:00,2025-11-20 18:52:00,도착,I
티웨이항공,KLO,TW126,P02,122,D,Master,TW126,2025-11-20 19:05:00,2025-11-20 18:50:00,도착,I
제주항공,KIX,7C1394,P01,1,B,Master,7C1394,2025-11-20 19:05:00,2025-11-20 18:59:00,도착,I
한 에어,KIX,H19873,P01,1,B,Slave,7C1394,2025-11-20 19:05:00,2025-11-20 18:59:00,도착,I
대한항공,HAN,KE442,P03,248,A,Master,KE442,2025-11-20 18:25:00,2025-11-20 19:01:00,도착,I
델타항공,HAN,DL7806,P03,248,A,Slave,KE442,2025-11-20 18:25:00,2025-11-20 19:01:00,도착,I
베트남항공,HAN,VN3412,P03,248,A,Slave,KE442,2025-11-20 18:25:00,2025-11-20 19:01:00,도착,I
웨스트젯,HAN,WS6068,P03,248,A,Slave,KE442,2025-11-20 18:25:00,2025-11-20 19:01:00,도착,I
중화항공,TPE,CI162,P03,250,A,Master,CI162,2025-11-20 19:15:00,2025-11-20 19:07:00,도착,I
델타항공,TPE,DL7719,P03,250,A,Slave,CI162,2025-11-20 19:15:00,2025-11-20 19:07:00,도착,I
하와이안 항공,TPE,HA2572,P03,250,A,Slave,CI162,2025-11-20 19:15:00,2025-11-20 19:07:00,도착,I
대한항공,TPE,KE5694,P03,250,A,Slave,CI162,2025-11-20 19:15:00,2025-11-20 19:07:00,도착,I
필리핀항공,MNL,PR402,P01,48,E,Master,PR402,2025-11-20 19:25:00,2025-11-20 19:11:00,도착,I
대한항공,SHE,KE834,P03,219,A,Master,KE834,2025-11-20 19:35:00,2025-11-20 19:16:00,도착,I
중국동방항공,SHE,MU8965,P03,219,A,Slave,KE834,2025-11-20 19:35:00,2025-11-20 19:16:00,도착,I
에바항공,KHH,BR172,P01,42,E,Master,BR172,2025-11-20 19:40:00,2025-11-20 19:13:00,도착,I
에어캐나다,KHH,AC6539,P01,42,E,Slave,BR172,2025-11-20 19:40:00,2025-11-20 19:13:00,도착,I
아시아나항공,KHH,OZ6876,P01,42,E,Slave,BR172,2025-11-20 19:40:00,2025-11-20 19:13:00,도착,I
아시아나항공,SYD,OZ602,P01,43,E,Master,OZ602,2025-11-20 19:00:00,2025-11-20 19:16:00,도착,I
에티하드 항공,SYD,EY8463,P01,43,E,Slave,OZ602,2025-11-20 19:00:00,2025-11-20 19:16:00,도착,I
터키항공,SYD,TK8097,P01,43,E,Slave,OZ602,2025-11-20 19:00:00,2025-11-20 19:16:00,도착,I
제주항공,FUK,7C1406,P01,35,E,Master,7C1406,2025-11-20 19:20:00,2025-11-20 19:17:00,도착,I
한 에어,FUK,H19832,P01,35,E,Slave,7C1406,2025-11-20 19:20:00,2025-11-20 19:17:00,도착,I
제주항공,OKA,7C1802,P01,45,E,Master,7C1802,2025-11-20 19:15:00,2025-11-20 19:14:00,도착,I
한 에어,OKA,H19844,P01,45,E,Slave,7C1802,2025-11-20 19:15:00,2025-11-20 19:14:00,도착,I
대한항공,MFM,KE2016,P03,235,A,Master,KE2016,2025-11-20 19:40:00,2025-11-20 19:20:00,도착,I
델타항공,MFM,DL7905,P03,235,A,Slave,KE2016,2025-11-20 19:40:00,2025-11-20 19:20:00,도착,I
에어서울,KIX,RS714,P03,279,B,Master,RS714,2025-11-20 17:55:00,2025-11-20 19:23:00,도착,I
에바항공,TPE,BR160,P01,39,E,Master,BR160,2025-11-20 18:45:00,2025-11-20 19:20:00,도착,I
에어캐나다,TPE,AC6537,P01,39,E,Slave,BR160,2025-11-20 18:45:00,2025-11-20 19:20:00,도착,I
에어 뉴질랜드,TPE,NZ4922,P01,39,E,Slave,BR160,2025-11-20 18:45:00,2025-11-20 19:20:00,도착,I
타이항공,TPE,TG6392,P01,39,E,Slave,BR160,2025-11-20 18:45:00,2025-11-20 19:20:00,도착,I
유니항공,TPE,B77026,P01,39,E,Slave,BR160,2025-11-20 18:45:00,2025-11-20 19:20:00,도착,I
아시아나항공,TPE,OZ6872,P01,39,E,Slave,BR160,2025-11-20 18:45:00,2025-11-20 19:20:00,도착,I
제주항공,UBN,7C5204,P01,41,E,Master,7C5204,2025-11-20 19:25:00,2025-11-20 19:21:00,도착,I
한 에어,UBN,H19890,P01,41,E,Slave,7C5204,2025-11-20 19:25:00,2025-11-20 19:21:00,도착,I
중국동방항공,NKG,MU2921,P02,124,D,Master,MU2921,2025-11-20 19:50:00,2025-11-20 19:24:00,도착,I
대한항공,NKG,KE5896,P02,124,D,Slave,MU2921,2025-11-20 19:50:00,2025-11-20 19:24:00,도착,I
비엣젯항공,SGN,VJ860,P02,130,D,Master,VJ860,2025-11-20 19:25:00,2025-11-20 19:28:00,도착,I
아시아나항공,HAN,OZ730,P01,19,B,Master,OZ730,2025-11-20 19:35:00,2025-11-20 19:29:00,도착,I
아시아나항공,PVG,OZ366,P01,18,B,Master,OZ366,2025-11-20 19:20:00,2025-11-20 19:31:00,도착,I
길상항공,PVG,HO3108,P01,18,B,Slave,OZ366,2025-11-20 19:20:00,2025-11-20 19:31:00,도착,I
중국남방항공,PVG,CZ369,P02,121,D,Master,CZ369,2025-11-20 19:55:00,2025-11-20 19:33:00,도착,I
아시아나항공,SGN,OZ732,P01,16,B,Master,OZ732,2025-11-20 19:20:00,2025-11-20 19:37:00,도착,I
에티하드 항공,SGN,EY8458,P01,16,B,Slave,OZ732,2025-11-20 19:20:00,2025-11-20 19:37:00,도착,I
산동항공,TAO,SC4617,P01,32,E,Master,SC4617,2025-11-20 20:10:00,2025-11-20 19:42:00,도착,I
중국국제항공,TAO,CA8879,P01,32,E,Slave,SC4617,2025-11-20 20:10:00,2025-11-20 19:42:00,도착,I
아시아나항공,TAO,OZ6708,P01,32,E,Slave,SC4617,2025-11-20 20:10:00,2025-11-20 19:42:00,도착,I
진에어,GUM,LJ914,P03,256,A,Master,LJ914,2025-11-20 20:05:00,2025-11-20 19:44:00,도착,I
대한항공,GUM,KE5776,P03,256,A,Slave,LJ914,2025-11-20 20:05:00,2025-11-20 19:44:00,도착,I
제주항공,MFM,7C6002,P01,46,E,Master,7C6002,2025-11-20 19:45:00,2025-11-20 19:50:00,도착,I
한 에어,MFM,H19961,P01,46,E,Slave,7C6002,2025-11-20 19:45:00,2025-11-20 19:50:00,도착,I
제주항공,NGO,7C1204,P01,38,E,Master,7C1204,2025-11-20 19:55:00,2025-11-20 19:52:00,도착,I
한 에어,NGO,H19817,P01,38,E,Slave,7C1204,2025-11-20 19:55:00,2025-11-20 19:52:00,도착,I
진에어,KIX,LJ236,P03,257,A,Master,LJ236,2025-11-20 19:45:00,2025-11-20 19:50:00,도착,I
대한항공,KIX,KE5072,P03,257,A,Slave,LJ236,2025-11-20 19:45:00,2025-11-20 19:50:00,도착,I
에어프레미아,HNL,YP152,P01,27,B,Master,YP152,2025-11-20 20:20:00,2025-11-20 19:56:00,도착,I
대한항공,NRT,KE712,P03,220,A,Master,KE712,2025-11-20 19:55:00,2025-11-20 20:02:00,도착,I
아에로멕시코,NRT,AM6706,P03,220,A,Slave,KE712,2025-11-20 19:55:00,2025-11-20 20:02:00,도착,I
델타항공,NRT,DL7896,P03,220,A,Slave,KE712,2025-11-20 19:55:00,2025-11-20 20:02:00,도착,I
일본항공,NRT,JL5251,P03,220,A,Slave,KE712,2025-11-20 19:55:00,2025-11-20 20:02:00,도착,I
에어프레미아,SFO,YP112,P01,30,E,Master,YP112,2025-11-20 20:30:00,2025-11-20 20:03:00,도착,I
제주항공,SPN,7C3212,P02,103,C,Master,7C3212,2025-11-20 20:25:00,2025-11-20 20:02:00,도착,I
젯스타,BNE,JQ053,P02,108,C,Master,JQ053,2025-11-20 19:55:00,2025-11-20 20:07:00,도착,I
핀에어,BNE,AY6442,P02,108,C,Slave,JQ053,2025-11-20 19:55:00,2025-11-20 20:07:00,도착,I
콴타스항공,BNE,QF5505,P02,108,C,Slave,JQ053,2025-11-20 19:55:00,2025-11-20 20:07:00,도착,I
대한항공,LIS,KE922,P03,225,A,Master,KE922,2025-11-20 20:00:00,2025-11-20 20:09:00,도착,I
중국남방항공,YNJ,CZ6073,P02,126,D,Master,CZ6073,2025-11-20 20:15:00,2025-11-20 20:08:00,도착,I
대한항공,AKL,KE412,P03,236,A,Master,KE412,2025-11-20 19:40:00,2025-11-20 20:10:00,도착,I
KLM네덜란드항공,AKL,KL4253,P03,236,A,Slave,KE412,2025-11-20 19:40:00,2025-11-20 20:10:00,도착,I
버진 애트란틱항공,AKL,VS5528,P03,236,A,Slave,KE412,2025-11-20 19:40:00,2025-11-20 20:10:00,도착,I
에어서울,DYG,RS812,P03,277,A,Master,RS812,2025-11-20 19:55:00,2025-11-20 20:23:00,도착,I
이스타항공,KIX,ZE614,P02,118,D,Master,ZE614,2025-11-20 19:50:00,2025-11-20 20:11:00,도착,I
터키항공,IST,TK090,P01,40,E,Master,TK090,2025-11-20 18:20:00,2025-11-20 20:13:00,도착,I
아시아나항공,IST,OZ6932,P01,40,E,Slave,TK090,2025-11-20 18:20:00,2025-11-20 20:13:00,도착,I
대한항공,OKA,KE2148,P03,221,A,Master,KE2148,2025-11-20 20:25:00,2025-11-20 20:19:00,도착,I
델타항공,OKA,DL7796,P03,221,A,Slave,KE2148,2025-11-20 20:25:00,2025-11-20 20:19:00,도착,I
버진 애트란틱항공,OKA,VS5514,P03,221,A,Slave,KE2148,2025-11-20 20:25:00,2025-11-20 20:19:00,도착,I
KLM네덜란드항공,OKA,KL9165,P03,221,A,Slave,KE2148,2025-11-20 20:25:00,2025-11-20 20:19:00,도착,I
일본항공,OKA,JL5275,P03,221,A,Slave,KE2148,2025-11-20 20:25:00,2025-11-20 20:19:00,도착,I
제주항공,FUK,7C1408,P01,1,B,Master,7C1408,2025-11-20 20:15:00,2025-11-20 20:16:00,도착,I
한 에어,FUK,H19911,P01,1,B,Slave,7C1408,2025-11-20 20:15:00,2025-11-20 20:16:00,도착,I
아시아나항공,NGO,OZ123,P01,2,B,Master,OZ123,2025-11-20 20:30:00,2025-11-20 20:18:00,도착,I
에티하드 항공,NGO,EY8472,P01,2,B,Slave,OZ123,2025-11-20 20:30:00,2025-11-20 20:18:00,도착,I
전일본공수,NGO,NH6965,P01,2,B,Slave,OZ123,2025-11-20 20:30:00,2025-11-20 20:18:00,도착,I
터키항공,NGO,TK8093,P01,2,B,Slave,OZ123,2025-11-20 20:30:00,2025-11-20 20:18:00,도착,I
제주항공,HKD,7C1514,P01,28,E,Master,7C1514,2025-11-20 20:40:00,2025-11-20 20:24:00,도착,I
한 에어,HKD,H19766,P01,28,E,Slave,7C1514,2025-11-20 20:40:00,2025-11-20 20:24:00,도착,I
피치항공,KIX,MM709,P02,113,C,Master,MM709,2025-11-20 20:15:00,2025-11-20 20:24:00,도착,I
진에어,KKJ,LJ350,P03,265,A,Master,LJ350,2025-11-20 20:15:00,2025-11-20 20:23:00,도착,I
아시아나항공,PEK,OZ336,P01,14,B,Master,OZ336,2025-11-20 20:30:00,2025-11-20 20:25:00,도착,I
심천항공,PEK,ZH3309,P01,14,B,Slave,OZ336,2025-11-20 20:30:00,2025-11-20 20:25:00,도착,I
중국국제항공,PEK,CA5005,P01,14,B,Slave,OZ336,2025-11-20 20:30:00,2025-11-20 20:25:00,도착,I
에어부산,KIX,BX175,P03,278,A,Master,BX175,2025-11-20 20:45:00,2025-11-20 20:34:00,도착,I
대한항공,KIX,KE726,P03,238,A,Master,KE726,2025-11-20 20:25:00,2025-11-20 20:32:00,도착,I
델타항공,KIX,DL7788,P03,238,A,Slave,KE726,2025-11-20 20:25:00,2025-11-20 20:32:00,도착,I
일본항공,KIX,JL5215,P03,238,A,Slave,KE726,2025-11-20 20:25:00,2025-11-20 20:32:00,도착,I
몽골항공,KIX,OM6706,P03,238,A,Slave,KE726,2025-11-20 20:25:00,2025-11-20 20:32:00,도착,I
중국동방항공,TAO,MU2043,P02,132,D,Master,MU2043,2025-11-20 20:40:00,2025-11-20 20:33:00,도착,I
대한항공,TAO,KE5870,P02,132,D,Slave,MU2043,2025-11-20 20:40:00,2025-11-20 20:33:00,도착,I
상하이항공,TAO,FM3075,P02,132,D,Slave,MU2043,2025-11-20 20:40:00,2025-11-20 20:33:00,도착,I
아시아나항공,TPE,OZ714,P01,3,B,Master,OZ714,2025-11-20 20:35:00,2025-11-20 20:33:00,도착,I
에바항공,TPE,BR2150,P01,3,B,Slave,OZ714,2025-11-20 20:35:00,2025-11-20 20:33:00,도착,I
티웨이항공,KHH,TW672,P02,128,D,Master,TW672,2025-11-20 20:45:00,2025-11-20 20:38:00,도착,I
대한항공,KMJ,KE2156,P03,233,A,Master,KE2156,2025-11-20 20:55:00,2025-11-20 20:39:00,도착,I
델타항공,KMJ,DL7930,P03,233,A,Slave,KE2156,2025-11-20 20:55:00,2025-11-20 20:39:00,도착,I
사천항공,DYG,3U3707,P01,47,E,Master,3U3707,2025-11-20 21:05:00,2025-11-20 20:37:00,도착,I
산동항공,YNT,SC7683,P01,34,E,Master,SC7683,2025-11-20 20:45:00,2025-11-20 20:42:00,도착,I
아시아나항공,YNT,OZ6720,P01,34,E,Slave,SC7683,2025-11-20 20:45:00,2025-11-20 20:42:00,도착,I
중국국제항공,YNT,CA8877,P01,34,E,Slave,SC7683,2025-11-20 20:45:00,2025-11-20 20:42:00,도착,I
아시아나항공,CTS,OZ173,P01,9,B,Master,OZ173,2025-11-20 20:55:00,2025-11-20 20:40:00,도착,I
전일본공수,CTS,NH6997,P01,9,B,Slave,OZ173,2025-11-20 20:55:00,2025-11-20 20:40:00,도착,I
에티오피아항공,CTS,ET1293,P01,9,B,Slave,OZ173,2025-11-20 20:55:00,2025-11-20 20:40:00,도착,I
대한항공,GUM,KE416,P03,246,A,Master,KE416,2025-11-20 20:40:00,2025-11-20 20:44:00,도착,I
델타항공,GUM,DL7828,P03,246,A,Slave,KE416,2025-11-20 20:40:00,2025-11-20 20:44:00,도착,I
대한항공,UKB,KE2174,P03,234,A,Master,KE2174,2025-11-20 20:40:00,2025-11-20 20:45:00,도착,I
말레이시아 항공,KUL,MH038,P01,24,B,Master,MH038,2025-11-20 20:55:00,2025-11-20 20:45:00,도착,I
카타르항공,KUL,QR4496,P01,24,B,Slave,MH038,2025-11-20 20:55:00,2025-11-20 20:45:00,도착,I
홍콩익스프레스,HKG,UO626,P02,107,C,Master,UO626,2025-11-20 21:05:00,2025-11-20 20:51:00,도착,I
산동항공,TNA,SC8003,P01,35,E,Master,SC8003,2025-11-20 21:05:00,2025-11-20 20:53:00,도착,I
중국국제항공,TNA,CA8875,P01,35,E,Slave,SC8003,2025-11-20 21:05:00,2025-11-20 20:53:00,도착,I
아시아나항공,TNA,OZ6706,P01,35,E,Slave,SC8003,2025-11-20 21:05:00,2025-11-20 20:53:00,도착,I
산동항공,TAO,SC4619,P01,36,E,Master,SC4619,2025-11-20 21:10:00,2025-11-20 20:57:00,도착,I
중국국제항공,TAO,CA8881,P01,36,E,Slave,SC4619,2025-11-20 21:10:00,2025-11-20 20:57:00,도착,I
아시아나항공,TAO,OZ6704,P01,36,E,Slave,SC4619,2025-11-20 21:10:00,2025-11-20 20:57:00,도착,I
중국동방항공,PVG,MU5051,P02,123,E,Master,MU5051,2025-11-20 20:45:00,2025-11-20 21:00:00,도착,I
대한항공,PVG,KE5880,P02,123,E,Slave,MU5051,2025-11-20 20:45:00,2025-11-20 21:00:00,도착,I
상하이항공,PVG,FM3069,P02,123,E,Slave,MU5051,2025-11-20 20:45:00,2025-11-20 21:00:00,도착,I
중국동방항공,YNT,MU5049,P02,117,D,Master,MU5049,2025-11-20 21:10:00,2025-11-20 21:03:00,도착,I
대한항공,YNT,KE5846,P02,117,D,Slave,MU5049,2025-11-20 21:10:00,2025-11-20 21:03:00,도착,I
대한항공,RMQ,KE2032,P03,218,A,Master,KE2032,2025-11-20 21:30:00,2025-11-20 21:09:00,도착,I
제주항공,DAD,7C2212,P01,37,E,Master,7C2212,2025-11-20 20:45:00,2025-11-20 21:03:00,도착,I
한 에어,DAD,H19838,P01,37,E,Slave,7C2212,2025-11-20 20:45:00,2025-11-20 21:03:00,도착,I
티웨이항공,SYD,TW502,P01,49,E,Master,TW502,2025-11-20 21:15:00,2025-11-20 21:04:00,도착,I
티웨이항공,KIX,TW306,P02,129,D,Master,TW306,2025-11-20 21:05:00,2025-11-20 21:10:00,도착,I
이스타항공,CTS,ZE624,P02,112,C,Master,ZE624,2025-11-20 21:20:00,2025-11-20 21:11:00,도착,I
캐세이퍼시픽항공,HKG,CX416,P01,41,E,Master,CX416,2025-11-20 21:25:00,2025-11-20 21:19:00,도착,I
콴타스항공,HKG,QF8227,P01,41,E,Slave,CX416,2025-11-20 21:25:00,2025-11-20 21:19:00,도착,I
카타르항공,HKG,QR5832,P01,41,E,Slave,CX416,2025-11-20 21:25:00,2025-11-20 21:19:00,도착,I
제주항공,FSZ,7C1604,P01,31,E,Master,7C1604,2025-11-20 21:15:00,2025-11-20 21:17:00,도착,I
한 에어,FSZ,H19928,P01,31,E,Slave,7C1604,2025-11-20 21:15:00,2025-11-20 21:17:00,도착,I
세부퍼시픽항공,CEB,5J130,P02,109,B,Master,5J130,2025-11-20 20:25:00,2025-11-20 21:23:00,도착,I
제주항공,NRT,7C1108,P02,119,E,Master,7C1108,2025-11-20 21:05:00,2025-11-20 21:26:00,도착,I
한 에어,NRT,H19806,P02,119,E,Slave,7C1108,2025-11-20 21:05:00,2025-11-20 21:26:00,도착,I
티웨이항공,RMQ,TW670,P02,122,E,Master,TW670,2025-11-20 21:10:00,2025-11-20 21:25:00,도착,I
비엣젯항공,DAD,VJ874,P02,131,E,Master,VJ874,2025-11-20 21:30:00,2025-11-20 21:30:00,도착,I
아시아나항공,KIX,OZ113,P01,7,B,Master,OZ113,2025-11-20 21:30:00,2025-11-20 21:25:00,도착,I
에티하드 항공,KIX,EY8451,P01,7,B,Slave,OZ113,2025-11-20 21:30:00,2025-11-20 21:25:00,도착,I
중국남방항공,CAN,CZ339,P02,124,E,Master,CZ339,2025-11-20 21:50:00,2025-11-20 21:28:00,도착,I
사천항공,CAN,3U7033,P02,124,E,Slave,CZ339,2025-11-20 21:50:00,2025-11-20 21:28:00,도착,I
제주항공,KIX,7C1306,P02,101,B,Master,7C1306,2025-11-20 21:40:00,2025-11-20 21:32:00,도착,I
한 에어,KIX,H19815,P02,101,B,Slave,7C1306,2025-11-20 21:40:00,2025-11-20 21:32:00,도착,I
진에어,FUK,LJ266,P03,258,A,Master,LJ266,2025-11-20 21:35:00,2025-11-20 21:37:00,도착,I
대한항공,FUK,KE5078,P03,258,A,Slave,LJ266,2025-11-20 21:35:00,2025-11-20 21:37:00,도착,I
중국남방항공,PKX,CZ315,P02,114,B,Master,CZ315,2025-11-20 22:15:00,2025-11-20 21:43:00,도착,I
피치항공,KIX,MM711,P02,113,B,Master,MM711,2025-11-20 21:55:00,2025-11-20 21:49:00,도착,I
중국국제항공,PEK,CA709,P01,16,B,Master,CA709,2025-11-20 21:55:00,2025-11-20 21:53:00,도착,I
아시아나항공,PEK,OZ6806,P01,16,B,Slave,CA709,2025-11-20 21:55:00,2025-11-20 21:53:00,도착,I
에어부산,NRT,BX165,P03,279,A,Master,BX165,2025-11-20 22:05:00,2025-11-20 21:56:00,도착,I
진에어,RMQ,LJ738,P03,256,A,Master,LJ738,2025-11-20 22:05:00,2025-11-20 21:56:00,도착,I
대한항공,DAD,KE458,P03,222,A,Master,KE458,2025-11-20 22:05:00,2025-11-20 22:01:00,도착,I
델타항공,DAD,DL7810,P03,222,A,Slave,KE458,2025-11-20 22:05:00,2025-11-20 22:01:00,도착,I
베트남항공,DAD,VN3442,P03,222,A,Slave,KE458,2025-11-20 22:05:00,2025-11-20 22:01:00,도착,I
이스타항공,FUK,ZE650,P02,104,B,Master,ZE650,2025-11-20 22:00:00,2025-11-20 22:03:00,도착,I
싱가포르항공,SIN,SQ606,P01,39,E,Master,SQ606,2025-11-20 22:00:00,2025-11-20 21:57:00,도착,I
에어인디아 리미티드,SIN,AI8170,P01,39,E,Slave,SQ606,2025-11-20 22:00:00,2025-11-20 21:57:00,도착,I
아시아나항공,SIN,OZ6784,P01,39,E,Slave,SQ606,2025-11-20 22:00:00,2025-11-20 21:57:00,도착,I
버진 오스트레일리아,SIN,VA5676,P01,39,E,Slave,SQ606,2025-11-20 22:00:00,2025-11-20 21:57:00,도착,I
진에어,NGO,LJ348,P03,263,A,Master,LJ348,2025-11-20 21:25:00,2025-11-20 22:02:00,도착,I
대한항공,NGO,KE5082,P03,263,A,Slave,LJ348,2025-11-20 21:25:00,2025-11-20 22:02:00,도착,I
티웨이항공,FUK,TW208,P02,102,B,Master,TW208,2025-11-20 22:10:00,2025-11-20 22:02:00,도착,I
티웨이항공,NRT,TW246,P02,105,B,Master,TW246,2025-11-20 21:50:00,2025-11-20 22:03:00,도착,I
이스타항공,NRT,ZE604,P02,115,B,Master,ZE604,2025-11-20 21:35:00,2025-11-20 22:10:00,도착,I
진에어,NRT,LJ208,P03,251,A,Master,LJ208,2025-11-20 21:40:00,2025-11-20 22:14:00,도착,I
아시아나항공,NRT,OZ105,P01,15,B,Master,OZ105,2025-11-20 22:25:00,2025-11-20 22:19:00,도착,I
전일본공수,NRT,NH6975,P01,15,B,Slave,OZ105,2025-11-20 22:25:00,2025-11-20 22:19:00,도착,I
유나이티드항공,NRT,UA7299,P01,15,B,Slave,OZ105,2025-11-20 22:25:00,2025-11-20 22:19:00,도착,I
에티하드 항공,NRT,EY8452,P01,15,B,Slave,OZ105,2025-11-20 22:25:00,2025-11-20 22:19:00,도착,I
에어 뉴질랜드,NRT,NZ4055,P01,15,B,Slave,OZ105,2025-11-20 22:25:00,2025-11-20 22:19:00,도착,I
대한항공,FUK,KE782,P03,249,A,Master,KE782,2025-11-20 22:35:00,2025-11-20 22:22:00,도착,I
델타항공,FUK,DL7798,P03,249,A,Slave,KE782,2025-11-20 22:35:00,2025-11-20 22:22:00,도착,I
일본항공,FUK,JL5225,P03,249,A,Slave,KE782,2025-11-20 22:35:00,2025-11-20 22:22:00,도착,I
KLM네덜란드항공,FUK,KL4259,P03,249,A,Slave,KE782,2025-11-20 22:35:00,2025-11-20 22:22:00,도착,I
몽골항공,FUK,OM6712,P03,249,A,Slave,KE782,2025-11-20 22:35:00,2025-11-20 22:22:00,도착,I
몽골항공,UBN,OM307,P01,45,B,Master,OM307,2025-11-20 22:40:00,2025-11-20 22:26:00,도착,I
스쿠트 항공,SIN,TR896,P02,111,B,Master,TR896,2025-11-20 21:45:00,2025-11-20 22:28:00,도착,I
에어마카오,MFM,NX826,P01,20,B,Master,NX826,2025-11-20 22:45:00,2025-11-20 22:32:00,도착,I
아시아나항공,MFM,OZ6866,P01,20,B,Slave,NX826,2025-11-20 22:45:00,2025-11-20 22:32:00,도착,I
산동항공,TNA,SC8007,P01,23,B,Master,SC8007,2025-11-20 22:50:00,2025-11-20 22:34:00,도착,I
중국국제항공,TNA,CA8853,P01,23,B,Slave,SC8007,2025-11-20 22:50:00,2025-11-20 22:34:00,도착,I
아시아나항공,TNA,OZ6718,P01,23,B,Slave,SC8007,2025-11-20 22:50:00,2025-11-20 22:34:00,도착,I
대한항공,TPE,KE2028,P03,235,A,Master,KE2028,2025-11-20 22:55:00,2025-11-20 22:34:00,도착,I
중화항공,TPE,CI9066,P03,235,A,Slave,KE2028,2025-11-20 22:55:00,2025-11-20 22:34:00,도착,I
델타항공,TPE,DL7778,P03,235,A,Slave,KE2028,2025-11-20 22:55:00,2025-11-20 22:34:00,도착,I
에어서울,NRT,RS704,P03,277,A,Master,RS704,2025-11-20 22:30:00,2025-11-20 22:42:00,도착,I
제주항공,NRT,7C1122,P02,103,B,Master,7C1122,2025-11-20 22:50:00,2025-11-20 22:39:00,도착,I
한 에어,NRT,H19762,P02,103,B,Slave,7C1122,2025-11-20 22:50:00,2025-11-20 22:39:00,도착,I
에티오피아항공,NRT,ET673,P01,12,B,Master,ET673,2025-11-20 23:00:00,2025-11-20 22:56:00,도착,I
전일본공수,NRT,NH5341,P01,12,B,Slave,ET673,2025-11-20 23:00:00,2025-11-20 22:56:00,도착,I
대한항공,HKG,KE2006,P03,243,A,Master,KE2006,2025-11-20 22:45:00,2025-11-20 23:22:00,도착,I
델타항공,HKG,DL7914,P03,243,A,Slave,KE2006,2025-11-20 22:45:00,2025-11-20 23:22:00,도착,I
대한항공,NRT,KE714,P03,245,A,Master,KE714,2025-11-20 23:25:00,2025-11-20 23:32:00,도착,I
에어 프랑스,NRT,AF5377,P03,245,A,Slave,KE714,2025-11-20 23:25:00,2025-11-20 23:32:00,도착,I
아에로멕시코,NRT,AM6707,P03,245,A,Slave,KE714,2025-11-20 23:25:00,2025-11-20 23:32:00,도착,I
델타항공,NRT,DL7902,P03,245,A,Slave,KE714,2025-11-20 23:25:00,2025-11-20 23:32:00,도착,I
일본항공,NRT,JL5253,P03,245,A,Slave,KE714,2025-11-20 23:25:00,2025-11-20 23:32:00,도착,I
에어 타히티 누이,NRT,TN1576,P03,245,A,Slave,KE714,2025-11-20 23:25:00,2025-11-20 23:32:00,도착,I
에어서울,GUM,RS106,P03,278,A,Master,RS106,2025-11-20 23:15:00,2025-11-20 23:40:00,도착,I
에어로케이항공,KIX,RF313,P02,106,B,Master,RF313,2025-11-20 23:55:00,2025-11-21 00:02:00,도착,I
타이거에어 타이완,TPE,IT602Y,P02,109,B,Master,IT602Y,2025-11-21 00:05:00,2025-11-21 00:19:00,도착,I
비엣젯항공,PQC,VJ974,P02,110,B,Master,VJ974,2025-11-21 00:30:00,2025-11-21 00:22:00,도착,I
세부퍼시픽항공,MNL,5J188,P02,111,B,Master,5J188,2025-11-21 00:45:00,2025-11-21 00:29:00,도착,I
홍콩익스프레스,HKG,UO614,P02,113,B,Master,UO614,2025-11-21 01:35:00,2025-11-21 01:20:00,도착,I
캐세이퍼시픽항공,HKG,CX5614,P02,113,B,Slave,UO614,2025-11-21 01:35:00,2025-11-21 01:20:00,도착,I
비엣젯항공,PQC,VJ978,P02,114,B,Master,VJ978,2025-11-21 01:20:00,2025-11-21 02:10:00,도착,I
비엣젯항공,PQC,VJ976,P02,105,B,Master,VJ976,2025-11-21 04:00:00,2025-11-21 03:56:00,도착,I
제주항공,BTH,7C2702,P01,23,B,Master,7C2702,2025-11-21 04:05:00,2025-11-21 03:59:00,도착,I
한 에어,BTH,H19949,P01,23,B,Slave,7C2702,2025-11-21 04:05:00,2025-11-21 03:59:00,도착,I
제주항공,MNL,7C2104,P01,16,B,Master,7C2104,2025-11-21 04:10:00,2025-11-21 04:02:00,도착,I
진에어,GUM,LJ920,P03,254,A,Master,LJ920,2025-11-21 04:15:00,2025-11-21 04:04:00,도착,I
아시아나항공,HND,OZ177,P01,24,B,Master,OZ177,2025-11-21 04:10:00,2025-11-21 04:10:00,도착,I
전일본공수,HND,NH6895,P01,24,B,Slave,OZ177,2025-11-21 04:10:00,2025-11-21 04:10:00,도착,I
대한항공,GUM,KE418,P03,222,A,Master,KE418,2025-11-21 04:50:00,2025-11-21 04:21:00,도착,I
델타항공,GUM,DL7830,P03,222,A,Slave,KE418,2025-11-21 04:50:00,2025-11-21 04:21:00,도착,I
베트남항공,CXR,VN440,P02,110,B,Master,VN440,2025-11-21 04:25:00,2025-11-21 04:16:00,도착,I
대한항공,CXR,KE5680,P02,110,B,Slave,VN440,2025-11-21 04:25:00,2025-11-21 04:16:00,도착,I
대한항공,PEK,KE864,P03,234,A,Master,KE864,2025-11-21 04:20:00,2025-11-21 04:21:00,도착,I
샤먼항공,PEK,MF9095,P03,234,A,Slave,KE864,2025-11-21 04:20:00,2025-11-21 04:21:00,도착,I
진에어,TAG,LJ044,P03,277,A,Master,LJ044,2025-11-21 04:35:00,2025-11-21 04:24:00,도착,I
아시아나항공,CSX,OZ322,P01,18,B,Master,OZ322,2025-11-21 04:55:00,2025-11-21 04:21:00,도착,I
아시아나항공,MNL,OZ704,P01,6,B,Master,OZ704,2025-11-21 05:00:00,2025-11-21 04:27:00,도착,I
피치항공,HND,MM809,P02,107,B,Master,MM809,2025-11-21 04:40:00,2025-11-21 04:29:00,도착,I
티웨이항공,HKG,TW644,P02,111,B,Master,TW644,2025-11-21 05:00:00,2025-11-21 04:31:00,도착,I
대한항공,BKK,KE658,P03,239,A,Master,KE658,2025-11-21 04:45:00,2025-11-21 04:33:00,도착,I
델타항공,BKK,DL7858,P03,239,A,Slave,KE658,2025-11-21 04:45:00,2025-11-21 04:33:00,도착,I
케냐항공,BKK,KQ5150,P03,239,A,Slave,KE658,2025-11-21 04:45:00,2025-11-21 04:33:00,도착,I
대한항공,HND,KE752,P03,225,A,Master,KE752,2025-11-21 04:50:00,2025-11-21 04:38:00,도착,I
버진 애트란틱항공,HND,VS5530,P03,225,A,Slave,KE752,2025-11-21 04:50:00,2025-11-21 04:38:00,도착,I
에어 프랑스,HND,AF5367,P03,225,A,Slave,KE752,2025-11-21 04:50:00,2025-11-21 04:38:00,도착,I
일본항공,HND,JL5257,P03,225,A,Slave,KE752,2025-11-21 04:50:00,2025-11-21 04:38:00,도착,I
대한항공,YVR,KE076,P03,221,A,Master,KE076,2025-11-21 05:00:00,2025-11-21 04:48:00,도착,I
웨스트젯,YVR,WS6060,P03,221,A,Slave,KE076,2025-11-21 05:00:00,2025-11-21 04:48:00,도착,I
대한항공,MNL,KE624,P03,247,A,Master,KE624,2025-11-21 04:25:00,2025-11-21 04:40:00,도착,I
이스타항공,CNX,ZE518,P02,102,B,Master,ZE518,2025-11-21 05:30:00,2025-11-21 04:46:00,도착,I
아시아나항공,HKG,OZ746,P01,26,B,Master,OZ746,2025-11-21 05:00:00,2025-11-21 04:51:00,도착,I
유나이티드항공,HKG,UA7307,P01,26,B,Slave,OZ746,2025-11-21 05:00:00,2025-11-21 04:51:00,도착,I
홍콩항공,HKG,HX1566,P01,26,B,Slave,OZ746,2025-11-21 05:00:00,2025-11-21 04:51:00,도착,I
대한항공,LAS,KE006,P03,241,A,Master,KE006,2025-11-21 05:20:00,2025-11-21 04:49:00,도착,I
델타항공,LAS,DL7832,P03,241,A,Slave,KE006,2025-11-21 05:20:00,2025-11-21 04:49:00,도착,I
에어프레미아,DAD,YP622,P01,27,B,Master,YP622,2025-11-21 05:15:00,2025-11-21 04:57:00,도착,I
대한항공,HAN,KE448,P03,218,A,Master,KE448,2025-11-21 04:55:00,2025-11-21 04:58:00,도착,I
웨스트젯,HAN,WS6038,P03,218,A,Slave,KE448,2025-11-21 04:55:00,2025-11-21 04:58:00,도착,I
버진 애트란틱항공,HAN,VS5518,P03,218,A,Slave,KE448,2025-11-21 04:55:00,2025-11-21 04:58:00,도착,I
베트남항공,HAN,VN3410,P03,218,A,Slave,KE448,2025-11-21 04:55:00,2025-11-21 04:58:00,도착,I
델타항공,HAN,DL7808,P03,218,A,Slave,KE448,2025-11-21 04:55:00,2025-11-21 04:58:00,도착,I
비엣젯항공,DAD,VJ880,P02,131,E,Master,VJ880,2025-11-21 05:05:00,2025-11-21 04:56:00,도착,I
에어프레미아,LAX,YP104,P01,31,E,Master,YP104,2025-11-21 05:10:00,2025-11-21 05:03:00,도착,I
비엣젯항공,CXR,VJ836,P02,109,B,Master,VJ836,2025-11-21 04:30:00,2025-11-21 05:06:00,도착,I
대한항공,LAX,KE012,P03,233,A,Master,KE012,2025-11-21 05:10:00,2025-11-21 05:05:00,도착,I
란항공,LAX,LA8425,P03,233,A,Slave,KE012,2025-11-21 05:10:00,2025-11-21 05:05:00,도착,I
아에로멕시코,LAX,AM6701,P03,233,A,Slave,KE012,2025-11-21 05:10:00,2025-11-21 05:05:00,도착,I
델타항공,LAX,DL7834,P03,233,A,Slave,KE012,2025-11-21 05:10:00,2025-11-21 05:05:00,도착,I
대한항공,HKG,KE2012,P03,248,A,Master,KE2012,2025-11-21 05:20:00,2025-11-21 05:03:00,도착,I
델타항공,HKG,DL7774,P03,248,A,Slave,KE2012,2025-11-21 05:20:00,2025-11-21 05:03:00,도착,I
웨스트젯,HKG,WS6036,P03,248,A,Slave,KE2012,2025-11-21 05:20:00,2025-11-21 05:03:00,도착,I
버진 애트란틱항공,HKG,VS5516,P03,248,A,Slave,KE2012,2025-11-21 05:20:00,2025-11-21 05:03:00,도착,I
델타항공,ATL,DL027,P03,253,B,Master,DL027,2025-11-21 05:45:00,2025-11-21 05:04:00,도착,I
대한항공,ATL,KE5036,P03,253,B,Slave,DL027,2025-11-21 05:45:00,2025-11-21 05:04:00,도착,I
세부퍼시픽항공,MNL,5J186,P02,114,B,Master,5J186,2025-11-21 05:30:00,2025-11-21 05:10:00,도착,I
아시아나항공,CAN,OZ356,P01,19,B,Master,OZ356,2025-11-21 05:40:00,2025-11-21 05:07:00,도착,I
심천항공,CAN,ZH3309,P01,19,B,Slave,OZ356,2025-11-21 05:40:00,2025-11-21 05:07:00,도착,I
아시아나항공,DAD,OZ756,P01,20,B,Master,OZ756,2025-11-21 05:40:00,2025-11-21 05:13:00,도착,I
에어캐나다,DAD,AC6972,P01,20,B,Slave,OZ756,2025-11-21 05:40:00,2025-11-21 05:13:00,도착,I
진에어,CNX,LJ010,P03,250,A,Master,LJ010,2025-11-21 04:55:00,2025-11-21 05:14:00,도착,I
대한항공,CNX,KE5090,P03,250,A,Slave,LJ010,2025-11-21 04:55:00,2025-11-21 05:14:00,도착,I
대한항공,CEB,KE602,P03,267,B,Master,KE602,2025-11-21 05:35:00,2025-11-21 05:19:00,도착,I
베트남항공,HAN,VN416,P02,108,B,Master,VN416,2025-11-21 05:30:00,2025-11-21 05:22:00,도착,I
바틱 에어 말레이시아,KUL,OD820,P01,34,E,Master,OD820,2025-11-21 05:50:00,2025-11-21 05:25:00,도착,I
에어부산,BKK,BX728,P03,277,B,Master,BX728,2025-11-21 06:05:00,2025-11-21 05:38:00,도착,I
아시아나항공,HAN,OZ734,P01,12,B,Master,OZ734,2025-11-21 05:45:00,2025-11-21 05:29:00,도착,I
에어캐나다,HAN,AC6985,P01,12,B,Slave,OZ734,2025-11-21 05:45:00,2025-11-21 05:29:00,도착,I
유나이티드항공,HAN,UA7313,P01,12,B,Slave,OZ734,2025-11-21 05:45:00,2025-11-21 05:29:00,도착,I
베트남항공,DAD,VN430,P02,113,C,Master,VN430,2025-11-21 05:45:00,2025-11-21 05:27:00,도착,I
에어프레미아,EWR,YP132,P01,46,E,Master,YP132,2025-11-21 05:40:00,2025-11-21 05:36:00,도착,I
비엣젯항공,HPH,VJ926,P02,127,E,Master,VJ926,2025-11-21 06:00:00,2025-11-21 05:36:00,도착,I
대한항공,MNL,KE626,P03,260,B,Master,KE626,2025-11-21 06:00:00,2025-11-21 05:37:00,도착,I
필리핀항공,MNL,PR400,P01,48,E,Master,PR400,2025-11-21 06:10:00,2025-11-21 05:35:00,도착,I
에어아시아 버하드,BKI,AK1623,P02,126,D,Master,AK1623,2025-11-21 05:55:00,2025-11-21 05:36:00,도착,I
대한항공,SIN,KE644,P03,265,B,Master,KE644,2025-11-21 05:45:00,2025-11-21 05:38:00,도착,I
델타항공,SIN,DL7820,P03,265,B,Slave,KE644,2025-11-21 05:45:00,2025-11-21 05:38:00,도착,I
스리랑카항공,SIN,UL3816,P03,265,B,Slave,KE644,2025-11-21 05:45:00,2025-11-21 05:38:00,도착,I
웨스트젯,SIN,WS6032,P03,265,B,Slave,KE644,2025-11-21 05:45:00,2025-11-21 05:38:00,도착,I
이스타항공,PVG,ZE872,P02,128,D,Master,ZE872,2025-11-21 05:25:00,2025-11-21 05:42:00,도착,I
대한항공,CXR,KE468,P03,224,A,Master,KE468,2025-11-21 06:05:00,2025-11-21 05:52:00,도착,I
델타항공,CXR,DL7814,P03,224,A,Slave,KE468,2025-11-21 06:05:00,2025-11-21 05:52:00,도착,I
베트남항공,CXR,VN3408,P03,224,A,Slave,KE468,2025-11-21 06:05:00,2025-11-21 05:52:00,도착,I
진에어,PQC,LJ092,P03,252,B,Master,LJ092,2025-11-21 05:40:00,2025-11-21 05:44:00,도착,I
티웨이항공,DAD,TW012,P02,130,D,Master,TW012,2025-11-21 06:05:00,2025-11-21 05:47:00,도착,I
에어아시아엑스,KUL,D7504,P02,121,D,Master,D7504,2025-11-21 06:20:00,2025-11-21 05:54:00,도착,I
대한항공,GUM,KE8426,P03,220,A,Master,KE8426,2025-11-21 06:25:00,2025-11-21 06:01:00,도착,I
대한항공,DAD,KE460,P03,242,A,Master,KE460,2025-11-21 05:35:00,2025-11-21 05:54:00,도착,I
버진 애트란틱항공,DAD,VS5522,P03,242,A,Slave,KE460,2025-11-21 05:35:00,2025-11-21 05:54:00,도착,I
베트남항공,DAD,VN3441,P03,242,A,Slave,KE460,2025-11-21 05:35:00,2025-11-21 05:54:00,도착,I
델타항공,DAD,DL7812,P03,242,A,Slave,KE460,2025-11-21 05:35:00,2025-11-21 05:54:00,도착,I
웨스트젯,DAD,WS6072,P03,242,A,Slave,KE460,2025-11-21 05:35:00,2025-11-21 05:54:00,도착,I
아시아나항공,LAX,OZ203,P01,10,B,Master,OZ203,2025-11-21 05:55:00,2025-11-21 05:56:00,도착,I
타이항공,LAX,TG6742,P01,10,B,Slave,OZ203,2025-11-21 05:55:00,2025-11-21 05:56:00,도착,I
유나이티드항공,LAX,UA7288,P01,10,B,Slave,OZ203,2025-11-21 05:55:00,2025-11-21 05:56:00,도착,I
코파항공,LAX,CM8003,P01,10,B,Slave,OZ203,2025-11-21 05:55:00,2025-11-21 05:56:00,도착,I
싱가포르항공,LAX,SQ5703,P01,10,B,Slave,OZ203,2025-11-21 05:55:00,2025-11-21 05:56:00,도착,I
이스타항공,PQC,ZE582,P02,115,C,Master,ZE582,2025-11-21 05:30:00,2025-11-21 05:56:00,도착,I
라오항공,VTE,QV923,P01,42,E,Master,QV923,2025-11-21 07:05:00,2025-11-21 05:58:00,도착,I
이스타항공,BKK,ZE512,P02,118,D,Master,ZE512,2025-11-21 06:20:00,2025-11-21 05:59:00,도착,I
티웨이항공,BKI,TW154,P02,125,D,Master,TW154,2025-11-21 06:15:00,2025-11-21 06:06:00,도착,I
아시아나항공,HKT,OZ726,P01,23,B,Master,OZ726,2025-11-21 06:35:00,2025-11-21 06:07:00,도착,I
아시아나항공,SFO,OZ211,P01,22,B,Master,OZ211,2025-11-21 05:55:00,2025-11-21 06:09:00,도착,I
싱가포르항공,SFO,SQ5711,P01,22,B,Slave,OZ211,2025-11-21 05:55:00,2025-11-21 06:09:00,도착,I
타이항공,SFO,TG6744,P01,22,B,Slave,OZ211,2025-11-21 05:55:00,2025-11-21 06:09:00,도착,I
유나이티드항공,SFO,UA7290,P01,22,B,Slave,OZ211,2025-11-21 05:55:00,2025-11-21 06:09:00,도착,I
비엣젯항공,CXR,VJ834,P02,123,E,Master,VJ834,2025-11-21 05:35:00,2025-11-21 06:08:00,도착,I
에어부산,VTE,BX742,P03,280,B,Master,BX742,2025-11-21 06:55:00,2025-11-21 06:19:00,도착,I
아시아나항공,VTE,OZ9252,P03,280,B,Slave,BX742,2025-11-21 06:55:00,2025-11-21 06:19:00,도착,I
아시아나항공,CRK,OZ708,P01,11,B,Master,OZ708,2025-11-21 06:40:00,2025-11-21 06:11:00,도착,I
에어프레미아,BKK,YP602,P01,43,E,Master,YP602,2025-11-21 06:35:00,2025-11-21 06:16:00,도착,I
대한항공,JFK,KE086,P03,233,A,Master,KE086,2025-11-21 06:30:00,2025-11-21 06:17:00,도착,I
델타항공,JFK,DL7844,P03,233,A,Slave,KE086,2025-11-21 06:30:00,2025-11-21 06:17:00,도착,I
진에어,BKK,LJ002,P03,255,B,Master,LJ002,2025-11-21 06:05:00,2025-11-21 06:13:00,도착,I
대한항공,BKK,KE5066,P03,255,B,Slave,LJ002,2025-11-21 06:05:00,2025-11-21 06:13:00,도착,I
대한항공,DEL,KE498,P03,275,B,Master,KE498,2025-11-21 06:05:00,2025-11-21 06:25:00,도착,I
델타항공,DEL,DL7818,P03,275,B,Slave,KE498,2025-11-21 06:05:00,2025-11-21 06:25:00,도착,I
타이항공,BKK,TG658,P01,33,E,Master,TG658,2025-11-21 06:35:00,2025-11-21 06:18:00,도착,I
스캇항공,CIT,DV467,P01,50,E,Master,DV467,2025-11-21 05:55:00,2025-11-21 06:21:00,도착,I
유나이티드항공,SFO,UA805,P01,30,E,Master,UA805,2025-11-21 05:40:00,2025-11-21 06:21:00,도착,I
아시아나항공,SFO,OZ6621,P01,30,E,Slave,UA805,2025-11-21 05:40:00,2025-11-21 06:21:00,도착,I
티웨이항공,SIN,TW162,P02,124,D,Master,TW162,2025-11-21 06:35:00,2025-11-21 06:26:00,도착,I
에어서울,GUM,RS102,P03,279,B,Master,RS102,2025-11-21 05:50:00,2025-11-21 06:26:00,도착,I
제주항공,CRK,7C2108,P01,1,B,Master,7C2108,2025-11-21 06:20:00,2025-11-21 06:28:00,도착,I
제주항공,CEB,7C2114,P02,110,C,Master,7C2114,2025-11-21 07:05:00,2025-11-21 06:32:00,도착,I
말레이시아 항공,KUL,MH066,P01,49,E,Master,MH066,2025-11-21 06:30:00,2025-11-21 06:37:00,도착,I
대한항공,KUL,KE5672,P01,49,E,Slave,MH066,2025-11-21 06:30:00,2025-11-21 06:37:00,도착,I
카타르항공,KUL,QR5397,P01,49,E,Slave,MH066,2025-11-21 06:30:00,2025-11-21 06:37:00,도착,I
스리랑카항공,KUL,UL2766,P01,49,E,Slave,MH066,2025-11-21 06:30:00,2025-11-21 06:37:00,도착,I
아에로멕시코,MEX,AM090,P03,257,B,Master,AM090,2025-11-21 06:00:00,2025-11-21 06:36:00,도착,I
란항공,MEX,LA5114,P03,257,B,Slave,AM090,2025-11-21 06:00:00,2025-11-21 06:36:00,도착,I
아시아나항공,HKT,OZ748,P01,26,B,Master,OZ748,2025-11-21 07:15:00,2025-11-21 06:36:00,도착,I
대한항공,CGK,KE438,P03,247,A,Master,KE438,2025-11-21 06:50:00,2025-11-21 06:44:00,도착,I
델타항공,CGK,DL7932,P03,247,A,Slave,KE438,2025-11-21 06:50:00,2025-11-21 06:44:00,도착,I
가루다인도네시아,CGK,GA9726,P03,247,A,Slave,KE438,2025-11-21 06:50:00,2025-11-21 06:44:00,도착,I
진에어,CRK,LJ038,P03,264,B,Master,LJ038,2025-11-21 06:55:00,2025-11-21 06:44:00,도착,I
대한항공,CRK,KE5764,P03,264,B,Slave,LJ038,2025-11-21 06:55:00,2025-11-21 06:44:00,도착,I
대한항공,BKK,KE652,P03,222,A,Master,KE652,2025-11-21 06:35:00,2025-11-21 06:49:00,도착,I
델타항공,BKK,DL7854,P03,222,A,Slave,KE652,2025-11-21 06:35:00,2025-11-21 06:49:00,도착,I
하와이안 항공,BKK,HA6010,P03,222,A,Slave,KE652,2025-11-21 06:35:00,2025-11-21 06:49:00,도착,I
웨스트젯,BKK,WS6042,P03,222,A,Slave,KE652,2025-11-21 06:35:00,2025-11-21 06:49:00,도착,I
제주항공,PQC,7C2316,P01,38,E,Master,7C2316,2025-11-21 06:25:00,2025-11-21 06:45:00,도착,I
대한항공,SGN,KE476,P03,265,B,Master,KE476,2025-11-21 06:45:00,2025-11-21 07:11:00,도착,I
델타항공,SGN,DL7926,P03,265,B,Slave,KE476,2025-11-21 06:45:00,2025-11-21 07:11:00,도착,I
베트남항공,SGN,VN3400,P03,265,B,Slave,KE476,2025-11-21 06:45:00,2025-11-21 07:11:00,도착,I
버진 애트란틱항공,SGN,VS5520,P03,265,B,Slave,KE476,2025-11-21 06:45:00,2025-11-21 07:11:00,도착,I
웨스트젯,SGN,WS6040,P03,265,B,Slave,KE476,2025-11-21 06:45:00,2025-11-21 07:11:00,도착,I
베트남항공,SGN,VN408,P02,111,C,Master,VN408,2025-11-21 06:30:00,2025-11-21 06:58:00,도착,I
타이항공,BKK,TG656,P01,32,E,Master,TG656,2025-11-21 06:55:00,2025-11-21 06:58:00,도착,I
아시아나항공,BKK,OZ742,P01,12,B,Master,OZ742,2025-11-21 06:55:00,2025-11-21 07:05:00,도착,I
타이항공,BKK,TG6726,P01,12,B,Slave,OZ742,2025-11-21 06:55:00,2025-11-21 07:05:00,도착,I
오스트리아 항공,BKK,OS8051,P01,12,B,Slave,OZ742,2025-11-21 06:55:00,2025-11-21 07:05:00,도착,I
에어캐나다,BKK,AC6997,P01,12,B,Slave,OZ742,2025-11-21 06:55:00,2025-11-21 07:05:00,도착,I
에티오피아항공,BKK,ET1299,P01,12,B,Slave,OZ742,2025-11-21 06:55:00,2025-11-21 07:05:00,도착,I
대한항공,PQC,KE486,P03,241,A,Master,KE486,2025-11-21 06:45:00,2025-11-21 07:02:00,도착,I
베트남항공,PQC,VN3414,P03,241,A,Slave,KE486,2025-11-21 06:45:00,2025-11-21 07:02:00,도착,I
델타항공,PQC,DL7866,P03,241,A,Slave,KE486,2025-11-21 06:45:00,2025-11-21 07:02:00,도착,I
진에어,GUM,LJ918,P03,260,B,Master,LJ918,2025-11-21 07:25:00,2025-11-21 07:08:00,도착,I
폴란드항공,WAW,LO097,P01,30,E,Master,LO097,2025-11-21 07:10:00,2025-11-21 07:39:00,도착,I
제주항공,DPS,7C2712,P02,108,C,Master,7C2712,2025-11-21 07:10:00,2025-11-21 07:19:00,도착,I
대한항공,HKT,KE678,P03,220,A,Master,KE678,2025-11-21 07:35:00,2025-11-21 07:14:00,도착,I
델타항공,HKT,DL7937,P03,220,A,Slave,KE678,2025-11-21 07:35:00,2025-11-21 07:14:00,도착,I
대한항공,CNX,KE684,P03,254,B,Master,KE684,2025-11-21 07:05:00,2025-11-21 07:14:00,도착,I
델타항공,CNX,DL7927,P03,254,B,Slave,KE684,2025-11-21 07:05:00,2025-11-21 07:14:00,도착,I
제주항공,BKI,7C2606,P01,37,E,Master,7C2606,2025-11-21 07:40:00,2025-11-21 07:16:00,도착,I
대한항공,DPS,KE432,P03,221,A,Master,KE432,2025-11-21 07:45:00,2025-11-21 07:24:00,도착,I
가루다인도네시아,DPS,GA9960,P03,221,A,Slave,KE432,2025-11-21 07:45:00,2025-11-21 07:24:00,도착,I
델타항공,DPS,DL7804,P03,221,A,Slave,KE432,2025-11-21 07:45:00,2025-11-21 07:24:00,도착,I
에어 프랑스,DPS,AF5371,P03,221,A,Slave,KE432,2025-11-21 07:45:00,2025-11-21 07:24:00,도착,I
아시아나항공,CEB,OZ710,P01,16,B,Master,OZ710,2025-11-21 07:10:00,2025-11-21 07:20:00,도착,I
제주항공,CNX,7C2516,P02,131,D,Master,7C2516,2025-11-21 07:30:00,2025-11-21 07:19:00,도착,I
싱가포르항공,SIN,SQ608,P01,46,E,Master,SQ608,2025-11-21 07:25:00,2025-11-21 07:21:00,도착,I
에어인디아 리미티드,SIN,AI8172,P01,46,E,Slave,SQ608,2025-11-21 07:25:00,2025-11-21 07:21:00,도착,I
아시아나항공,SIN,OZ6782,P01,46,E,Slave,SQ608,2025-11-21 07:25:00,2025-11-21 07:21:00,도착,I
버진 오스트레일리아,SIN,VA5678,P01,46,E,Slave,SQ608,2025-11-21 07:25:00,2025-11-21 07:21:00,도착,I
대한항공,KUL,KE428,P03,261,B,Master,KE428,2025-11-21 07:15:00,2025-11-21 07:25:00,도착,I
델타항공,KUL,DL7912,P03,261,B,Slave,KE428,2025-11-21 07:15:00,2025-11-21 07:25:00,도착,I
말레이시아 항공,KUL,MH5620,P03,261,B,Slave,KE428,2025-11-21 07:15:00,2025-11-21 07:25:00,도착,I
아시아나항공,SIN,OZ752,P01,6,B,Master,OZ752,2025-11-21 06:50:00,2025-11-21 07:30:00,도착,I
싱가포르항공,SIN,SQ5752,P01,6,B,Slave,OZ752,2025-11-21 06:50:00,2025-11-21 07:30:00,도착,I
에어캐나다,SIN,AC6995,P01,6,B,Slave,OZ752,2025-11-21 06:50:00,2025-11-21 07:30:00,도착,I
아시아나항공,CGK,OZ762,P01,39,E,Master,OZ762,2025-11-21 07:40:00,2025-11-21 07:32:00,도착,I
제주항공,VTE,7C2402,P01,34,E,Master,7C2402,2025-11-21 08:05:00,2025-11-21 07:31:00,도착,I
대한항공,KTI,KE690,P03,225,A,Master,KE690,2025-11-21 07:20:00,2025-11-21 07:40:00,도착,I
델타항공,KTI,DL7880,P03,225,A,Slave,KE690,2025-11-21 07:20:00,2025-11-21 07:40:00,도착,I
에어부산,TAG,BX7145,P03,277,B,Master,BX7145,2025-11-21 08:20:00,2025-11-21 07:45:00,도착,I
이스타항공,DAD,ZE594,P02,122,D,Master,ZE594,2025-11-21 08:05:00,2025-11-21 07:45:00,도착,I
비엣젯항공,HAN,VJ960,P02,109,C,Master,VJ960,2025-11-21 07:55:00,2025-11-21 07:49:00,도착,I
제주항공,HAN,7C2202,P02,114,C,Master,7C2202,2025-11-21 08:05:00,2025-11-21 07:50:00,도착,I
대한항공,PUS,KE1402,P03,257,국내선,Master,KE1402,2025-11-21 08:10:00,2025-11-21 07:52:00,도착,D
델타항공,PUS,DL7829,P03,257,국내선,Slave,KE1402,2025-11-21 08:10:00,2025-11-21 07:52:00,도착,D
가루다인도네시아,PUS,GA9988,P03,257,국내선,Slave,KE1402,2025-11-21 08:10:00,2025-11-21 07:52:00,도착,D
에어 프랑스,PUS,AF7900,P03,257,국내선,Slave,KE1402,2025-11-21 08:10:00,2025-11-21 07:52:00,도착,D
아시아나항공,SGN,OZ736,P01,3,B,Master,OZ736,2025-11-21 06:55:00,2025-11-21 07:52:00,도착,I
에어캐나다,SGN,AC6983,P01,3,B,Slave,OZ736,2025-11-21 06:55:00,2025-11-21 07:52:00,도착,I
에티하드 항공,SGN,EY8446,P01,3,B,Slave,OZ736,2025-11-21 06:55:00,2025-11-21 07:52:00,도착,I
대한항공,BKK,KE654,P03,248,A,Master,KE654,2025-11-21 08:15:00,2025-11-21 08:11:00,도착,I
델타항공,BKK,DL7826,P03,248,A,Slave,KE654,2025-11-21 08:15:00,2025-11-21 08:11:00,도착,I
진에어,CXR,LJ088,P03,263,B,Master,LJ088,2025-11-21 07:35:00,2025-11-21 08:19:00,도착,I
대한항공,DPS,KE434,P03,280,B,Master,KE434,2025-11-21 08:40:00,2025-11-21 08:17:00,도착,I
델타항공,DPS,DL7873,P03,280,B,Slave,KE434,2025-11-21 08:40:00,2025-11-21 08:17:00,도착,I
에어 프랑스,DPS,AF5390,P03,280,B,Slave,KE434,2025-11-21 08:40:00,2025-11-21 08:17:00,도착,I
가루다인도네시아,DPS,GA9964,P03,280,B,Slave,KE434,2025-11-21 08:40:00,2025-11-21 08:17:00,도착,I
에어서울,DAD,RS512,P03,278,B,Master,RS512,2025-11-21 07:15:00,2025-11-21 08:21:00,도착,I
대한항공,TAE,KE1432,P03,265,국내선,Master,KE1432,2025-11-21 08:45:00,2025-11-21 08:28:00,도착,D
에어 프랑스,TAE,AF7897,P03,265,국내선,Slave,KE1432,2025-11-21 08:45:00,2025-11-21 08:28:00,도착,D
델타항공,TAE,DL7846,P03,265,국내선,Slave,KE1432,2025-11-21 08:45:00,2025-11-21 08:28:00,도착,D
ITA항공,TAE,AZ2781,P03,265,국내선,Slave,KE1432,2025-11-21 08:45:00,2025-11-21 08:28:00,도착,D
가루다인도네시아,TAE,GA9998,P03,265,국내선,Slave,KE1432,2025-11-21 08:45:00,2025-11-21 08:28:00,도착,D
제주항공,DAD,7C2218,P02,129,D,Master,7C2218,2025-11-21 07:55:00,2025-11-21 08:26:00,도착,I
가루다인도네시아,DPS,GA870,P03,264,B,Master,GA870,2025-11-21 08:50:00,2025-11-21 08:41:00,도착,I
대한항공,DPS,KE5630,P03,264,B,Slave,GA870,2025-11-21 08:50:00,2025-11-21 08:41:00,도착,I
에티하드 항공,DPS,EY8155,P03,264,B,Slave,GA870,2025-11-21 08:50:00,2025-11-21 08:41:00,도착,I
제주항공,BKK,7C2504,P02,127,D,Master,7C2504,2025-11-21 08:25:00,2025-11-21 08:33:00,도착,I
티웨이항공,DAD,TW014,P02,119,D,Master,TW014,2025-11-21 08:15:00,2025-11-21 08:37:00,도착,I
티웨이항공,BKK,TW102,P02,121,D,Master,TW102,2025-11-21 09:00:00,2025-11-21 08:43:00,도착,I
가루다인도네시아,CGK,GA878,P03,251,B,Master,GA878,2025-11-21 08:30:00,2025-11-21 08:44:00,도착,I
대한항공,CGK,KE5644,P03,251,B,Slave,GA878,2025-11-21 08:30:00,2025-11-21 08:44:00,도착,I
사우디아항공,CGK,SV6752,P03,251,B,Slave,GA878,2025-11-21 08:30:00,2025-11-21 08:44:00,도착,I
에어서울,CXR,RS528,P03,279,B,Master,RS528,2025-11-21 07:25:00,2025-11-21 08:50:00,도착,I
터키항공,IST,TK020,P01,40,E,Master,TK020,2025-11-21 09:05:00,2025-11-21 08:59:00,도착,I
아시아나항공,IST,OZ6934,P01,40,E,Slave,TK020,2025-11-21 09:05:00,2025-11-21 08:59:00,도착,I
대한항공,SIN,KE646,P03,222,A,Master,KE646,2025-11-21 08:50:00,2025-11-21 09:03:00,도착,I
델타항공,SIN,DL7822,P03,222,A,Slave,KE646,2025-11-21 08:50:00,2025-11-21 09:03:00,도착,I
몽골항공,SIN,OM6232,P03,222,A,Slave,KE646,2025-11-21 08:50:00,2025-11-21 09:03:00,도착,I
웨스트젯,SIN,WS6030,P03,222,A,Slave,KE646,2025-11-21 08:50:00,2025-11-21 09:03:00,도착,I
대한항공,PUS,KE1404,P03,246,국내선,Master,KE1404,2025-11-21 09:05:00,2025-11-21 09:00:00,도착,D
델타항공,PUS,DL7928,P03,246,국내선,Slave,KE1404,2025-11-21 09:05:00,2025-11-21 09:00:00,도착,D
에어 프랑스,PUS,AF5372,P03,246,국내선,Slave,KE1404,2025-11-21 09:05:00,2025-11-21 09:00:00,도착,D
KLM네덜란드항공,PUS,KL9847,P03,246,국내선,Slave,KE1404,2025-11-21 09:05:00,2025-11-21 09:00:00,도착,D
가루다인도네시아,PUS,GA9990,P03,246,국내선,Slave,KE1404,2025-11-21 09:05:00,2025-11-21 09:00:00,도착,D
이스타항공,MDC,ZE536,P02,128,E,Master,ZE536,2025-11-21 08:40:00,2025-11-21 09:00:00,도착,I
티웨이항공,CXR,TW034,P02,104,C,Master,TW034,2025-11-21 07:55:00,2025-11-21 09:06:00,도착,I
제주항공,SIN,7C2624,P02,101,C,Master,7C2624,2025-11-21 08:40:00,2025-11-21 09:15:00,도착,I
대한항공,BKK,KE656,P03,256,B,Master,KE656,2025-11-21 09:40:00,2025-11-21 09:14:00,도착,I
델타항공,BKK,DL7826,P03,256,B,Slave,KE656,2025-11-21 09:40:00,2025-11-21 09:14:00,도착,I
타이에어아시아엑스,DMK,XJ700,P02,106,C,Master,XJ700,2025-11-21 10:05:00,2025-11-21 09:23:00,도착,I
피치항공,KIX,MM701,P02,117,D,Master,MM701,2025-11-21 09:45:00,2025-11-21 09:27:00,도착,I
비엣젯항공,SGN,VJ862,P02,102,B,Master,VJ862,2025-11-21 09:50:00,2025-11-21 09:30:00,도착,I
타이비엣젯항공,BKK,VZ850,P02,103,C,Master,VZ850,2025-11-21 09:55:00,2025-11-21 09:43:00,도착,I
싱가포르항공,SIN,SQ612,P01,46,E,Master,SQ612,2025-11-21 09:50:00,2025-11-21 09:41:00,도착,I
에어인디아 리미티드,SIN,AI8174,P01,46,E,Slave,SQ612,2025-11-21 09:50:00,2025-11-21 09:41:00,도착,I
아시아나항공,SIN,OZ6726,P01,46,E,Slave,SQ612,2025-11-21 09:50:00,2025-11-21 09:41:00,도착,I
버진 오스트레일리아,SIN,VA5682,P01,46,E,Slave,SQ612,2025-11-21 09:50:00,2025-11-21 09:41:00,도착,I
아시아나항공,IST,OZ552,P01,7,B,Master,OZ552,2025-11-21 09:35:00,2025-11-21 09:53:00,도착,I
터키항공,IST,TK8090,P01,7,B,Slave,OZ552,2025-11-21 09:35:00,2025-11-21 09:53:00,도착,I
에어 아스타나,ALA,KC909,P01,47,E,Master,KC909,2025-11-21 09:55:00,2025-11-21 09:51:00,도착,I
아시아나항공,ALA,OZ6962,P01,47,E,Slave,KC909,2025-11-21 09:55:00,2025-11-21 09:51:00,도착,I
캐세이퍼시픽항공,ALA,CX6226,P01,47,E,Slave,KC909,2025-11-21 09:55:00,2025-11-21 09:51:00,도착,I
이스타항공,CXR,ZE562,P02,124,D,Master,ZE562,2025-11-21 08:50:00,2025-11-21 09:57:00,도착,I
중국남방항공,DLC,CZ685,P02,125,D,Master,CZ685,2025-11-21 10:20:00,2025-11-21 10:14:00,도착,I
제주항공,FUK,7C1402,P01,45,E,Master,7C1402,2025-11-21 10:30:00,2025-11-21 10:14:00,도착,I
에바항공,KHH,BR140,P01,34,E,Master,BR140,2025-11-21 10:45:00,2025-11-21 10:18:00,도착,I
아시아나항공,KHH,OZ6878,P01,34,E,Slave,BR140,2025-11-21 10:45:00,2025-11-21 10:18:00,도착,I
에어캐나다,KHH,AC6541,P01,34,E,Slave,BR140,2025-11-21 10:45:00,2025-11-21 10:18:00,도착,I
에바항공,TPE,BR170,P01,30,E,Master,BR170,2025-11-21 10:30:00,2025-11-21 10:24:00,도착,I
에어캐나다,TPE,AC6535,P01,30,E,Slave,BR170,2025-11-21 10:30:00,2025-11-21 10:24:00,도착,I
에어 뉴질랜드,TPE,NZ4926,P01,30,E,Slave,BR170,2025-11-21 10:30:00,2025-11-21 10:24:00,도착,I
타이항공,TPE,TG6396,P01,30,E,Slave,BR170,2025-11-21 10:30:00,2025-11-21 10:24:00,도착,I
유니항공,TPE,B77028,P01,30,E,Slave,BR170,2025-11-21 10:30:00,2025-11-21 10:24:00,도착,I
아시아나항공,TPE,OZ6874,P01,30,E,Slave,BR170,2025-11-21 10:30:00,2025-11-21 10:24:00,도착,I
천진항공,TSN,GS7993,P01,36,E,Master,GS7993,2025-11-21 10:45:00,2025-11-21 10:26:00,도착,I
카타르항공,DOH,QR862,P01,41,E,Master,QR862,2025-11-21 10:30:00,2025-11-21 10:30:00,도착,I
르완다에어,DOH,WB1428,P01,41,E,Slave,QR862,2025-11-21 10:30:00,2025-11-21 10:30:00,도착,I
제주항공,CXR,7C2304,P01,16,B,Master,7C2304,2025-11-21 09:05:00,2025-11-21 10:32:00,도착,I
산동항공,TNA,SC8001,P01,37,E,Master,SC8001,2025-11-21 10:45:00,2025-11-21 10:31:00,도착,I
중국국제항공,TNA,CA8873,P01,37,E,Slave,SC8001,2025-11-21 10:45:00,2025-11-21 10:31:00,도착,I
아시아나항공,TNA,OZ6702,P01,37,E,Slave,SC8001,2025-11-21 10:45:00,2025-11-21 10:31:00,도착,I
중국동방항공,YNT,MU549,P02,132,D,Master,MU549,2025-11-21 10:55:00,2025-11-21 10:34:00,도착,I
대한항공,YNT,KE5848,P02,132,D,Slave,MU549,2025-11-21 10:55:00,2025-11-21 10:34:00,도착,I
에어인디아 리미티드,DEL,AI312,P01,33,E,Master,AI312,2025-11-21 10:30:00,2025-11-21 10:37:00,도착,I
아시아나항공,DEL,OZ6378,P01,33,E,Slave,AI312,2025-11-21 10:30:00,2025-11-21 10:37:00,도착,I
중국동방항공,WUX,MU2989,P02,126,D,Master,MU2989,2025-11-21 10:45:00,2025-11-21 10:37:00,도착,I
중화항공,KHH,CI164,P03,252,B,Master,CI164,2025-11-21 10:55:00,2025-11-21 10:44:00,도착,I
대한항공,KHH,KE5700,P03,252,B,Slave,CI164,2025-11-21 10:55:00,2025-11-21 10:44:00,도착,I
에어로케이항공,KIX,RF315,P02,107,C,Master,RF315,2025-11-21 10:55:00,2025-11-21 10:45:00,도착,I
이스타항공,YNT,ZE818,P02,104,C,Master,ZE818,2025-11-21 10:55:00,2025-11-21 10:44:00,도착,I
제주항공,KIX,7C1396,P01,20,B,Master,7C1396,2025-11-21 11:00:00,2025-11-21 10:50:00,도착,I
중국동방항공,TAO,MU2039,P02,123,D,Master,MU2039,2025-11-21 11:00:00,2025-11-21 10:51:00,도착,I
대한항공,TAO,KE5854,P02,123,D,Slave,MU2039,2025-11-21 11:00:00,2025-11-21 10:51:00,도착,I
상하이항공,TAO,FM3077,P02,123,D,Slave,MU2039,2025-11-21 11:00:00,2025-11-21 10:51:00,도착,I
중국남방항공,PVG,CZ313,P02,128,D,Master,CZ313,2025-11-21 11:00:00,2025-11-21 10:50:00,도착,I
진에어,FUK,LJ262,P03,263,B,Master,LJ262,2025-11-21 11:00:00,2025-11-21 10:49:00,도착,I
대한항공,NGO,KE744,P03,254,B,Master,KE744,2025-11-21 11:05:00,2025-11-21 10:52:00,도착,I
델타항공,NGO,DL7794,P03,254,B,Slave,KE744,2025-11-21 11:05:00,2025-11-21 10:52:00,도착,I
일본항공,NGO,JL5217,P03,254,B,Slave,KE744,2025-11-21 11:05:00,2025-11-21 10:52:00,도착,I
KLM네덜란드항공,NGO,KL9849,P03,254,B,Slave,KE744,2025-11-21 11:05:00,2025-11-21 10:52:00,도착,I
몽골항공,NGO,OM6718,P03,254,B,Slave,KE744,2025-11-21 11:05:00,2025-11-21 10:52:00,도착,I
에어 프랑스,NGO,AF5382,P03,254,B,Slave,KE744,2025-11-21 11:05:00,2025-11-21 10:52:00,도착,I
에티하드 항공,AUH,EY822,P01,39,E,Master,EY822,2025-11-21 10:45:00,2025-11-21 10:59:00,도착,I
아시아나항공,AUH,OZ6973,P01,39,E,Slave,EY822,2025-11-21 10:45:00,2025-11-21 10:59:00,도착,I
이집트항공,AUH,MS8088,P01,39,E,Slave,EY822,2025-11-21 10:45:00,2025-11-21 10:59:00,도착,I
플라이나스,AUH,XY3876,P01,39,E,Slave,EY822,2025-11-21 10:45:00,2025-11-21 10:59:00,도착,I
TAP포르투갈 항공,AUH,TP6930,P01,39,E,Slave,EY822,2025-11-21 10:45:00,2025-11-21 10:59:00,도착,I
이스라엘항공,AUH,LY9624,P01,39,E,Slave,EY822,2025-11-21 10:45:00,2025-11-21 10:59:00,도착,I
오만항공,AUH,WY5102,P01,39,E,Slave,EY822,2025-11-21 10:45:00,2025-11-21 10:59:00,도착,I
대한항공,KIX,KE722,P03,245,A,Master,KE722,2025-11-21 11:05:00,2025-11-21 11:02:00,도착,I
델타항공,KIX,DL7784,P03,245,A,Slave,KE722,2025-11-21 11:05:00,2025-11-21 11:02:00,도착,I
일본항공,KIX,JL5211,P03,245,A,Slave,KE722,2025-11-21 11:05:00,2025-11-21 11:02:00,도착,I
버진 애트란틱항공,KIX,VS5506,P03,245,A,Slave,KE722,2025-11-21 11:05:00,2025-11-21 11:02:00,도착,I
에어 프랑스,KIX,AF5381,P03,245,A,Slave,KE722,2025-11-21 11:05:00,2025-11-21 11:02:00,도착,I
루프트한자 독일항공,FRA,LH712,P01,43,E,Master,LH712,2025-11-21 10:50:00,2025-11-21 11:07:00,도착,I
중국동방항공,NKG,MU579,P02,130,D,Master,MU579,2025-11-21 11:15:00,2025-11-21 11:09:00,도착,I
대한항공,NKG,KE5860,P02,130,D,Slave,MU579,2025-11-21 11:15:00,2025-11-21 11:09:00,도착,I
대한항공,DXB,KE952,P03,276,B,Master,KE952,2025-11-21 10:30:00,2025-11-21 11:19:00,도착,I
에미레이트항공,DXB,EK3482,P03,276,B,Slave,KE952,2025-11-21 10:30:00,2025-11-21 11:19:00,도착,I
사우디아항공,DXB,SV6613,P03,276,B,Slave,KE952,2025-11-21 10:30:00,2025-11-21 11:19:00,도착,I
아시아나항공,KIX,OZ115,P01,15,B,Master,OZ115,2025-11-21 10:50:00,2025-11-21 11:08:00,도착,I
에티하드 항공,KIX,EY8468,P01,15,B,Slave,OZ115,2025-11-21 10:50:00,2025-11-21 11:08:00,도착,I
전일본공수,KIX,NH6955,P01,15,B,Slave,OZ115,2025-11-21 10:50:00,2025-11-21 11:08:00,도착,I
우즈베키스탄항공,TAS,HY511,P01,35,E,Master,HY511,2025-11-21 08:40:00,2025-11-21 11:14:00,도착,I
아시아나항공,TAS,OZ9242,P01,35,E,Slave,HY511,2025-11-21 08:40:00,2025-11-21 11:14:00,도착,I
대한항공,TAS,KE5942,P01,35,E,Slave,HY511,2025-11-21 08:40:00,2025-11-21 11:14:00,도착,I
대한항공,PUS,KE1406,P03,242,국내선,Master,KE1406,2025-11-21 11:35:00,2025-11-21 11:11:00,도착,D
델타항공,PUS,DL7876,P03,242,국내선,Slave,KE1406,2025-11-21 11:35:00,2025-11-21 11:11:00,도착,D
에어 프랑스,PUS,AF7900,P03,242,국내선,Slave,KE1406,2025-11-21 11:35:00,2025-11-21 11:11:00,도착,D
KLM네덜란드항공,PUS,KL9847,P03,242,국내선,Slave,KE1406,2025-11-21 11:35:00,2025-11-21 11:11:00,도착,D
제주항공,MYJ,7C1722,P02,108,C,Master,7C1722,2025-11-21 11:15:00,2025-11-21 11:18:00,도착,I
중국남방항공,SHE,CZ681,P02,129,E,Master,CZ681,2025-11-21 11:45:00,2025-11-21 11:21:00,도착,I
중국국제항공,TSN,CA171,P01,28,E,Master,CA171,2025-11-21 11:45:00,2025-11-21 11:27:00,도착,I
아시아나항공,TSN,OZ6812,P01,28,E,Slave,CA171,2025-11-21 11:45:00,2025-11-21 11:27:00,도착,I
아시아나항공,PVG,OZ368,P01,11,B,Master,OZ368,2025-11-21 11:20:00,2025-11-21 11:24:00,도착,I
길상항공,PVG,HO3110,P01,11,B,Slave,OZ368,2025-11-21 11:20:00,2025-11-21 11:24:00,도착,I
산동항공,TAO,SC4609,P01,50,E,Master,SC4609,2025-11-21 11:20:00,2025-11-21 11:26:00,도착,I
중국국제항공,TAO,CA8887,P01,50,E,Slave,SC4609,2025-11-21 11:20:00,2025-11-21 11:26:00,도착,I
아시아나항공,TAO,OZ6710,P01,50,E,Slave,SC4609,2025-11-21 11:20:00,2025-11-21 11:26:00,도착,I
중국동방항공,HGH,MU5071,P02,131,D,Master,MU5071,2025-11-21 11:15:00,2025-11-21 11:31:00,도착,I
대한항공,HGH,KE5878,P02,131,D,Slave,MU5071,2025-11-21 11:15:00,2025-11-21 11:31:00,도착,I
에어부산,FUK,BX155,P03,277,B,Master,BX155,2025-11-21 11:45:00,2025-11-21 11:31:00,도착,I
아시아나항공,FUK,OZ9575,P03,277,B,Slave,BX155,2025-11-21 11:45:00,2025-11-21 11:31:00,도착,I
중화항공,TPE,CI160,P03,251,B,Master,CI160,2025-11-21 11:20:00,2025-11-21 11:31:00,도착,I
에어 프랑스,TPE,AF4161,P03,251,B,Slave,CI160,2025-11-21 11:20:00,2025-11-21 11:31:00,도착,I
델타항공,TPE,DL7717,P03,251,B,Slave,CI160,2025-11-21 11:20:00,2025-11-21 11:31:00,도착,I
하와이안 항공,TPE,HA2570,P03,251,B,Slave,CI160,2025-11-21 11:20:00,2025-11-21 11:31:00,도착,I
대한항공,TPE,KE5692,P03,251,B,Slave,CI160,2025-11-21 11:20:00,2025-11-21 11:31:00,도착,I
제주항공,KIX,7C1302,P02,119,D,Master,7C1302,2025-11-21 11:50:00,2025-11-21 11:34:00,도착,I
중국남방항공,HRB,CZ683,P02,127,D,Master,CZ683,2025-11-21 12:15:00,2025-11-21 11:33:00,도착,I
중국국제항공,PEK,CA123,P01,32,E,Master,CA123,2025-11-21 11:40:00,2025-11-21 11:36:00,도착,I
아시아나항공,PEK,OZ6808,P01,32,E,Slave,CA123,2025-11-21 11:40:00,2025-11-21 11:36:00,도착,I
산동항공,PEK,SC123,P01,32,E,Slave,CA123,2025-11-21 11:40:00,2025-11-21 11:36:00,도착,I
홍콩익스프레스,HKG,UO618,P02,111,B,Master,UO618,2025-11-21 11:40:00,2025-11-21 11:39:00,도착,I
집에어,NRT,ZG045,P02,113,C,Master,ZG045,2025-11-21 11:35:00,2025-11-21 11:40:00,도착,I
아시아나항공,NRT,OZ107,P01,18,B,Master,OZ107,2025-11-21 11:35:00,2025-11-21 11:43:00,도착,I
에티하드 항공,NRT,EY8473,P01,18,B,Slave,OZ107,2025-11-21 11:35:00,2025-11-21 11:43:00,도착,I
전일본공수,NRT,NH6977,P01,18,B,Slave,OZ107,2025-11-21 11:35:00,2025-11-21 11:43:00,도착,I
유나이티드항공,NRT,UA7321,P01,18,B,Slave,OZ107,2025-11-21 11:35:00,2025-11-21 11:43:00,도착,I
에어서울,FUK,RS724,P03,279,B,Master,RS724,2025-11-21 12:05:00,2025-11-21 11:50:00,도착,I
센트럼항공,TAS,C6549,P02,105,C,Master,C6549,2025-11-21 11:25:00,2025-11-21 11:53:00,도착,I
대한항공,PVG,KE892,P03,249,A,Master,KE892,2025-11-21 12:00:00,2025-11-21 11:51:00,도착,I
중국동방항공,PVG,MU8933,P03,249,A,Slave,KE892,2025-11-21 12:00:00,2025-11-21 11:51:00,도착,I
상하이항공,PVG,FM8753,P03,249,A,Slave,KE892,2025-11-21 12:00:00,2025-11-21 11:51:00,도착,I
샤먼항공,PVG,MF9087,P03,249,A,Slave,KE892,2025-11-21 12:00:00,2025-11-21 11:51:00,도착,I
티웨이항공,KMJ,TW288,P02,115,C,Master,TW288,2025-11-21 12:05:00,2025-11-21 11:56:00,도착,I
필리핀에어아시아,MNL,Z2884,P02,106,C,Master,Z2884,2025-11-21 11:55:00,2025-11-21 11:55:00,도착,I
몽골항공,UBN,OM301,P01,45,E,Master,OM301,2025-11-21 12:05:00,2025-11-21 11:59:00,도착,I
중국동방항공,TAO,MU2033,P02,124,D,Master,MU2033,2025-11-21 12:15:00,2025-11-21 11:57:00,도착,I
대한항공,TAO,KE5844,P02,124,D,Slave,MU2033,2025-11-21 12:15:00,2025-11-21 11:57:00,도착,I
상하이항공,TAO,FM3079,P02,124,D,Slave,MU2033,2025-11-21 12:15:00,2025-11-21 11:57:00,도착,I
대한항공,FUK,KE788,P03,233,A,Master,KE788,2025-11-21 12:00:00,2025-11-21 12:00:00,도착,I
ITA항공,FUK,AZ2789,P03,233,A,Slave,KE788,2025-11-21 12:00:00,2025-11-21 12:00:00,도착,I
델타항공,FUK,DL7890,P03,233,A,Slave,KE788,2025-11-21 12:00:00,2025-11-21 12:00:00,도착,I
일본항공,FUK,JL5221,P03,233,A,Slave,KE788,2025-11-21 12:00:00,2025-11-21 12:00:00,도착,I
KLM네덜란드항공,FUK,KL4254,P03,233,A,Slave,KE788,2025-11-21 12:00:00,2025-11-21 12:00:00,도착,I
몽골항공,FUK,OM6710,P03,233,A,Slave,KE788,2025-11-21 12:00:00,2025-11-21 12:00:00,도착,I
버진 애트란틱항공,FUK,VS5510,P03,233,A,Slave,KE788,2025-11-21 12:00:00,2025-11-21 12:00:00,도착,I
샤먼항공,XMN,MF871,P03,238,A,Master,MF871,2025-11-21 12:20:00,2025-11-21 12:10:00,도착,I
에어 프랑스,CDG,AF264,P03,253,B,Master,AF264,2025-11-21 10:30:00,2025-11-21 12:10:00,도착,I
대한항공,CDG,KE5902,P03,253,B,Slave,AF264,2025-11-21 10:30:00,2025-11-21 12:10:00,도착,I
KLM네덜란드항공,CDG,KL2018,P03,253,B,Slave,AF264,2025-11-21 10:30:00,2025-11-21 12:10:00,도착,I
티웨이항공,HSG,TW286,P02,102,C,Master,TW286,2025-11-21 12:20:00,2025-11-21 12:09:00,도착,I
대한항공,OKJ,KE2186,P03,280,B,Master,KE2186,2025-11-21 12:30:00,2025-11-21 12:11:00,도착,I
델타항공,OKJ,DL7900,P03,280,B,Slave,KE2186,2025-11-21 12:30:00,2025-11-21 12:11:00,도착,I
버진 애트란틱항공,OKJ,VS5532,P03,280,B,Slave,KE2186,2025-11-21 12:30:00,2025-11-21 12:11:00,도착,I
일본항공,OKJ,JL5261,P03,280,B,Slave,KE2186,2025-11-21 12:30:00,2025-11-21 12:11:00,도착,I
루프트한자 독일항공,MUC,LH718,P01,48,E,Master,LH718,2025-11-21 11:15:00,2025-11-21 12:18:00,도착,I
제주항공,FSZ,7C1602,P01,16,B,Master,7C1602,2025-11-21 12:40:00,2025-11-21 12:11:00,도착,I
에어서울,KIX,RS712,P03,278,B,Master,RS712,2025-11-21 11:55:00,2025-11-21 12:16:00,도착,I
중국국제항공,HGH,CA139,P01,27,B,Master,CA139,2025-11-21 12:25:00,2025-11-21 12:19:00,도착,I
아시아나항공,HGH,OZ6828,P01,27,B,Slave,CA139,2025-11-21 12:25:00,2025-11-21 12:19:00,도착,I
산동항공,HGH,SC125,P01,27,B,Slave,CA139,2025-11-21 12:25:00,2025-11-21 12:19:00,도착,I
중국동방항공,PVG,MU5041,P02,122,D,Master,MU5041,2025-11-21 11:55:00,2025-11-21 12:19:00,도착,I
대한항공,PVG,KE5858,P02,122,D,Slave,MU5041,2025-11-21 11:55:00,2025-11-21 12:19:00,도착,I
상하이항공,PVG,FM3067,P02,122,D,Slave,MU5041,2025-11-21 11:55:00,2025-11-21 12:19:00,도착,I
대한항공,NRT,KE706,P03,243,A,Master,KE706,2025-11-21 12:00:00,2025-11-21 12:22:00,도착,I
아에로멕시코,NRT,AM6751,P03,243,A,Slave,KE706,2025-11-21 12:00:00,2025-11-21 12:22:00,도착,I
델타항공,NRT,DL7782,P03,243,A,Slave,KE706,2025-11-21 12:00:00,2025-11-21 12:22:00,도착,I
일본항공,NRT,JL5201,P03,243,A,Slave,KE706,2025-11-21 12:00:00,2025-11-21 12:22:00,도착,I
버진 애트란틱항공,NRT,VS5504,P03,243,A,Slave,KE706,2025-11-21 12:00:00,2025-11-21 12:22:00,도착,I
제주항공,HIJ,7C1616,P02,114,C,Master,7C1616,2025-11-21 12:20:00,2025-11-21 12:23:00,도착,I
중국남방항공,SZX,CZ3089,P02,125,D,Master,CZ3089,2025-11-21 12:35:00,2025-11-21 12:32:00,도착,I
제주항공,TAO,7C8402,P02,112,C,Master,7C8402,2025-11-21 12:20:00,2025-11-21 12:29:00,도착,I
에어마카오,MFM,NX822,P01,42,E,Master,NX822,2025-11-21 13:05:00,2025-11-21 12:32:00,도착,I
아시아나항공,MFM,OZ6868,P01,42,E,Slave,NX822,2025-11-21 13:05:00,2025-11-21 12:32:00,도착,I
아시아나항공,KIX,OZ111,P01,8,B,Master,OZ111,2025-11-21 12:35:00,2025-11-21 12:31:00,도착,I
에티오피아항공,KIX,ET1297,P01,8,B,Slave,OZ111,2025-11-21 12:35:00,2025-11-21 12:31:00,도착,I
에티하드 항공,KIX,EY8445,P01,8,B,Slave,OZ111,2025-11-21 12:35:00,2025-11-21 12:31:00,도착,I
전일본공수,KIX,NH6951,P01,8,B,Slave,OZ111,2025-11-21 12:35:00,2025-11-21 12:31:00,도착,I
에어캐나다,KIX,AC6975,P01,8,B,Slave,OZ111,2025-11-21 12:35:00,2025-11-21 12:31:00,도착,I
제주항공,KIX,7C1392,P01,20,B,Master,7C1392,2025-11-21 12:50:00,2025-11-21 12:37:00,도착,I
중국국제항공,CKG,CA439,P01,33,E,Master,CA439,2025-11-21 13:00:00,2025-11-21 12:40:00,도착,I
아시아나항공,CKG,OZ6848,P01,33,E,Slave,CA439,2025-11-21 13:00:00,2025-11-21 12:40:00,도착,I
산동항공,CKG,SC127,P01,33,E,Slave,CA439,2025-11-21 13:00:00,2025-11-21 12:40:00,도착,I
진에어,NGO,LJ346,P03,255,B,Master,LJ346,2025-11-21 12:45:00,2025-11-21 12:39:00,도착,I
대한항공,NGO,KE5080,P03,255,B,Slave,LJ346,2025-11-21 12:45:00,2025-11-21 12:39:00,도착,I
에어재팬,NRT,NQ121,P02,109,C,Master,NQ121,2025-11-21 12:30:00,2025-11-21 12:42:00,도착,I
전일본공수,NRT,NH3603,P02,109,C,Slave,NQ121,2025-11-21 12:30:00,2025-11-21 12:42:00,도착,I
캐세이퍼시픽항공,HKG,CX434,P01,47,E,Master,CX434,2025-11-21 12:45:00,2025-11-21 12:45:00,도착,I
아메리칸항공,HKG,AA8959,P01,47,E,Slave,CX434,2025-11-21 12:45:00,2025-11-21 12:45:00,도착,I
카타르항공,HKG,QR3498,P01,47,E,Slave,CX434,2025-11-21 12:45:00,2025-11-21 12:45:00,도착,I
산동항공,TAO,SC4611,P01,30,E,Master,SC4611,2025-11-21 12:50:00,2025-11-21 12:49:00,도착,I
중국국제항공,TAO,CA8855,P01,30,E,Slave,SC4611,2025-11-21 12:50:00,2025-11-21 12:49:00,도착,I
아시아나항공,TAO,OZ6712,P01,30,E,Slave,SC4611,2025-11-21 12:50:00,2025-11-21 12:49:00,도착,I
대한항공,PUS,KE1408,P03,235,국내선,Master,KE1408,2025-11-21 13:15:00,2025-11-21 12:51:00,도착,D
델타항공,PUS,DL7916,P03,235,국내선,Slave,KE1408,2025-11-21 13:15:00,2025-11-21 12:51:00,도착,D
ITA항공,PUS,AZ2775,P03,235,국내선,Slave,KE1408,2025-11-21 13:15:00,2025-11-21 12:51:00,도착,D
가루다인도네시아,PUS,GA9962,P03,235,국내선,Slave,KE1408,2025-11-21 13:15:00,2025-11-21 12:51:00,도착,D
중국동방항공,WEH,MU2017,P02,126,D,Master,MU2017,2025-11-21 13:00:00,2025-11-21 12:54:00,도착,I
대한항공,WEH,KE5850,P02,126,D,Slave,MU2017,2025-11-21 13:00:00,2025-11-21 12:54:00,도착,I
이스타항공,FUK,ZE646,P02,103,C,Master,ZE646,2025-11-21 12:50:00,2025-11-21 12:54:00,도착,I
중국국제항공,YNJ,CA143,P01,36,E,Master,CA143,2025-11-21 13:10:00,2025-11-21 12:56:00,도착,I
아시아나항공,YNJ,OZ6826,P01,36,E,Slave,CA143,2025-11-21 13:10:00,2025-11-21 12:56:00,도착,I
대한항공,KOJ,KE2180,P03,221,A,Master,KE2180,2025-11-21 13:15:00,2025-11-21 13:04:00,도착,I
델타항공,KOJ,DL7906,P03,221,A,Slave,KE2180,2025-11-21 13:15:00,2025-11-21 13:04:00,도착,I
일본항공,KOJ,JL5249,P03,221,A,Slave,KE2180,2025-11-21 13:15:00,2025-11-21 13:04:00,도착,I
진에어,KIX,LJ232,P03,252,B,Master,LJ232,2025-11-21 13:10:00,2025-11-21 13:02:00,도착,I
중국남방항공,CGQ,CZ687,P02,123,D,Master,CZ687,2025-11-21 13:25:00,2025-11-21 13:06:00,도착,I
핀에어,HEL,AY041,P01,41,E,Master,AY041,2025-11-21 12:25:00,2025-11-21 13:05:00,도착,I
대한항공,UKB,KE2172,P03,265,B,Master,KE2172,2025-11-21 13:00:00,2025-11-21 13:08:00,도착,I
중국동방항공,XIY,MU5021,P02,132,D,Master,MU5021,2025-11-21 13:15:00,2025-11-21 13:11:00,도착,I
대한항공,XIY,KE5872,P02,132,D,Slave,MU5021,2025-11-21 13:15:00,2025-11-21 13:11:00,도착,I
상하이항공,XIY,FM3081,P02,132,D,Slave,MU5021,2025-11-21 13:15:00,2025-11-21 13:11:00,도착,I
티웨이항공,OKA,TW280,P02,104,C,Master,TW280,2025-11-21 13:25:00,2025-11-21 13:15:00,도착,I
심천항공,WUX,ZH627,P01,35,E,Master,ZH627,2025-11-21 13:15:00,2025-11-21 13:14:00,도착,I
중국국제항공,WUX,CA3827,P01,35,E,Slave,ZH627,2025-11-21 13:15:00,2025-11-21 13:14:00,도착,I
아시아나항공,WUX,OZ6898,P01,35,E,Slave,ZH627,2025-11-21 13:15:00,2025-11-21 13:14:00,도착,I
아시아나항공,NGO,OZ121,P01,22,B,Master,OZ121,2025-11-21 13:10:00,2025-11-21 13:14:00,도착,I
에티하드 항공,NGO,EY8465,P01,22,B,Slave,OZ121,2025-11-21 13:10:00,2025-11-21 13:14:00,도착,I
전일본공수,NGO,NH6963,P01,22,B,Slave,OZ121,2025-11-21 13:10:00,2025-11-21 13:14:00,도착,I
중국국제항공,WNZ,CA739,P01,34,E,Master,CA739,2025-11-21 13:10:00,2025-11-21 13:16:00,도착,I
중국국제항공,TFU,CA401,P01,37,E,Master,CA401,2025-11-21 12:55:00,2025-11-21 13:18:00,도착,I
아시아나항공,TFU,OZ6832,P01,37,E,Slave,CA401,2025-11-21 12:55:00,2025-11-21 13:18:00,도착,I
아시아나항공,DLC,OZ302,P01,21,B,Master,OZ302,2025-11-21 13:15:00,2025-11-21 13:22:00,도착,I
중국국제항공,DLC,CA5011,P01,21,B,Slave,OZ302,2025-11-21 13:15:00,2025-11-21 13:22:00,도착,I
대한항공,TAO,KE842,P03,236,A,Master,KE842,2025-11-21 13:25:00,2025-11-21 13:24:00,도착,I
중국동방항공,TAO,MU8941,P03,236,A,Slave,KE842,2025-11-21 13:25:00,2025-11-21 13:24:00,도착,I
에어서울,TAK,RS742,P03,281,B,Master,RS742,2025-11-21 13:20:00,2025-11-21 13:28:00,도착,I
티웨이항공,KIX,TW302,P02,107,C,Master,TW302,2025-11-21 13:25:00,2025-11-21 13:28:00,도착,I
홍콩항공,HKG,HX628,P01,38,E,Master,HX628,2025-11-21 13:35:00,2025-11-21 13:32:00,도착,I
아시아나항공,HKG,OZ9294,P01,38,E,Slave,HX628,2025-11-21 13:35:00,2025-11-21 13:32:00,도착,I
아시아나항공,FRA,OZ542,P01,17,B,Master,OZ542,2025-11-21 13:35:00,2025-11-21 13:38:00,도착,I
중국동방항공,PVG,MU5061,P02,117,D,Master,MU5061,2025-11-21 13:30:00,2025-11-21 13:41:00,도착,I
대한항공,PVG,KE5864,P02,117,D,Slave,MU5061,2025-11-21 13:30:00,2025-11-21 13:41:00,도착,I
상하이항공,PVG,FM3073,P02,117,D,Slave,MU5061,2025-11-21 13:30:00,2025-11-21 13:41:00,도착,I
심천항공,SZX,ZH633,P01,32,E,Master,ZH633,2025-11-21 13:55:00,2025-11-21 13:43:00,도착,I
중국국제항공,SZX,CA3843,P01,32,E,Slave,ZH633,2025-11-21 13:55:00,2025-11-21 13:43:00,도착,I
아시아나항공,SZX,OZ6884,P01,32,E,Slave,ZH633,2025-11-21 13:55:00,2025-11-21 13:43:00,도착,I
아시아나항공,TSN,OZ328,P01,9,B,Master,OZ328,2025-11-21 13:45:00,2025-11-21 13:46:00,도착,I
중국국제항공,TSN,CA5013,P01,9,B,Slave,OZ328,2025-11-21 13:45:00,2025-11-21 13:46:00,도착,I
중국남방항공,CAN,CZ337,P02,129,D,Master,CZ337,2025-11-21 13:50:00,2025-11-21 13:47:00,도착,I
사천항공,CAN,3U7031,P02,129,D,Slave,CZ337,2025-11-21 13:50:00,2025-11-21 13:47:00,도착,I
피치항공,KIX,MM705,P02,111,C,Master,MM705,2025-11-21 13:50:00,2025-11-21 13:46:00,도착,I
캐세이퍼시픽항공,HKG,CX410,P01,40,E,Master,CX410,2025-11-21 13:55:00,2025-11-21 13:52:00,도착,I
아메리칸항공,HKG,AA8887,P01,40,E,Slave,CX410,2025-11-21 13:55:00,2025-11-21 13:52:00,도착,I
콴타스항공,HKG,QF8223,P01,40,E,Slave,CX410,2025-11-21 13:55:00,2025-11-21 13:52:00,도착,I
제주항공,KIX,7C1304,P02,118,D,Master,7C1304,2025-11-21 13:50:00,2025-11-21 13:54:00,도착,I
진에어,NRT,LJ202,P03,258,B,Master,LJ202,2025-11-21 13:50:00,2025-11-21 13:55:00,도착,I
대한항공,NRT,KE5742,P03,258,B,Slave,LJ202,2025-11-21 13:50:00,2025-11-21 13:55:00,도착,I
대한항공,KIX,KE724,P03,224,A,Master,KE724,2025-11-21 14:05:00,2025-11-21 14:02:00,도착,I
델타항공,KIX,DL7786,P03,224,A,Slave,KE724,2025-11-21 14:05:00,2025-11-21 14:02:00,도착,I
일본항공,KIX,JL5213,P03,224,A,Slave,KE724,2025-11-21 14:05:00,2025-11-21 14:02:00,도착,I
몽골항공,KIX,OM6704,P03,224,A,Slave,KE724,2025-11-21 14:05:00,2025-11-21 14:02:00,도착,I
진에어,KIX,LJ234,P03,256,B,Master,LJ234,2025-11-21 13:45:00,2025-11-21 13:58:00,도착,I
중국국제항공,PKX,CA131,P01,31,E,Master,CA131,2025-11-21 13:45:00,2025-11-21 14:03:00,도착,I
아시아나항공,PEK,OZ332,P01,2,B,Master,OZ332,2025-11-21 13:50:00,2025-11-21 13:59:00,도착,I
중국국제항공,PEK,CA5001,P01,2,B,Slave,OZ332,2025-11-21 13:50:00,2025-11-21 13:59:00,도착,I
이스타항공,KIX,ZE612,P02,130,D,Master,ZE612,2025-11-21 13:50:00,2025-11-21 14:04:00,도착,I
에어부산,KIX,BX171,P03,276,B,Master,BX171,2025-11-21 14:05:00,2025-11-21 14:06:00,도착,I
제주항공,WEH,7C8502,P02,108,C,Master,7C8502,2025-11-21 14:00:00,2025-11-21 14:07:00,도착,I
대한항공,SHE,KE832,P03,246,A,Master,KE832,2025-11-21 14:10:00,2025-11-21 14:08:00,도착,I
중국동방항공,SHE,MU8963,P03,246,A,Slave,KE832,2025-11-21 14:10:00,2025-11-21 14:08:00,도착,I
이스타항공,NRT,ZE606,P02,115,C,Master,ZE606,2025-11-21 14:15:00,2025-11-21 14:09:00,도착,I
에어부산,NRT,BX163,P03,277,B,Master,BX163,2025-11-21 14:00:00,2025-11-21 14:13:00,도착,I
대한항공,PVG,KE882,P03,218,A,Master,KE882,2025-11-21 14:25:00,2025-11-21 14:15:00,도착,I
중국동방항공,PVG,MU8931,P03,218,A,Slave,KE882,2025-11-21 14:25:00,2025-11-21 14:15:00,도착,I
상하이항공,PVG,FM8751,P03,218,A,Slave,KE882,2025-11-21 14:25:00,2025-11-21 14:15:00,도착,I
샤먼항공,PVG,MF9085,P03,218,A,Slave,KE882,2025-11-21 14:25:00,2025-11-21 14:15:00,도착,I
이스타항공,TPE,ZE882,P01,45,E,Master,ZE882,2025-11-21 14:20:00,2025-11-21 14:16:00,도착,I
티웨이항공,FRA,TW404,P01,49,E,Master,TW404,2025-11-21 14:05:00,2025-11-21 14:20:00,도착,I
제주항공,FUK,7C1404,P02,131,D,Master,7C1404,2025-11-21 14:20:00,2025-11-21 14:12:00,도착,I
한 에어,FUK,H19830,P02,131,D,Slave,7C1404,2025-11-21 14:20:00,2025-11-21 14:12:00,도착,I
진에어,RMQ,LJ736,P03,251,B,Master,LJ736,2025-11-21 14:40:00,2025-11-21 14:20:00,도착,I
티웨이항공,FUK,TW202,P02,106,C,Master,TW202,2025-11-21 14:20:00,2025-11-21 14:21:00,도착,I
제주항공,CTS,7C1502,P01,43,E,Master,7C1502,2025-11-21 14:25:00,2025-11-21 14:22:00,도착,I
티웨이항공,SHE,TW614,P02,110,B,Master,TW614,2025-11-21 14:50:00,2025-11-21 14:24:00,도착,I
제주항공,NRT,7C1102,P02,128,E,Master,7C1102,2025-11-21 14:30:00,2025-11-21 14:28:00,도착,I
대한항공,BUD,KE964,P03,220,A,Master,KE964,2025-11-21 14:10:00,2025-11-21 14:29:00,도착,I
아시아나항공,OKA,OZ171,P01,15,B,Master,OZ171,2025-11-21 14:35:00,2025-11-21 14:31:00,도착,I
전일본공수,OKA,NH6993,P01,15,B,Slave,OZ171,2025-11-21 14:35:00,2025-11-21 14:31:00,도착,I
중국동방항공,PKX,MU2073,P02,121,D,Master,MU2073,2025-11-21 14:40:00,2025-11-21 14:32:00,도착,I
산동항공,TAO,SC4613,P01,28,E,Master,SC4613,2025-11-21 14:25:00,2025-11-21 14:33:00,도착,I
중국국제항공,TAO,CA8891,P01,28,E,Slave,SC4613,2025-11-21 14:25:00,2025-11-21 14:33:00,도착,I
아시아나항공,TAO,OZ6716,P01,28,E,Slave,SC4613,2025-11-21 14:25:00,2025-11-21 14:33:00,도착,I
미얀마국제항공,RGN,8M801,P01,34,E,Master,8M801,2025-11-21 15:00:00,2025-11-21 14:33:00,도착,I
제주항공,NGO,7C1202,P01,16,B,Master,7C1202,2025-11-21 14:35:00,2025-11-21 14:34:00,도착,I
제주항공,HRB,7C8906,P01,50,E,Master,7C8906,2025-11-21 14:50:00,2025-11-21 14:38:00,도착,I
아시아나항공,CGQ,OZ304,P01,11,B,Master,OZ304,2025-11-21 14:30:00,2025-11-21 14:42:00,도착,I
중국남방항공,CGQ,CZ4201,P01,11,B,Slave,OZ304,2025-11-21 14:30:00,2025-11-21 14:42:00,도착,I
아시아나항공,PVG,OZ362,P01,26,B,Master,OZ362,2025-11-21 14:30:00,2025-11-21 14:39:00,도착,I
길상항공,PVG,HO3106,P01,26,B,Slave,OZ362,2025-11-21 14:30:00,2025-11-21 14:39:00,도착,I
진에어,SHI,LJ358,P03,255,B,Master,LJ358,2025-11-21 14:35:00,2025-11-21 14:43:00,도착,I
대한항공,SHI,KE5098,P03,255,B,Slave,LJ358,2025-11-21 14:35:00,2025-11-21 14:43:00,도착,I
이스타항공,NRT,ZE602,P02,122,D,Master,ZE602,2025-11-21 14:30:00,2025-11-21 14:43:00,도착,I
홍콩익스프레스,HKG,UO630,P02,113,C,Master,UO630,2025-11-21 14:55:00,2025-11-21 14:48:00,도착,I
캐세이퍼시픽항공,HKG,CX5630,P02,113,C,Slave,UO630,2025-11-21 14:55:00,2025-11-21 14:48:00,도착,I
티웨이항공,NRT,TW242,P02,102,C,Master,TW242,2025-11-21 14:55:00,2025-11-21 14:50:00,도착,I
중국동방항공,YNT,MU267,P02,127,D,Master,MU267,2025-11-21 14:55:00,2025-11-21 14:52:00,도착,I
대한항공,YNT,KE5852,P02,127,D,Slave,MU267,2025-11-21 14:55:00,2025-11-21 14:52:00,도착,I
아시아나항공,PRG,OZ546,P01,7,B,Master,OZ546,2025-11-21 13:50:00,2025-11-21 14:52:00,도착,I
이스타항공,KIX,ZE616,P02,126,D,Master,ZE616,2025-11-21 14:55:00,2025-11-21 14:54:00,도착,I
제주항공,KIX,7C1316,P02,105,C,Master,7C1316,2025-11-21 15:15:00,2025-11-21 14:58:00,도착,I
대한항공,FUK,KE792,P03,248,A,Master,KE792,2025-11-21 15:10:00,2025-11-21 15:05:00,도착,I
KLM네덜란드항공,FUK,KL3395,P03,248,A,Slave,KE792,2025-11-21 15:10:00,2025-11-21 15:05:00,도착,I
델타항공,FUK,DL7802,P03,248,A,Slave,KE792,2025-11-21 15:10:00,2025-11-21 15:05:00,도착,I
일본항공,FUK,JL5273,P03,248,A,Slave,KE792,2025-11-21 15:10:00,2025-11-21 15:05:00,도착,I
아시아나항공,YNJ,OZ352,P01,12,B,Master,OZ352,2025-11-21 15:00:00,2025-11-21 15:07:00,도착,I
중국국제항공,YNJ,CA5015,P01,12,B,Slave,OZ352,2025-11-21 15:00:00,2025-11-21 15:07:00,도착,I
아시아나항공,SDJ,OZ151,P01,18,B,Master,OZ151,2025-11-21 15:15:00,2025-11-21 15:04:00,도착,I
전일본공수,SDJ,NH6981,P01,18,B,Slave,OZ151,2025-11-21 15:15:00,2025-11-21 15:04:00,도착,I
아시아나항공,TPE,OZ712,P01,24,B,Master,OZ712,2025-11-21 15:25:00,2025-11-21 15:10:00,도착,I
에바항공,TPE,BR2148,P01,24,B,Slave,OZ712,2025-11-21 15:25:00,2025-11-21 15:10:00,도착,I
중국동방항공,PVG,MU5011,P02,124,E,Master,MU5011,2025-11-21 15:05:00,2025-11-21 15:10:00,도착,I
대한항공,PVG,KE5884,P02,124,E,Slave,MU5011,2025-11-21 15:05:00,2025-11-21 15:10:00,도착,I
대한항공,SGN,KE480,P03,242,A,Master,KE480,2025-11-21 15:00:00,2025-11-21 15:06:00,도착,I
베트남항공,SGN,VN3406,P03,242,A,Slave,KE480,2025-11-21 15:00:00,2025-11-21 15:06:00,도착,I
델타항공,SGN,DL7920,P03,242,A,Slave,KE480,2025-11-21 15:00:00,2025-11-21 15:06:00,도착,I
웨스트젯,SGN,WS6070,P03,242,A,Slave,KE480,2025-11-21 15:00:00,2025-11-21 15:06:00,도착,I
대한항공,TSN,KE806,P03,243,A,Master,KE806,2025-11-21 15:15:00,2025-11-21 15:09:00,도착,I
샤먼항공,TSN,MF9097,P03,243,A,Slave,KE806,2025-11-21 15:15:00,2025-11-21 15:09:00,도착,I
에어프레미아,NRT,YP732,P01,19,B,Master,YP732,2025-11-21 15:20:00,2025-11-21 15:11:00,도착,I
에어서울,NRT,RS702,P03,279,B,Master,RS702,2025-11-21 15:35:00,2025-11-21 15:14:00,도착,I
델타항공,MSP,DL171,P03,254,B,Master,DL171,2025-11-21 15:30:00,2025-11-21 15:16:00,도착,I
대한항공,MSP,KE5034,P03,254,B,Slave,DL171,2025-11-21 15:30:00,2025-11-21 15:16:00,도착,I
중국남방항공,CAN,CZ3061,P02,125,D,Master,CZ3061,2025-11-21 15:15:00,2025-11-21 15:16:00,도착,I
사천항공,CAN,3U7023,P02,125,D,Slave,CZ3061,2025-11-21 15:15:00,2025-11-21 15:16:00,도착,I
타이항공,BKK,TG652,P01,41,E,Master,TG652,2025-11-21 15:25:00,2025-11-21 15:22:00,도착,I
진에어,CTS,LJ302,P03,280,B,Master,LJ302,2025-11-21 15:30:00,2025-11-21 15:32:00,도착,I
대한항공,CTS,KE5062,P03,280,B,Slave,LJ302,2025-11-21 15:30:00,2025-11-21 15:32:00,도착,I
제주항공,OIT,7C1812,P02,103,C,Master,7C1812,2025-11-21 15:55:00,2025-11-21 15:40:00,도착,I
대한항공,TPE,KE2022,P03,266,B,Master,KE2022,2025-11-21 15:50:00,2025-11-21 15:41:00,도착,I
델타항공,TPE,DL7776,P03,266,B,Slave,KE2022,2025-11-21 15:50:00,2025-11-21 15:41:00,도착,I
중화항공,TPE,CI9064,P03,266,B,Slave,KE2022,2025-11-21 15:50:00,2025-11-21 15:41:00,도착,I
티웨이항공,FCO,TW406,P01,27,B,Master,TW406,2025-11-21 14:50:00,2025-11-21 15:43:00,도착,I
대한항공,NGO,KE742,P03,234,A,Master,KE742,2025-11-21 15:50:00,2025-11-21 15:51:00,도착,I
델타항공,NGO,DL7792,P03,234,A,Slave,KE742,2025-11-21 15:50:00,2025-11-21 15:51:00,도착,I
일본항공,NGO,JL5219,P03,234,A,Slave,KE742,2025-11-21 15:50:00,2025-11-21 15:51:00,도착,I
KLM네덜란드항공,NGO,KL4257,P03,234,A,Slave,KE742,2025-11-21 15:50:00,2025-11-21 15:51:00,도착,I
몽골항공,NGO,OM6716,P03,234,A,Slave,KE742,2025-11-21 15:50:00,2025-11-21 15:51:00,도착,I
버진 애트란틱항공,NGO,VS5508,P03,234,A,Slave,KE742,2025-11-21 15:50:00,2025-11-21 15:51:00,도착,I
진에어,ISG,LJ362,P03,264,B,Master,LJ362,2025-11-21 16:00:00,2025-11-21 15:49:00,도착,I
중국동방항공,TAO,MU559,P02,123,D,Master,MU559,2025-11-21 15:50:00,2025-11-21 15:49:00,도착,I
상하이항공,TAO,FM3083,P02,123,D,Slave,MU559,2025-11-21 15:50:00,2025-11-21 15:49:00,도착,I
대한항공,TAO,KE5842,P02,123,D,Slave,MU559,2025-11-21 15:50:00,2025-11-21 15:49:00,도착,I
심천항공,SZX,ZH631,P01,35,E,Master,ZH631,2025-11-21 15:45:00,2025-11-21 15:54:00,도착,I
중국국제항공,SZX,CA3861,P01,35,E,Slave,ZH631,2025-11-21 15:45:00,2025-11-21 15:54:00,도착,I
아시아나항공,SZX,OZ6882,P01,35,E,Slave,ZH631,2025-11-21 15:45:00,2025-11-21 15:54:00,도착,I
중국동방항공,PVG,MU5033,P02,132,D,Master,MU5033,2025-11-21 15:20:00,2025-11-21 15:51:00,도착,I
상하이항공,PVG,FM3071,P02,132,D,Slave,MU5033,2025-11-21 15:20:00,2025-11-21 15:51:00,도착,I
대한항공,PVG,KE5886,P02,132,D,Slave,MU5033,2025-11-21 15:20:00,2025-11-21 15:51:00,도착,I
진에어,NRT,LJ218,P03,260,B,Master,LJ218,2025-11-21 15:45:00,2025-11-21 15:56:00,도착,I
싱가포르항공,SIN,SQ600,P01,32,E,Master,SQ600,2025-11-21 15:40:00,2025-11-21 15:58:00,도착,I
에어캐나다,SIN,AC5879,P01,32,E,Slave,SQ600,2025-11-21 15:40:00,2025-11-21 15:58:00,도착,I
에어인디아 리미티드,SIN,AI8168,P01,32,E,Slave,SQ600,2025-11-21 15:40:00,2025-11-21 15:58:00,도착,I
아시아나항공,SIN,OZ6790,P01,32,E,Slave,SQ600,2025-11-21 15:40:00,2025-11-21 15:58:00,도착,I
버진 오스트레일리아,SIN,VA5670,P01,32,E,Slave,SQ600,2025-11-21 15:40:00,2025-11-21 15:58:00,도착,I
진에어,FUK,LJ264,P03,268,B,Master,LJ264,2025-11-21 16:10:00,2025-11-21 15:56:00,도착,I
대한항공,FUK,KE5076,P03,268,B,Slave,LJ264,2025-11-21 16:10:00,2025-11-21 15:56:00,도착,I
진에어,TPE,LJ732,P03,261,B,Master,LJ732,2025-11-21 16:05:00,2025-11-21 15:58:00,도착,I
대한항공,TPE,KE5756,P03,261,B,Slave,LJ732,2025-11-21 16:05:00,2025-11-21 15:58:00,도착,I
아시아나항공,PVG,OZ364,P01,20,B,Master,OZ364,2025-11-21 16:00:00,2025-11-21 16:02:00,도착,I
길상항공,PVG,HO3112,P01,20,B,Slave,OZ364,2025-11-21 16:00:00,2025-11-21 16:02:00,도착,I
대한항공,KIX,KE728,P03,256,B,Master,KE728,2025-11-21 16:10:00,2025-11-21 16:11:00,도착,I
델타항공,KIX,DL7790,P03,256,B,Slave,KE728,2025-11-21 16:10:00,2025-11-21 16:11:00,도착,I
일본항공,KIX,JL5271,P03,256,B,Slave,KE728,2025-11-21 16:10:00,2025-11-21 16:11:00,도착,I
아시아나항공,NRT,OZ101,P01,10,B,Master,OZ101,2025-11-21 15:55:00,2025-11-21 16:08:00,도착,I
전일본공수,NRT,NH6971,P01,10,B,Slave,OZ101,2025-11-21 15:55:00,2025-11-21 16:08:00,도착,I
에어 뉴질랜드,NRT,NZ4061,P01,10,B,Slave,OZ101,2025-11-21 15:55:00,2025-11-21 16:08:00,도착,I
유나이티드항공,NRT,UA7317,P01,10,B,Slave,OZ101,2025-11-21 15:55:00,2025-11-21 16:08:00,도착,I
에티하드 항공,NRT,EY8459,P01,10,B,Slave,OZ101,2025-11-21 15:55:00,2025-11-21 16:08:00,도착,I
에어아시아엑스,KUL,D7506,P02,130,D,Master,D7506,2025-11-21 16:00:00,2025-11-21 16:08:00,도착,I
아시아나항공,BCN,OZ512,P01,6,B,Master,OZ512,2025-11-21 16:05:00,2025-11-21 16:12:00,도착,I
이스타항공,CTS,ZE626,P02,101,C,Master,ZE626,2025-11-21 16:00:00,2025-11-21 16:13:00,도착,I
대한항공,SEA,KE042,P03,231,A,Master,KE042,2025-11-21 15:55:00,2025-11-21 16:19:00,도착,I
델타항공,SEA,DL7838,P03,231,A,Slave,KE042,2025-11-21 15:55:00,2025-11-21 16:19:00,도착,I
델타항공,ATL,DL189,P03,253,B,Master,DL189,2025-11-21 15:50:00,2025-11-21 16:18:00,도착,I
대한항공,ATL,KE5040,P03,253,B,Slave,DL189,2025-11-21 15:50:00,2025-11-21 16:18:00,도착,I
중국국제항공,PEK,CA125,P01,36,E,Master,CA125,2025-11-21 16:35:00,2025-11-21 16:15:00,도착,I
산동항공,PEK,SC149,P01,36,E,Slave,CA125,2025-11-21 16:35:00,2025-11-21 16:15:00,도착,I
아시아나항공,PEK,OZ6804,P01,36,E,Slave,CA125,2025-11-21 16:35:00,2025-11-21 16:15:00,도착,I
진에어,OKA,LJ342,P03,246,A,Master,LJ342,2025-11-21 15:50:00,2025-11-21 16:19:00,도착,I
대한항공,OKA,KE5746,P03,246,A,Slave,LJ342,2025-11-21 15:50:00,2025-11-21 16:19:00,도착,I
에어부산,FUK,BX157,P03,281,B,Master,BX157,2025-11-21 15:30:00,2025-11-21 16:19:00,도착,I
아시아나항공,FUK,OZ9577,P03,281,B,Slave,BX157,2025-11-21 15:30:00,2025-11-21 16:19:00,도착,I
대한항공,NRT,KE704,P03,277,B,Master,KE704,2025-11-21 16:40:00,2025-11-21 16:29:00,도착,I
일본항공,NRT,JL5205,P03,277,B,Slave,KE704,2025-11-21 16:40:00,2025-11-21 16:29:00,도착,I
아에로멕시코,NRT,AM6754,P03,277,B,Slave,KE704,2025-11-21 16:40:00,2025-11-21 16:29:00,도착,I
델타항공,NRT,DL7780,P03,277,B,Slave,KE704,2025-11-21 16:40:00,2025-11-21 16:29:00,도착,I
중국남방항공,DLC,CZ695,P02,129,D,Master,CZ695,2025-11-21 16:30:00,2025-11-21 16:24:00,도착,I
델타항공,DTW,DL159,P03,275,B,Master,DL159,2025-11-21 16:50:00,2025-11-21 16:32:00,도착,I
대한항공,DTW,KE7274,P03,275,B,Slave,DL159,2025-11-21 16:50:00,2025-11-21 16:32:00,도착,I
아시아나항공,LAX,OZ201,P01,14,B,Master,OZ201,2025-11-21 15:45:00,2025-11-21 16:27:00,도착,I
코파항공,LAX,CM8002,P01,14,B,Slave,OZ201,2025-11-21 15:45:00,2025-11-21 16:27:00,도착,I
싱가포르항공,LAX,SQ5701,P01,14,B,Slave,OZ201,2025-11-21 15:45:00,2025-11-21 16:27:00,도착,I
타이항공,LAX,TG6732,P01,14,B,Slave,OZ201,2025-11-21 15:45:00,2025-11-21 16:27:00,도착,I
유나이티드항공,LAX,UA7286,P01,14,B,Slave,OZ201,2025-11-21 15:45:00,2025-11-21 16:27:00,도착,I
대한항공,UBN,KE2042,P03,251,B,Master,KE2042,2025-11-21 16:30:00,2025-11-21 16:29:00,도착,I
델타항공,UBN,DL7886,P03,251,B,Slave,KE2042,2025-11-21 16:30:00,2025-11-21 16:29:00,도착,I
몽골항공,UBN,OM5301,P03,251,B,Slave,KE2042,2025-11-21 16:30:00,2025-11-21 16:29:00,도착,I
파라타항공,NRT,WE502,P01,28,E,Master,WE502,2025-11-21 16:15:00,2025-11-21 16:26:00,도착,I
베트남항공,SGN,VN402,P02,113,C,Master,VN402,2025-11-21 16:25:00,2025-11-21 16:33:00,도착,I
대한항공,CNS,KE9406,P03,252,B,Master,KE9406,2025-11-21 16:25:00,2025-11-21 16:33:00,도착,I
베트남항공,HAN,VN414,P02,107,C,Master,VN414,2025-11-21 16:30:00,2025-11-21 16:36:00,도착,I
델타항공,SLC,DL173,P03,265,B,Master,DL173,2025-11-21 16:20:00,2025-11-21 16:36:00,도착,I
대한항공,SLC,KE5024,P03,265,B,Slave,DL173,2025-11-21 16:20:00,2025-11-21 16:36:00,도착,I
대한항공,BOS,KE092,P03,276,B,Master,KE092,2025-11-21 16:35:00,2025-11-21 16:38:00,도착,I
델타항공,BOS,DL7840,P03,276,B,Slave,KE092,2025-11-21 16:35:00,2025-11-21 16:38:00,도착,I
대한항공,WUH,KE166,P03,222,A,Master,KE166,2025-11-21 16:30:00,2025-11-21 16:43:00,도착,I
중국동방항공,WUH,MU8951,P03,222,A,Slave,KE166,2025-11-21 16:30:00,2025-11-21 16:43:00,도착,I
진에어,NRT,LJ206,P03,247,A,Master,LJ206,2025-11-21 16:30:00,2025-11-21 16:36:00,도착,I
대한항공,AOJ,KE2194,P03,263,B,Master,KE2194,2025-11-21 16:50:00,2025-11-21 16:37:00,도착,I
일본항공,AOJ,JL5165,P03,263,B,Slave,KE2194,2025-11-21 16:50:00,2025-11-21 16:37:00,도착,I
델타항공,AOJ,DL7870,P03,263,B,Slave,KE2194,2025-11-21 16:50:00,2025-11-21 16:37:00,도착,I
에티오피아항공,ADD,ET672,P01,21,B,Master,ET672,2025-11-21 15:45:00,2025-11-21 16:40:00,도착,I
아시아나항공,ADD,OZ9761,P01,21,B,Slave,ET672,2025-11-21 15:45:00,2025-11-21 16:40:00,도착,I
전일본공수,ADD,NH5340,P01,21,B,Slave,ET672,2025-11-21 15:45:00,2025-11-21 16:40:00,도착,I
르완다에어,ADD,WB1216,P01,21,B,Slave,ET672,2025-11-21 15:45:00,2025-11-21 16:40:00,도착,I
대한항공,CSX,KE820,P03,250,A,Master,KE820,2025-11-21 17:00:00,2025-11-21 16:41:00,도착,I
샤먼항공,CSX,MF9081,P03,250,A,Slave,KE820,2025-11-21 17:00:00,2025-11-21 16:41:00,도착,I
중국동방항공,CSX,MU8945,P03,250,A,Slave,KE820,2025-11-21 17:00:00,2025-11-21 16:41:00,도착,I
델타항공,SEA,DL197,P03,278,B,Master,DL197,2025-11-21 16:30:00,2025-11-21 16:42:00,도착,I
대한항공,SEA,KE5020,P03,278,B,Slave,DL197,2025-11-21 16:30:00,2025-11-21 16:42:00,도착,I
대한항공,LHR,KE908,P03,249,A,Master,KE908,2025-11-21 16:25:00,2025-11-21 16:46:00,도착,I
버진 애트란틱항공,LHR,VS5502,P03,249,A,Slave,KE908,2025-11-21 16:25:00,2025-11-21 16:46:00,도착,I
대한항공,YYZ,KE078,P03,218,A,Master,KE078,2025-11-21 16:50:00,2025-11-21 16:53:00,도착,I
웨스트젯,YYZ,WS6064,P03,218,A,Slave,KE078,2025-11-21 16:50:00,2025-11-21 16:53:00,도착,I
에어프레미아,LAX,YP102,P01,33,E,Master,YP102,2025-11-21 16:20:00,2025-11-21 16:49:00,도착,I
이스타항공,FUK,ZE648,P02,114,C,Master,ZE648,2025-11-21 16:30:00,2025-11-21 16:47:00,도착,I
대한항공,HKG,KE2002,P03,258,B,Master,KE2002,2025-11-21 17:05:00,2025-11-21 16:49:00,도착,I
델타항공,HKG,DL7772,P03,258,B,Slave,KE2002,2025-11-21 17:05:00,2025-11-21 16:49:00,도착,I
웨스트젯,HKG,WS6034,P03,258,B,Slave,KE2002,2025-11-21 17:05:00,2025-11-21 16:49:00,도착,I
아시아나항공,CAN,OZ370,P01,12,B,Master,OZ370,2025-11-21 17:00:00,2025-11-21 16:51:00,도착,I
심천항공,CAN,ZH3307,P01,12,B,Slave,OZ370,2025-11-21 17:00:00,2025-11-21 16:51:00,도착,I
대한항공,DLC,KE874,P03,245,A,Master,KE874,2025-11-21 16:55:00,2025-11-21 16:52:00,도착,I
중국동방항공,DLC,MU8959,P03,245,A,Slave,KE874,2025-11-21 16:55:00,2025-11-21 16:52:00,도착,I
대한항공,BKK,KE660,P03,255,B,Master,KE660,2025-11-21 17:05:00,2025-11-21 16:54:00,도착,I
델타항공,BKK,DL7853,P03,255,B,Slave,KE660,2025-11-21 17:05:00,2025-11-21 16:54:00,도착,I
하와이안 항공,BKK,HA6012,P03,255,B,Slave,KE660,2025-11-21 17:05:00,2025-11-21 16:54:00,도착,I
웨스트젯,BKK,WS6074,P03,255,B,Slave,KE660,2025-11-21 17:05:00,2025-11-21 16:54:00,도착,I
KLM네덜란드항공,AMS,KL855,P03,,,Master,KL855,2025-11-21 16:55:00,2025-11-21 16:55:00,결항,I
대한항공,AMS,KE5926,P03,,,Slave,KL855,2025-11-21 16:55:00,2025-11-21 16:55:00,결항,I
에어 프랑스,AMS,AF3113,P03,,,Slave,KL855,2025-11-21 16:55:00,2025-11-21 16:55:00,결항,I
춘추항공,PVG,9C8559,P02,121,D,Master,9C8559,2025-11-21 16:40:00,2025-11-21 16:56:00,도착,I
대한항공,XIY,KE812,P03,241,A,Master,KE812,2025-11-21 16:45:00,2025-11-21 16:56:00,도착,I
중국동방항공,XIY,MU8947,P03,241,A,Slave,KE812,2025-11-21 16:45:00,2025-11-21 16:56:00,도착,I
대한항공,SZX,KE836,P03,239,A,Master,KE836,2025-11-21 17:00:00,2025-11-21 16:54:00,도착,I
대한항공,NKG,KE102,P03,243,A,Master,KE102,2025-11-21 17:05:00,2025-11-21 16:59:00,도착,I
중국동방항공,NKG,MU8957,P03,243,A,Slave,KE102,2025-11-21 17:05:00,2025-11-21 16:59:00,도착,I
대한항공,PVG,KE888,P03,235,A,Master,KE888,2025-11-21 17:10:00,2025-11-21 16:58:00,도착,I
중국동방항공,PVG,MU8935,P03,235,A,Slave,KE888,2025-11-21 17:10:00,2025-11-21 16:58:00,도착,I
상하이항공,PVG,FM8755,P03,235,A,Slave,KE888,2025-11-21 17:10:00,2025-11-21 16:58:00,도착,I
샤먼항공,PVG,MF9089,P03,235,A,Slave,KE888,2025-11-21 17:10:00,2025-11-21 16:58:00,도착,I
제주항공,KOJ,7C1824,P02,127,D,Master,7C1824,2025-11-21 17:15:00,2025-11-21 16:59:00,도착,I
제주항공,NRT,7C1104,P01,38,E,Master,7C1104,2025-11-21 16:45:00,2025-11-21 17:03:00,도착,I
제주항공,TPE,7C6102,P01,34,E,Master,7C6102,2025-11-21 17:00:00,2025-11-21 17:01:00,도착,I
한 에어,TPE,H19973,P01,34,E,Slave,7C6102,2025-11-21 17:00:00,2025-11-21 17:01:00,도착,I
유나이티드항공,SFO,UA893,P01,31,E,Master,UA893,2025-11-21 16:15:00,2025-11-21 17:03:00,도착,I
아시아나항공,SFO,OZ6615,P01,31,E,Slave,UA893,2025-11-21 16:15:00,2025-11-21 17:03:00,도착,I
대한항공,PUS,KE1410,P03,238,국내선,Master,KE1410,2025-11-21 17:20:00,2025-11-21 17:11:00,도착,D
델타항공,PUS,DL7882,P03,238,국내선,Slave,KE1410,2025-11-21 17:20:00,2025-11-21 17:11:00,도착,D
KLM네덜란드항공,PUS,KL3397,P03,238,국내선,Slave,KE1410,2025-11-21 17:20:00,2025-11-21 17:11:00,도착,D
ITA항공,PUS,AZ2777,P03,238,국내선,Slave,KE1410,2025-11-21 17:20:00,2025-11-21 17:11:00,도착,D
아시아나항공,MNL,OZ702,P01,23,B,Master,OZ702,2025-11-21 16:40:00,2025-11-21 17:07:00,도착,I
아시아나항공,JFK,OZ221,P01,15,B,Master,OZ221,2025-11-21 17:05:00,2025-11-21 17:10:00,도착,I
코파항공,JFK,CM8005,P01,15,B,Slave,OZ221,2025-11-21 17:05:00,2025-11-21 17:10:00,도착,I
싱가포르항공,JFK,SQ5721,P01,15,B,Slave,OZ221,2025-11-21 17:05:00,2025-11-21 17:10:00,도착,I
타이항공,JFK,TG6746,P01,15,B,Slave,OZ221,2025-11-21 17:05:00,2025-11-21 17:10:00,도착,I
유나이티드항공,JFK,UA7294,P01,15,B,Slave,OZ221,2025-11-21 17:05:00,2025-11-21 17:10:00,도착,I
대한항공,AMS,KE926,P03,267,B,Master,KE926,2025-11-21 16:55:00,2025-11-21 17:12:00,도착,I
KLM네덜란드항공,AMS,KL201,P03,267,B,Slave,KE926,2025-11-21 16:55:00,2025-11-21 17:12:00,도착,I
대한항공,PEK,KE856,P03,260,B,Master,KE856,2025-11-21 17:25:00,2025-11-21 17:19:00,도착,I
샤먼항공,PEK,MF9093,P03,260,B,Slave,KE856,2025-11-21 17:25:00,2025-11-21 17:19:00,도착,I
대한항공,XMN,KE126,P03,219,A,Master,KE126,2025-11-21 17:50:00,2025-11-21 17:16:00,도착,I
샤먼항공,XMN,MF9017,P03,219,A,Slave,KE126,2025-11-21 17:50:00,2025-11-21 17:16:00,도착,I
대한항공,MNL,KE622,P03,254,B,Master,KE622,2025-11-21 17:25:00,2025-11-21 17:16:00,도착,I
아시아나항공,FUK,OZ133,P01,24,B,Master,OZ133,2025-11-21 17:20:00,2025-11-21 17:10:00,도착,I
에티오피아항공,FUK,ET1445,P01,24,B,Slave,OZ133,2025-11-21 17:20:00,2025-11-21 17:10:00,도착,I
터키항공,FUK,TK8095,P01,24,B,Slave,OZ133,2025-11-21 17:20:00,2025-11-21 17:10:00,도착,I
에어캐나다,FUK,AC6991,P01,24,B,Slave,OZ133,2025-11-21 17:20:00,2025-11-21 17:10:00,도착,I
에티하드 항공,FUK,EY8466,P01,24,B,Slave,OZ133,2025-11-21 17:20:00,2025-11-21 17:10:00,도착,I
전일본공수,FUK,NH6959,P01,24,B,Slave,OZ133,2025-11-21 17:20:00,2025-11-21 17:10:00,도착,I
티웨이항공,NRT,TW244,P02,119,D,Master,TW244,2025-11-21 17:45:00,2025-11-21 17:14:00,도착,I
카타르항공,DOH,QR858,P01,46,E,Master,QR858,2025-11-21 17:15:00,2025-11-21 17:16:00,도착,I
아시아나항공,DOH,OZ6888,P01,46,E,Slave,QR858,2025-11-21 17:15:00,2025-11-21 17:16:00,도착,I
르완다에어,DOH,WB1569,P01,46,E,Slave,QR858,2025-11-21 17:15:00,2025-11-21 17:16:00,도착,I
이베리아항공,DOH,IB6416,P01,46,E,Slave,QR858,2025-11-21 17:15:00,2025-11-21 17:16:00,도착,I
영국항공,DOH,BA2292,P01,46,E,Slave,QR858,2025-11-21 17:15:00,2025-11-21 17:16:00,도착,I
란항공,DOH,LA6036,P01,46,E,Slave,QR858,2025-11-21 17:15:00,2025-11-21 17:16:00,도착,I
로얄 에어 모로코,DOH,AT5714,P01,46,E,Slave,QR858,2025-11-21 17:15:00,2025-11-21 17:16:00,도착,I
대한항공,CTS,KE766,P03,246,A,Master,KE766,2025-11-21 17:15:00,2025-11-21 17:18:00,도착,I
델타항공,CTS,DL7904,P03,246,A,Slave,KE766,2025-11-21 17:15:00,2025-11-21 17:18:00,도착,I
일본항공,CTS,JL5209,P03,246,A,Slave,KE766,2025-11-21 17:15:00,2025-11-21 17:18:00,도착,I
KLM네덜란드항공,CTS,KL4250,P03,246,A,Slave,KE766,2025-11-21 17:15:00,2025-11-21 17:18:00,도착,I
버진 애트란틱항공,CTS,VS5512,P03,246,A,Slave,KE766,2025-11-21 17:15:00,2025-11-21 17:18:00,도착,I
이스타항공,OKA,ZE632,P02,125,D,Master,ZE632,2025-11-21 18:20:00,2025-11-21 17:16:00,도착,I
에어서울,YGJ,RS746,P03,279,B,Master,RS746,2025-11-21 17:40:00,2025-11-21 17:22:00,도착,I
대한항공,CDG,KE902,P03,248,A,Master,KE902,2025-11-21 17:20:00,2025-11-21 17:24:00,도착,I
에어 프랑스,CDG,AF5092,P03,248,A,Slave,KE902,2025-11-21 17:20:00,2025-11-21 17:24:00,도착,I
제주항공,MYJ,7C1704,P01,35,E,Master,7C1704,2025-11-21 17:35:00,2025-11-21 17:29:00,도착,I
에어로케이항공,IBR,RF387,P02,109,C,Master,RF387,2025-11-21 17:40:00,2025-11-21 17:30:00,도착,I
대한항공,ATL,KE036,P03,225,A,Master,KE036,2025-11-21 17:45:00,2025-11-21 17:39:00,도착,I
델타항공,ATL,DL7850,P03,225,A,Slave,KE036,2025-11-21 17:45:00,2025-11-21 17:39:00,도착,I
아시아나항공,XIY,OZ348,P01,16,B,Master,OZ348,2025-11-21 17:10:00,2025-11-21 17:30:00,도착,I
심천항공,XIY,ZH3303,P01,16,B,Slave,OZ348,2025-11-21 17:10:00,2025-11-21 17:30:00,도착,I
대한항공,HNL,KE054,P03,221,A,Master,KE054,2025-11-21 17:35:00,2025-11-21 17:36:00,도착,I
델타항공,HNL,DL7938,P03,221,A,Slave,KE054,2025-11-21 17:35:00,2025-11-21 17:36:00,도착,I
하와이안 항공,HNL,HA6020,P03,221,A,Slave,KE054,2025-11-21 17:35:00,2025-11-21 17:36:00,도착,I
대한항공,SYD,KE402,P03,256,B,Master,KE402,2025-11-21 17:50:00,2025-11-21 17:42:00,도착,I
KLM네덜란드항공,SYD,KL9161,P03,256,B,Slave,KE402,2025-11-21 17:50:00,2025-11-21 17:42:00,도착,I
몽골항공,SYD,OM6522,P03,256,B,Slave,KE402,2025-11-21 17:50:00,2025-11-21 17:42:00,도착,I
버진 애트란틱항공,SYD,VS5524,P03,256,B,Slave,KE402,2025-11-21 17:50:00,2025-11-21 17:42:00,도착,I
에미레이트항공,DXB,EK322,P01,43,E,Master,EK322,2025-11-21 16:50:00,2025-11-21 17:34:00,도착,I
대한항공,DXB,KE5952,P01,43,E,Slave,EK322,2025-11-21 16:50:00,2025-11-21 17:34:00,도착,I
티웨이항공,OKA,TW282,P02,128,D,Master,TW282,2025-11-21 17:55:00,2025-11-21 17:36:00,도착,I
대한항공,ORD,KE038,P03,261,B,Master,KE038,2025-11-21 17:15:00,2025-11-21 17:39:00,도착,I
델타항공,ORD,DL7862,P03,261,B,Slave,KE038,2025-11-21 17:15:00,2025-11-21 17:39:00,도착,I
에어부산,KIX,BX173,P03,280,B,Master,BX173,2025-11-21 18:10:00,2025-11-21 17:45:00,도착,I
티웨이항공,KIX,TW304,P02,111,C,Master,TW304,2025-11-21 17:55:00,2025-11-21 17:41:00,도착,I
대한항공,SIN,KE648,P03,224,A,Master,KE648,2025-11-21 18:25:00,2025-11-21 17:47:00,도착,I
델타항공,SIN,DL7824,P03,224,A,Slave,KE648,2025-11-21 18:25:00,2025-11-21 17:47:00,도착,I
몽골항공,SIN,OM6234,P03,224,A,Slave,KE648,2025-11-21 18:25:00,2025-11-21 17:47:00,도착,I
웨스트젯,SIN,WS6066,P03,224,A,Slave,KE648,2025-11-21 18:25:00,2025-11-21 17:47:00,도착,I
아시아나항공,HKG,OZ722,P01,9,B,Master,OZ722,2025-11-21 17:30:00,2025-11-21 17:41:00,도착,I
홍콩항공,HKG,HX1552,P01,9,B,Slave,OZ722,2025-11-21 17:30:00,2025-11-21 17:41:00,도착,I
유나이티드항공,HKG,UA7305,P01,9,B,Slave,OZ722,2025-11-21 17:30:00,2025-11-21 17:41:00,도착,I
제주항공,TAG,7C2122,P02,104,C,Master,7C2122,2025-11-21 18:05:00,2025-11-21 17:43:00,도착,I
대한항공,LAX,KE018,P03,268,B,Master,KE018,2025-11-21 17:35:00,2025-11-21 17:44:00,도착,I
아에로멕시코,LAX,AM6703,P03,268,B,Slave,KE018,2025-11-21 17:35:00,2025-11-21 17:44:00,도착,I
델타항공,LAX,DL7836,P03,268,B,Slave,KE018,2025-11-21 17:35:00,2025-11-21 17:44:00,도착,I
란항공,LAX,LA8427,P03,268,B,Slave,KE018,2025-11-21 17:35:00,2025-11-21 17:44:00,도착,I
대한항공,CAN,KE868,P03,264,B,Master,KE868,2025-11-21 17:35:00,2025-11-21 17:50:00,도착,I
아시아나항공,FCO,OZ562,P01,7,B,Master,OZ562,2025-11-21 17:35:00,2025-11-21 17:49:00,도착,I
대한항공,IAD,KE094,P03,233,A,Master,KE094,2025-11-21 17:40:00,2025-11-21 17:53:00,도착,I
델타항공,IAD,DL7856,P03,233,A,Slave,KE094,2025-11-21 17:40:00,2025-11-21 17:53:00,도착,I
티웨이항공,CTS,TW264,P02,115,C,Master,TW264,2025-11-21 18:10:00,2025-11-21 17:59:00,도착,I
대한항공,HGH,KE108,P03,218,A,Master,KE108,2025-11-21 18:05:00,2025-11-21 17:59:00,도착,I
샤먼항공,HGH,MF9599,P03,218,A,Slave,KE108,2025-11-21 18:05:00,2025-11-21 17:59:00,도착,I
중국동방항공,HGH,MU8961,P03,218,A,Slave,KE108,2025-11-21 18:05:00,2025-11-21 17:59:00,도착,I
에어서울,KIX,RS714,P03,281,B,Master,RS714,2025-11-21 17:55:00,2025-11-21 17:58:00,도착,I
산동항공,TAO,SC4615,P01,45,E,Master,SC4615,2025-11-21 18:10:00,2025-11-21 17:57:00,도착,I
아시아나항공,TAO,OZ6714,P01,45,E,Slave,SC4615,2025-11-21 18:10:00,2025-11-21 17:57:00,도착,I
중국국제항공,TAO,CA8859,P01,45,E,Slave,SC4615,2025-11-21 18:10:00,2025-11-21 17:57:00,도착,I
대한항공,JFK,KE082,P03,231,A,Master,KE082,2025-11-21 17:45:00,2025-11-21 18:02:00,도착,I
델타항공,JFK,DL7842,P03,231,A,Slave,KE082,2025-11-21 17:45:00,2025-11-21 18:02:00,도착,I
아시아나항공,CNS,OZ6027,P01,28,E,Master,OZ6027,2025-11-21 17:40:00,2025-11-21 18:05:00,도착,I
대한항공,TAO,KE844,P03,220,A,Master,KE844,2025-11-21 17:35:00,2025-11-21 18:09:00,도착,I
중국동방항공,TAO,MU8939,P03,220,A,Slave,KE844,2025-11-21 17:35:00,2025-11-21 18:09:00,도착,I
대한항공,SFO,KE024,P03,242,A,Master,KE024,2025-11-21 17:40:00,2025-11-21 18:09:00,도착,I
델타항공,SFO,DL7861,P03,242,A,Slave,KE024,2025-11-21 17:40:00,2025-11-21 18:09:00,도착,I
에어프레미아,HKG,YP802,P01,27,B,Master,YP802,2025-11-21 18:15:00,2025-11-21 18:12:00,도착,I
에어캐나다,YVR,AC063,P01,30,E,Master,AC063,2025-11-21 17:10:00,2025-11-21 18:08:00,도착,I
아시아나항공,YVR,OZ6101,P01,30,E,Slave,AC063,2025-11-21 17:10:00,2025-11-21 18:08:00,도착,I
싱가포르항공,YVR,SQ1003,P01,30,E,Slave,AC063,2025-11-21 17:10:00,2025-11-21 18:08:00,도착,I
아시아나항공,LHR,OZ522,P01,22,B,Master,OZ522,2025-11-21 17:50:00,2025-11-21 18:13:00,도착,I
제주항공,HIJ,7C1618,P01,34,D,Master,7C1618,2025-11-21 18:15:00,2025-11-21 18:07:00,도착,I
에어서울,FUK,RS728,P03,277,B,Master,RS728,2025-11-21 18:35:00,2025-11-21 18:35:00,도착,I
대한항공,YVR,KE072,P03,275,B,Master,KE072,2025-11-21 17:45:00,2025-11-21 18:17:00,도착,I
웨스트젯,YVR,WS6062,P03,275,B,Slave,KE072,2025-11-21 17:45:00,2025-11-21 18:17:00,도착,I
에미레이트항공,DXB,EK324,P01,41,E,Master,EK324,2025-11-21 18:10:00,2025-11-21 18:17:00,도착,I
상하이항공,PVG,FM827,P02,118,D,Master,FM827,2025-11-21 17:25:00,2025-11-21 18:21:00,도착,I
중국동방항공,PVG,MU8603,P02,118,D,Slave,FM827,2025-11-21 17:25:00,2025-11-21 18:21:00,도착,I
대한항공,PVG,KE5894,P02,118,D,Slave,FM827,2025-11-21 17:25:00,2025-11-21 18:21:00,도착,I
아시아나항공,NKG,OZ350,P01,11,B,Master,OZ350,2025-11-21 18:10:00,2025-11-21 18:30:00,도착,I
길상항공,NKG,HO3104,P01,11,B,Slave,OZ350,2025-11-21 18:10:00,2025-11-21 18:30:00,도착,I
심천항공,NKG,ZH3293,P01,11,B,Slave,OZ350,2025-11-21 18:10:00,2025-11-21 18:30:00,도착,I
대한항공,HAN,KE442,P03,247,A,Master,KE442,2025-11-21 18:25:00,2025-11-21 18:29:00,도착,I
델타항공,HAN,DL7806,P03,247,A,Slave,KE442,2025-11-21 18:25:00,2025-11-21 18:29:00,도착,I
베트남항공,HAN,VN3412,P03,247,A,Slave,KE442,2025-11-21 18:25:00,2025-11-21 18:29:00,도착,I
웨스트젯,HAN,WS6068,P03,247,A,Slave,KE442,2025-11-21 18:25:00,2025-11-21 18:29:00,도착,I
대한항공,MAD,KE914,P03,267,B,Master,KE914,2025-11-21 18:15:00,2025-11-21 18:28:00,도착,I
아르헨티나 항공,MAD,AR7864,P03,267,B,Slave,KE914,2025-11-21 18:15:00,2025-11-21 18:28:00,도착,I
에어 유로파,MAD,UX3601,P03,267,B,Slave,KE914,2025-11-21 18:15:00,2025-11-21 18:28:00,도착,I
캐세이퍼시픽항공,HKG,CX418,P01,49,E,Master,CX418,2025-11-21 18:35:00,2025-11-21 18:26:00,도착,I
콴타스항공,HKG,QF8222,P01,49,E,Slave,CX418,2025-11-21 18:35:00,2025-11-21 18:26:00,도착,I
카타르항공,HKG,QR8370,P01,49,E,Slave,CX418,2025-11-21 18:35:00,2025-11-21 18:26:00,도착,I
진에어,FUK,LJ270,P03,243,A,Master,LJ270,2025-11-21 18:40:00,2025-11-21 18:28:00,도착,I
필리핀항공,MNL,PR402,P01,32,E,Master,PR402,2025-11-21 19:25:00,2025-11-21 18:32:00,도착,I
제주항공,HKG,7C6022,P02,126,D,Master,7C6022,2025-11-21 18:25:00,2025-11-21 18:35:00,도착,I
아시아나항공,PEK,OZ334,P01,8,B,Master,OZ334,2025-11-21 18:35:00,2025-11-21 18:32:00,도착,I
중국국제항공,PEK,CA5003,P01,8,B,Slave,OZ334,2025-11-21 18:35:00,2025-11-21 18:32:00,도착,I
아시아나항공,HGH,OZ360,P01,21,B,Master,OZ360,2025-11-21 18:10:00,2025-11-21 18:37:00,도착,I
중국국제항공,HGH,CA5017,P01,21,B,Slave,OZ360,2025-11-21 18:10:00,2025-11-21 18:37:00,도착,I
길상항공,HGH,HO3102,P01,21,B,Slave,OZ360,2025-11-21 18:10:00,2025-11-21 18:37:00,도착,I
아시아나항공,SZX,OZ372,P01,7,B,Master,OZ372,2025-11-21 18:20:00,2025-11-21 18:43:00,도착,I
심천항공,SZX,ZH3301,P01,7,B,Slave,OZ372,2025-11-21 18:20:00,2025-11-21 18:43:00,도착,I
티웨이항공,DAD,TW008,P02,101,C,Master,TW008,2025-11-21 18:40:00,2025-11-21 18:44:00,도착,I
제주항공,NRT,7C1106,P02,129,D,Master,7C1106,2025-11-21 18:35:00,2025-11-21 18:43:00,도착,I
에바항공,TPE,BR160,P01,33,E,Master,BR160,2025-11-21 18:45:00,2025-11-21 18:43:00,도착,I
아시아나항공,TPE,OZ6872,P01,33,E,Slave,BR160,2025-11-21 18:45:00,2025-11-21 18:43:00,도착,I
에어 뉴질랜드,TPE,NZ4922,P01,33,E,Slave,BR160,2025-11-21 18:45:00,2025-11-21 18:43:00,도착,I
타이항공,TPE,TG6392,P01,33,E,Slave,BR160,2025-11-21 18:45:00,2025-11-21 18:43:00,도착,I
유니항공,TPE,B77026,P01,33,E,Slave,BR160,2025-11-21 18:45:00,2025-11-21 18:43:00,도착,I
에어캐나다,TPE,AC6537,P01,33,E,Slave,BR160,2025-11-21 18:45:00,2025-11-21 18:43:00,도착,I
터키항공,IST,TK090,P01,40,E,Master,TK090,2025-11-21 18:20:00,2025-11-21 18:50:00,도착,I
아시아나항공,IST,OZ6932,P01,40,E,Slave,TK090,2025-11-21 18:20:00,2025-11-21 18:50:00,도착,I
샤먼항공,FOC,MF877,P03,250,A,Master,MF877,2025-11-21 19:00:00,2025-11-21 18:52:00,도착,I
알래스카 항공,SEA,AS871,P01,39,E,Master,AS871,2025-11-21 18:35:00,2025-11-21 18:55:00,도착,I
하와이안 항공,SEA,HA871,P01,39,E,Slave,AS871,2025-11-21 18:35:00,2025-11-21 18:55:00,도착,I
아시아나항공,SYD,OZ602,P01,46,E,Master,OZ602,2025-11-21 19:00:00,2025-11-21 18:59:00,도착,I
에티하드 항공,SYD,EY8463,P01,46,E,Slave,OZ602,2025-11-21 19:00:00,2025-11-21 18:59:00,도착,I
터키항공,SYD,TK8097,P01,46,E,Slave,OZ602,2025-11-21 19:00:00,2025-11-21 18:59:00,도착,I
티웨이항공,FUK,TW206,P02,112,C,Master,TW206,2025-11-21 18:50:00,2025-11-21 18:57:00,도착,I
제주항공,OKA,7C1802,P01,38,E,Master,7C1802,2025-11-21 19:15:00,2025-11-21 18:58:00,도착,I
에어서울,GUM,RS104,P03,279,B,Master,RS104,2025-11-21 18:50:00,2025-11-21 19:01:00,도착,I
제주항공,KIX,7C1394,P01,37,D,Master,7C1394,2025-11-21 19:05:00,2025-11-21 19:01:00,도착,I
대한항공,DFW,KE032,P03,268,A,Master,KE032,2025-11-21 17:35:00,2025-11-21 19:05:00,도착,I
델타항공,DFW,DL7868,P03,268,A,Slave,KE032,2025-11-21 17:35:00,2025-11-21 19:05:00,도착,I
대한항공,SHE,KE834,P03,251,A,Master,KE834,2025-11-21 19:35:00,2025-11-21 19:14:00,도착,I
중국동방항공,SHE,MU8965,P03,251,A,Slave,KE834,2025-11-21 19:35:00,2025-11-21 19:14:00,도착,I
대한항공,MFM,KE2016,P03,264,A,Master,KE2016,2025-11-21 19:40:00,2025-11-21 19:14:00,도착,I
델타항공,MFM,DL7905,P03,264,A,Slave,KE2016,2025-11-21 19:40:00,2025-11-21 19:14:00,도착,I
중화항공,TPE,CI162,P03,256,B,Master,CI162,2025-11-21 19:15:00,2025-11-21 19:22:00,도착,I
하와이안 항공,TPE,HA2572,P03,256,B,Slave,CI162,2025-11-21 19:15:00,2025-11-21 19:22:00,도착,I
대한항공,TPE,KE5694,P03,256,B,Slave,CI162,2025-11-21 19:15:00,2025-11-21 19:22:00,도착,I
델타항공,TPE,DL7719,P03,256,B,Slave,CI162,2025-11-21 19:15:00,2025-11-21 19:22:00,도착,I
제주항공,FUK,7C1406,P01,36,E,Master,7C1406,2025-11-21 19:20:00,2025-11-21 19:18:00,도착,I
중국남방항공,YNJ,CZ6073,P02,131,D,Master,CZ6073,2025-11-21 19:30:00,2025-11-21 19:26:00,도착,I
중국남방항공,PVG,CZ369,P02,127,D,Master,CZ369,2025-11-21 19:55:00,2025-11-21 19:27:00,도착,I
대한항공,AKL,KE412,P03,236,A,Master,KE412,2025-11-21 19:40:00,2025-11-21 19:26:00,도착,I
KLM네덜란드항공,AKL,KL4253,P03,236,A,Slave,KE412,2025-11-21 19:40:00,2025-11-21 19:26:00,도착,I
버진 애트란틱항공,AKL,VS5528,P03,236,A,Slave,KE412,2025-11-21 19:40:00,2025-11-21 19:26:00,도착,I
아시아나항공,SGN,OZ732,P01,24,B,Master,OZ732,2025-11-21 19:20:00,2025-11-21 19:28:00,도착,I
에티하드 항공,SGN,EY8458,P01,24,B,Slave,OZ732,2025-11-21 19:20:00,2025-11-21 19:28:00,도착,I
중국동방항공,NKG,MU2921,P02,117,D,Master,MU2921,2025-11-21 19:50:00,2025-11-21 19:33:00,도착,I
대한항공,NKG,KE5896,P02,117,D,Slave,MU2921,2025-11-21 19:50:00,2025-11-21 19:33:00,도착,I
대한항공,NRT,KE712,P03,235,A,Master,KE712,2025-11-21 19:55:00,2025-11-21 19:34:00,도착,I
아에로멕시코,NRT,AM6706,P03,235,A,Slave,KE712,2025-11-21 19:55:00,2025-11-21 19:34:00,도착,I
델타항공,NRT,DL7896,P03,235,A,Slave,KE712,2025-11-21 19:55:00,2025-11-21 19:34:00,도착,I
일본항공,NRT,JL5251,P03,235,A,Slave,KE712,2025-11-21 19:55:00,2025-11-21 19:34:00,도착,I
비엣젯항공,SGN,VJ860,P02,123,D,Master,VJ860,2025-11-21 19:25:00,2025-11-21 19:40:00,도착,I
진에어,KIX,LJ236,P03,263,A,Master,LJ236,2025-11-21 19:45:00,2025-11-21 19:38:00,도착,I
대한항공,KIX,KE5072,P03,263,A,Slave,LJ236,2025-11-21 19:45:00,2025-11-21 19:38:00,도착,I
이스타항공,KOJ,ZE652,P02,103,C,Master,ZE652,2025-11-21 19:50:00,2025-11-21 19:42:00,도착,I
스칸디나비아항공,CPH,SK987,P03,276,A,Master,SK987,2025-11-21 19:00:00,2025-11-21 19:48:00,도착,I
제주항공,NGO,7C1204,P02,108,C,Master,7C1204,2025-11-21 19:55:00,2025-11-21 19:49:00,도착,I
아시아나항공,PVG,OZ366,P01,18,B,Master,OZ366,2025-11-21 19:20:00,2025-11-21 19:50:00,도착,I
길상항공,PVG,HO3108,P01,18,B,Slave,OZ366,2025-11-21 19:20:00,2025-11-21 19:50:00,도착,I
이스타항공,KIX,ZE614,P02,104,C,Master,ZE614,2025-11-21 19:50:00,2025-11-21 19:52:00,도착,I
세부퍼시픽항공,CEB,5J130,P02,114,C,Master,5J130,2025-11-21 20:25:00,2025-11-21 19:53:00,도착,I
티웨이항공,KLO,TW126,P02,122,D,Master,TW126,2025-11-21 19:05:00,2025-11-21 19:58:00,도착,I
진에어,GUM,LJ914,P03,252,A,Master,LJ914,2025-11-21 20:05:00,2025-11-21 19:56:00,도착,I
대한항공,GUM,KE5776,P03,252,A,Slave,LJ914,2025-11-21 20:05:00,2025-11-21 19:56:00,도착,I
제주항공,MFM,7C6002,P02,118,E,Master,7C6002,2025-11-21 19:45:00,2025-11-21 19:57:00,도착,I
진에어,TAK,LJ360,P03,265,A,Master,LJ360,2025-11-21 20:15:00,2025-11-21 20:02:00,도착,I
산동항공,TAO,SC4617,P01,45,E,Master,SC4617,2025-11-21 20:10:00,2025-11-21 20:04:00,도착,I
중국국제항공,TAO,CA8879,P01,45,E,Slave,SC4617,2025-11-21 20:10:00,2025-11-21 20:04:00,도착,I
아시아나항공,TAO,OZ6708,P01,45,E,Slave,SC4617,2025-11-21 20:10:00,2025-11-21 20:04:00,도착,I
알래스카 항공,HNL,AS859,P01,48,E,Master,AS859,2025-11-21 19:25:00,2025-11-21 20:03:00,도착,I
하와이안 항공,HNL,HA859,P01,48,E,Slave,AS859,2025-11-21 19:25:00,2025-11-21 20:03:00,도착,I
에어부산,KIX,BX175,P03,278,A,Master,BX175,2025-11-21 20:45:00,2025-11-21 20:09:00,도착,I
대한항공,GUM,KE416,P03,241,A,Master,KE416,2025-11-21 20:40:00,2025-11-21 20:12:00,도착,I
델타항공,GUM,DL7828,P03,241,A,Slave,KE416,2025-11-21 20:40:00,2025-11-21 20:12:00,도착,I
대한항공,KIX,KE726,P03,219,A,Master,KE726,2025-11-21 20:25:00,2025-11-21 20:16:00,도착,I
몽골항공,KIX,OM6706,P03,219,A,Slave,KE726,2025-11-21 20:25:00,2025-11-21 20:16:00,도착,I
델타항공,KIX,DL7788,P03,219,A,Slave,KE726,2025-11-21 20:25:00,2025-11-21 20:16:00,도착,I
일본항공,KIX,JL5215,P03,219,A,Slave,KE726,2025-11-21 20:25:00,2025-11-21 20:16:00,도착,I
아시아나항공,BKK,OZ744,P01,6,B,Master,OZ744,2025-11-21 19:40:00,2025-11-21 20:16:00,도착,I
타이항공,BKK,TG6757,P01,6,B,Slave,OZ744,2025-11-21 19:40:00,2025-11-21 20:16:00,도착,I
아시아나항공,PEK,OZ336,P01,3,B,Master,OZ336,2025-11-21 20:30:00,2025-11-21 20:18:00,도착,I
심천항공,PEK,ZH3309,P01,3,B,Slave,OZ336,2025-11-21 20:30:00,2025-11-21 20:18:00,도착,I
중국국제항공,PEK,CA5005,P01,3,B,Slave,OZ336,2025-11-21 20:30:00,2025-11-21 20:18:00,도착,I
제주항공,SPN,7C3212,P02,126,D,Master,7C3212,2025-11-21 20:25:00,2025-11-21 20:21:00,도착,I
대한항공,OKA,KE2148,P03,245,A,Master,KE2148,2025-11-21 20:25:00,2025-11-21 20:27:00,도착,I
버진 애트란틱항공,OKA,VS5514,P03,245,A,Slave,KE2148,2025-11-21 20:25:00,2025-11-21 20:27:00,도착,I
델타항공,OKA,DL7796,P03,245,A,Slave,KE2148,2025-11-21 20:25:00,2025-11-21 20:27:00,도착,I
KLM네덜란드항공,OKA,KL9165,P03,245,A,Slave,KE2148,2025-11-21 20:25:00,2025-11-21 20:27:00,도착,I
일본항공,OKA,JL5275,P03,245,A,Slave,KE2148,2025-11-21 20:25:00,2025-11-21 20:27:00,도착,I
아시아나항공,NGO,OZ123,P01,11,B,Master,OZ123,2025-11-21 20:30:00,2025-11-21 20:28:00,도착,I
에티하드 항공,NGO,EY8472,P01,11,B,Slave,OZ123,2025-11-21 20:30:00,2025-11-21 20:28:00,도착,I
전일본공수,NGO,NH6965,P01,11,B,Slave,OZ123,2025-11-21 20:30:00,2025-11-21 20:28:00,도착,I
터키항공,NGO,TK8093,P01,11,B,Slave,OZ123,2025-11-21 20:30:00,2025-11-21 20:28:00,도착,I
아시아나항공,CTS,OZ173,P01,9,B,Master,OZ173,2025-11-21 20:55:00,2025-11-21 20:27:00,도착,I
에티오피아항공,CTS,ET1293,P01,9,B,Slave,OZ173,2025-11-21 20:55:00,2025-11-21 20:27:00,도착,I
전일본공수,CTS,NH6997,P01,9,B,Slave,OZ173,2025-11-21 20:55:00,2025-11-21 20:27:00,도착,I
티웨이항공,KHH,TW672,P02,119,D,Master,TW672,2025-11-21 20:45:00,2025-11-21 20:32:00,도착,I
중국해남항공,HAK,HU449,P01,12,B,Master,HU449,2025-11-21 21:00:00,2025-11-21 20:30:00,도착,I
대한항공,UKB,KE2174,P03,220,A,Master,KE2174,2025-11-21 20:40:00,2025-11-21 20:33:00,도착,I
피치항공,KIX,MM709,P02,110,C,Master,MM709,2025-11-21 20:15:00,2025-11-21 20:29:00,도착,I
중국남방항공,SHE,CZ671,P02,132,D,Master,CZ671,2025-11-21 20:50:00,2025-11-21 20:33:00,도착,I
북경수도항공,SYX,JD377,P01,42,E,Master,JD377,2025-11-21 20:35:00,2025-11-21 20:36:00,도착,I
중국동방항공,TAO,MU2043,P02,130,D,Master,MU2043,2025-11-21 20:40:00,2025-11-21 20:42:00,도착,I
대한항공,TAO,KE5870,P02,130,D,Slave,MU2043,2025-11-21 20:40:00,2025-11-21 20:42:00,도착,I
상하이항공,TAO,FM3075,P02,130,D,Slave,MU2043,2025-11-21 20:40:00,2025-11-21 20:42:00,도착,I
산동항공,YNT,SC7683,P01,28,E,Master,SC7683,2025-11-21 20:45:00,2025-11-21 20:46:00,도착,I
아시아나항공,YNT,OZ6720,P01,28,E,Slave,SC7683,2025-11-21 20:45:00,2025-11-21 20:46:00,도착,I
중국국제항공,YNT,CA8877,P01,28,E,Slave,SC7683,2025-11-21 20:45:00,2025-11-21 20:46:00,도착,I
사천항공,DYG,3U3707,P01,47,E,Master,3U3707,2025-11-21 21:05:00,2025-11-21 20:43:00,도착,I
홍콩익스프레스,HKG,UO626,P02,111,C,Master,UO626,2025-11-21 21:05:00,2025-11-21 20:43:00,도착,I
중국동방항공,PVG,MU5051,P02,121,D,Master,MU5051,2025-11-21 20:45:00,2025-11-21 20:48:00,도착,I
대한항공,PVG,KE5880,P02,121,D,Slave,MU5051,2025-11-21 20:45:00,2025-11-21 20:48:00,도착,I
상하이항공,PVG,FM3069,P02,121,D,Slave,MU5051,2025-11-21 20:45:00,2025-11-21 20:48:00,도착,I
말레이시아 항공,KUL,MH038,P01,23,B,Master,MH038,2025-11-21 20:55:00,2025-11-21 20:51:00,도착,I
카타르항공,KUL,QR4496,P01,23,B,Slave,MH038,2025-11-21 20:55:00,2025-11-21 20:51:00,도착,I
제주항공,FUK,7C1408,P01,34,E,Master,7C1408,2025-11-21 20:15:00,2025-11-21 20:51:00,도착,I
중국동방항공,YNT,MU5049,P02,129,D,Master,MU5049,2025-11-21 21:10:00,2025-11-21 20:52:00,도착,I
대한항공,YNT,KE5846,P02,129,D,Slave,MU5049,2025-11-21 21:10:00,2025-11-21 20:52:00,도착,I
제주항공,NRT,7C1108,P01,37,E,Master,7C1108,2025-11-21 21:05:00,2025-11-21 20:54:00,도착,I
제주항공,DAD,7C2212,P02,102,C,Master,7C2212,2025-11-21 20:45:00,2025-11-21 20:58:00,도착,I
산동항공,TAO,SC4619,P01,46,E,Master,SC4619,2025-11-21 21:10:00,2025-11-21 20:58:00,도착,I
중국국제항공,TAO,CA8881,P01,46,E,Slave,SC4619,2025-11-21 21:10:00,2025-11-21 20:58:00,도착,I
아시아나항공,TAO,OZ6704,P01,46,E,Slave,SC4619,2025-11-21 21:10:00,2025-11-21 20:58:00,도착,I
티웨이항공,RMQ,TW670,P02,115,C,Master,TW670,2025-11-21 21:10:00,2025-11-21 21:04:00,도착,I
아시아나항공,KMI,OZ157,P01,2,B,Master,OZ157,2025-11-21 20:55:00,2025-11-21 21:05:00,도착,I
에어캐나다,KMI,AC6987,P01,2,B,Slave,OZ157,2025-11-21 20:55:00,2025-11-21 21:05:00,도착,I
에티하드 항공,KMI,EY8470,P01,2,B,Slave,OZ157,2025-11-21 20:55:00,2025-11-21 21:05:00,도착,I
전일본공수,KMI,NH6943,P01,2,B,Slave,OZ157,2025-11-21 20:55:00,2025-11-21 21:05:00,도착,I
산동항공,TNA,SC8003,P01,32,E,Master,SC8003,2025-11-21 21:05:00,2025-11-21 21:05:00,도착,I
중국국제항공,TNA,CA8875,P01,32,E,Slave,SC8003,2025-11-21 21:05:00,2025-11-21 21:05:00,도착,I
아시아나항공,TNA,OZ6706,P01,32,E,Slave,SC8003,2025-11-21 21:05:00,2025-11-21 21:05:00,도착,I
티웨이항공,KIX,TW306,P02,124,D,Master,TW306,2025-11-21 21:05:00,2025-11-21 21:07:00,도착,I
젯스타,SYD,JQ047,P02,109,B,Master,JQ047,2025-11-21 20:15:00,2025-11-21 21:11:00,도착,I
핀에어,SYD,AY6440,P02,109,B,Slave,JQ047,2025-11-21 20:15:00,2025-11-21 21:11:00,도착,I
콴타스항공,SYD,QF5507,P02,109,B,Slave,JQ047,2025-11-21 20:15:00,2025-11-21 21:11:00,도착,I
이스타항공,CTS,ZE624,P02,101,C,Master,ZE624,2025-11-21 21:20:00,2025-11-21 21:11:00,도착,I
아시아나항공,TPE,OZ714,P01,26,B,Master,OZ714,2025-11-21 20:35:00,2025-11-21 21:14:00,도착,I
에바항공,TPE,BR2150,P01,26,B,Slave,OZ714,2025-11-21 20:35:00,2025-11-21 21:14:00,도착,I
비엣젯항공,DAD,VJ874,P02,125,D,Master,VJ874,2025-11-21 21:30:00,2025-11-21 21:13:00,도착,I
캐세이퍼시픽항공,HKG,CX416,P01,49,E,Master,CX416,2025-11-21 21:25:00,2025-11-21 21:18:00,도착,I
콴타스항공,HKG,QF8227,P01,49,E,Slave,CX416,2025-11-21 21:25:00,2025-11-21 21:18:00,도착,I
카타르항공,HKG,QR5832,P01,49,E,Slave,CX416,2025-11-21 21:25:00,2025-11-21 21:18:00,도착,I
제주항공,FSZ,7C1604,P01,45,E,Master,7C1604,2025-11-21 21:15:00,2025-11-21 21:25:00,도착,I
에어서울,GUM,RS106,P03,281,A,Master,RS106,2025-11-21 21:15:00,2025-11-21 21:28:00,도착,I
아시아나항공,KIX,OZ113,P01,17,B,Master,OZ113,2025-11-21 21:30:00,2025-11-21 21:29:00,도착,I
에티하드 항공,KIX,EY8451,P01,17,B,Slave,OZ113,2025-11-21 21:30:00,2025-11-21 21:29:00,도착,I
전일본공수,KIX,NH6953,P01,17,B,Slave,OZ113,2025-11-21 21:30:00,2025-11-21 21:29:00,도착,I
대한항공,PEK,KE860,P03,218,A,Master,KE860,2025-11-21 21:55:00,2025-11-21 21:32:00,도착,I
샤먼항공,PEK,MF9099,P03,218,A,Slave,KE860,2025-11-21 21:55:00,2025-11-21 21:32:00,도착,I
중국남방항공,CAN,CZ339,P02,128,E,Master,CZ339,2025-11-21 21:50:00,2025-11-21 21:33:00,도착,I
사천항공,CAN,3U7033,P02,128,E,Slave,CZ339,2025-11-21 21:50:00,2025-11-21 21:33:00,도착,I
제주항공,KIX,7C1306,P01,22,B,Master,7C1306,2025-11-21 21:40:00,2025-11-21 21:33:00,도착,I
한 에어,KIX,H19815,P01,22,B,Slave,7C1306,2025-11-21 21:40:00,2025-11-21 21:33:00,도착,I
스쿠트 항공,SIN,TR896,P02,107,B,Master,TR896,2025-11-21 21:45:00,2025-11-21 21:43:00,도착,I
피치항공,KIX,MM711,P02,117,E,Master,MM711,2025-11-21 21:55:00,2025-11-21 21:39:00,도착,I
중국남방항공,CGO,CZ6009,P02,131,E,Master,CZ6009,2025-11-21 21:45:00,2025-11-21 21:45:00,도착,I
진에어,FUK,LJ266,P03,258,A,Master,LJ266,2025-11-21 21:35:00,2025-11-21 21:39:00,도착,I
대한항공,FUK,KE5078,P03,258,A,Slave,LJ266,2025-11-21 21:35:00,2025-11-21 21:39:00,도착,I
싱가포르항공,SIN,SQ606,P01,39,E,Master,SQ606,2025-11-21 22:00:00,2025-11-21 21:42:00,도착,I
에어인디아 리미티드,SIN,AI8170,P01,39,E,Slave,SQ606,2025-11-21 22:00:00,2025-11-21 21:42:00,도착,I
아시아나항공,SIN,OZ6784,P01,39,E,Slave,SQ606,2025-11-21 22:00:00,2025-11-21 21:42:00,도착,I
버진 오스트레일리아,SIN,VA5676,P01,39,E,Slave,SQ606,2025-11-21 22:00:00,2025-11-21 21:42:00,도착,I
진에어,RMQ,LJ738,P03,252,A,Master,LJ738,2025-11-21 22:05:00,2025-11-21 21:43:00,도착,I
이스타항공,FUK,ZE650,P02,103,B,Master,ZE650,2025-11-21 22:00:00,2025-11-21 21:48:00,도착,I
티웨이항공,FUK,TW208,P02,112,B,Master,TW208,2025-11-21 22:10:00,2025-11-21 21:56:00,도착,I
중국남방항공,PKX,CZ315,P02,113,B,Master,CZ315,2025-11-21 22:15:00,2025-11-21 21:54:00,도착,I
에티하드 항공,AUH,EY826,P01,30,E,Master,EY826,2025-11-21 21:55:00,2025-11-21 21:56:00,도착,I
플라이나스,AUH,XY3858,P01,30,E,Slave,EY826,2025-11-21 21:55:00,2025-11-21 21:56:00,도착,I
로얄 요르단 항공,AUH,RJ3631,P01,30,E,Slave,EY826,2025-11-21 21:55:00,2025-11-21 21:56:00,도착,I
아시아나항공,AUH,OZ6969,P01,30,E,Slave,EY826,2025-11-21 21:55:00,2025-11-21 21:56:00,도착,I
이집트항공,AUH,MS8410,P01,30,E,Slave,EY826,2025-11-21 21:55:00,2025-11-21 21:56:00,도착,I
오만항공,AUH,WY5126,P01,30,E,Slave,EY826,2025-11-21 21:55:00,2025-11-21 21:56:00,도착,I
티웨이항공,YVR,TW532,P02,106,B,Master,TW532,2025-11-21 21:35:00,2025-11-21 22:00:00,도착,I
진에어,NRT,LJ208,P03,254,A,Master,LJ208,2025-11-21 21:40:00,2025-11-21 22:03:00,도착,I
중국국제항공,PEK,CA709,P01,16,B,Master,CA709,2025-11-21 21:55:00,2025-11-21 22:03:00,도착,I
아시아나항공,PEK,OZ6806,P01,16,B,Slave,CA709,2025-11-21 21:55:00,2025-11-21 22:03:00,도착,I
진에어,NGO,LJ348,P03,253,A,Master,LJ348,2025-11-21 21:45:00,2025-11-21 22:04:00,도착,I
대한항공,NGO,KE5082,P03,253,A,Slave,LJ348,2025-11-21 21:45:00,2025-11-21 22:04:00,도착,I
이스타항공,NRT,ZE604,P02,104,B,Master,ZE604,2025-11-21 21:35:00,2025-11-21 22:05:00,도착,I
대한항공,DAD,KE458,P03,248,A,Master,KE458,2025-11-21 22:05:00,2025-11-21 22:04:00,도착,I
베트남항공,DAD,VN3442,P03,248,A,Slave,KE458,2025-11-21 22:05:00,2025-11-21 22:04:00,도착,I
델타항공,DAD,DL7810,P03,248,A,Slave,KE458,2025-11-21 22:05:00,2025-11-21 22:04:00,도착,I
티웨이항공,NRT,TW246,P02,122,E,Master,TW246,2025-11-21 21:50:00,2025-11-21 22:10:00,도착,I
청도항공,TAO,QW9901,P01,24,B,Master,QW9901,2025-11-21 22:20:00,2025-11-21 22:10:00,도착,I
대한항공,KMJ,KE2156,P03,238,A,Master,KE2156,2025-11-21 20:55:00,2025-11-21 22:12:00,도착,I
델타항공,KMJ,DL7930,P03,238,A,Slave,KE2156,2025-11-21 20:55:00,2025-11-21 22:12:00,도착,I
에어부산,NRT,BX165,P03,279,A,Master,BX165,2025-11-21 22:05:00,2025-11-21 22:17:00,도착,I
중국동방항공,KMG,MU2003,P02,114,B,Master,MU2003,2025-11-21 22:45:00,2025-11-21 22:17:00,도착,I
대한항공,KMG,KE5856,P02,114,B,Slave,MU2003,2025-11-21 22:45:00,2025-11-21 22:17:00,도착,I
젯스타,SYD,JQ1047,P02,110,B,Master,JQ1047,2025-11-21 22:05:00,2025-11-21 22:20:00,도착,I
핀에어,SYD,AY6440,P02,110,B,Slave,JQ1047,2025-11-21 22:05:00,2025-11-21 22:20:00,도착,I
콴타스항공,SYD,QF5507,P02,110,B,Slave,JQ1047,2025-11-21 22:05:00,2025-11-21 22:20:00,도착,I
몽골항공,UBN,OM307,P01,14,B,Master,OM307,2025-11-21 22:40:00,2025-11-21 22:22:00,도착,I
아시아나항공,NRT,OZ105,P01,10,B,Master,OZ105,2025-11-21 22:25:00,2025-11-21 22:25:00,도착,I
에티하드 항공,NRT,EY8452,P01,10,B,Slave,OZ105,2025-11-21 22:25:00,2025-11-21 22:25:00,도착,I
전일본공수,NRT,NH6975,P01,10,B,Slave,OZ105,2025-11-21 22:25:00,2025-11-21 22:25:00,도착,I
에어 뉴질랜드,NRT,NZ4055,P01,10,B,Slave,OZ105,2025-11-21 22:25:00,2025-11-21 22:25:00,도착,I
유나이티드항공,NRT,UA7299,P01,10,B,Slave,OZ105,2025-11-21 22:25:00,2025-11-21 22:25:00,도착,I
제주항공,NRT,7C1122,P01,38,B,Master,7C1122,2025-11-21 22:50:00,2025-11-21 22:25:00,도착,I
대한항공,FUK,KE782,P03,221,A,Master,KE782,2025-11-21 22:35:00,2025-11-21 22:32:00,도착,I
KLM네덜란드항공,FUK,KL4259,P03,221,A,Slave,KE782,2025-11-21 22:35:00,2025-11-21 22:32:00,도착,I
몽골항공,FUK,OM6712,P03,221,A,Slave,KE782,2025-11-21 22:35:00,2025-11-21 22:32:00,도착,I
델타항공,FUK,DL7798,P03,221,A,Slave,KE782,2025-11-21 22:35:00,2025-11-21 22:32:00,도착,I
일본항공,FUK,JL5225,P03,221,A,Slave,KE782,2025-11-21 22:35:00,2025-11-21 22:32:00,도착,I
에어서울,NRT,RS704,P03,278,A,Master,RS704,2025-11-21 22:30:00,2025-11-21 22:34:00,도착,I
대한항공,TPE,KE2028,P03,233,A,Master,KE2028,2025-11-21 22:55:00,2025-11-21 22:35:00,도착,I
델타항공,TPE,DL7778,P03,233,A,Slave,KE2028,2025-11-21 22:55:00,2025-11-21 22:35:00,도착,I
중화항공,TPE,CI9066,P03,233,A,Slave,KE2028,2025-11-21 22:55:00,2025-11-21 22:35:00,도착,I
산동항공,TNA,SC8007,P01,18,B,Master,SC8007,2025-11-21 22:50:00,2025-11-21 22:38:00,도착,I
중국국제항공,TNA,CA8853,P01,18,B,Slave,SC8007,2025-11-21 22:50:00,2025-11-21 22:38:00,도착,I
아시아나항공,TNA,OZ6718,P01,18,B,Slave,SC8007,2025-11-21 22:50:00,2025-11-21 22:38:00,도착,I
대한항공,HKG,KE2006,P03,234,A,Master,KE2006,2025-11-21 22:45:00,2025-11-21 22:45:00,도착,I
델타항공,HKG,DL7914,P03,234,A,Slave,KE2006,2025-11-21 22:45:00,2025-11-21 22:45:00,도착,I
대한항공,NRT,KE714,P03,222,A,Master,KE714,2025-11-21 23:25:00,2025-11-21 23:16:00,도착,I
아에로멕시코,NRT,AM6707,P03,222,A,Slave,KE714,2025-11-21 23:25:00,2025-11-21 23:16:00,도착,I
델타항공,NRT,DL7902,P03,222,A,Slave,KE714,2025-11-21 23:25:00,2025-11-21 23:16:00,도착,I
일본항공,NRT,JL5253,P03,222,A,Slave,KE714,2025-11-21 23:25:00,2025-11-21 23:16:00,도착,I
에어 타히티 누이,NRT,TN1576,P03,222,A,Slave,KE714,2025-11-21 23:25:00,2025-11-21 23:16:00,도착,I
에어 프랑스,NRT,AF5377,P03,222,A,Slave,KE714,2025-11-21 23:25:00,2025-11-21 23:16:00,도착,I
타이거에어 타이완,TPE,IT602,P02,111,B,Master,IT602,2025-11-21 23:30:00,2025-11-21 23:22:00,도착,I
에어마카오,MFM,NX826,P01,8,B,Master,NX826,2025-11-21 22:45:00,2025-11-21 23:21:00,도착,I
아시아나항공,MFM,OZ6866,P01,8,B,Slave,NX826,2025-11-21 22:45:00,2025-11-21 23:21:00,도착,I
에티오피아항공,NRT,ET673,P01,12,B,Master,ET673,2025-11-21 23:00:00,2025-11-21 23:32:00,도착,I
전일본공수,NRT,NH5341,P01,12,B,Slave,ET673,2025-11-21 23:00:00,2025-11-21 23:32:00,도착,I
에어로케이항공,KIX,RF313,P02,113,B,Master,RF313,2025-11-21 23:55:00,2025-11-21 23:51:00,도착,I
비엣젯항공,PQC,VJ974T,P02,105,B,Master,VJ974T,2025-11-21 23:55:00,2025-11-22 00:04:00,도착,I
세부퍼시픽항공,MNL,5J188,P02,110,B,Master,5J188,2025-11-22 00:45:00,2025-11-22 00:27:00,도착,I
홍콩익스프레스,HKG,UO614,P02,111,B,Master,UO614,2025-11-22 01:35:00,2025-11-22 01:34:00,도착,I
캐세이퍼시픽항공,HKG,CX5614,P02,111,B,Slave,UO614,2025-11-22 01:35:00,2025-11-22 01:34:00,도착,I
비엣젯항공,PQC,VJ978,P02,107,B,Master,VJ978,2025-11-22 01:20:00,2025-11-22 02:11:00,도착,I
비엣젯항공,PQC,VJ976,P02,105,B,Master,VJ976,2025-11-22 04:00:00,2025-11-22 03:54:00,도착,I
진에어,GUM,LJ920,P03,243,A,Master,LJ920,2025-11-22 04:15:00,2025-11-22 04:00:00,도착,I
제주항공,MNL,7C2104,P01,1,B,Master,7C2104,2025-11-22 04:10:00,2025-11-22 04:09:00,도착,I
아시아나항공,HND,OZ177,P01,16,B,Master,OZ177,2025-11-22 04:10:00,2025-11-22 04:12:00,도착,I
전일본공수,HND,NH6895,P01,16,B,Slave,OZ177,2025-11-22 04:10:00,2025-11-22 04:12:00,도착,I
비엣젯항공,CXR,VJ836,P02,103,B,Master,VJ836,2025-11-22 04:30:00,2025-11-22 04:16:00,도착,I
대한항공,PEK,KE864,P03,247,A,Master,KE864,2025-11-22 04:20:00,2025-11-22 04:18:00,도착,I
샤먼항공,PEK,MF9095,P03,247,A,Slave,KE864,2025-11-22 04:20:00,2025-11-22 04:18:00,도착,I
베트남항공,CXR,VN440,P02,112,B,Master,VN440,2025-11-22 04:25:00,2025-11-22 04:22:00,도착,I
대한항공,CXR,KE5680,P02,112,B,Slave,VN440,2025-11-22 04:25:00,2025-11-22 04:22:00,도착,I
진에어,TAG,LJ044,P03,241,A,Master,LJ044,2025-11-22 04:35:00,2025-11-22 04:23:00,도착,I
티웨이항공,HKG,TW644,P01,28,E,Master,TW644,2025-11-22 05:00:00,2025-11-22 04:26:00,도착,I
진에어,CNX,LJ010,P03,252,B,Master,LJ010,2025-11-22 04:45:00,2025-11-22 04:25:00,도착,I
대한항공,CNX,KE5090,P03,252,B,Slave,LJ010,2025-11-22 04:45:00,2025-11-22 04:25:00,도착,I
대한항공,MNL,KE624,P03,233,A,Master,KE624,2025-11-22 04:25:00,2025-11-22 04:27:00,도착,I
대한항공,BKK,KE658,P03,236,A,Master,KE658,2025-11-22 04:45:00,2025-11-22 04:30:00,도착,I
케냐항공,BKK,KQ5150,P03,236,A,Slave,KE658,2025-11-22 04:45:00,2025-11-22 04:30:00,도착,I
델타항공,BKK,DL7858,P03,236,A,Slave,KE658,2025-11-22 04:45:00,2025-11-22 04:30:00,도착,I
아시아나항공,MNL,OZ704,P01,40,E,Master,OZ704,2025-11-22 05:00:00,2025-11-22 04:28:00,도착,I
대한항공,GUM,KE418,P03,242,A,Master,KE418,2025-11-22 04:50:00,2025-11-22 04:29:00,도착,I
델타항공,GUM,DL7830,P03,242,A,Slave,KE418,2025-11-22 04:50:00,2025-11-22 04:29:00,도착,I
피치항공,HND,MM809,P02,109,B,Master,MM809,2025-11-22 04:40:00,2025-11-22 04:34:00,도착,I
대한항공,HND,KE752,P03,245,A,Master,KE752,2025-11-22 04:50:00,2025-11-22 04:37:00,도착,I
에어 프랑스,HND,AF5367,P03,245,A,Slave,KE752,2025-11-22 04:50:00,2025-11-22 04:37:00,도착,I
일본항공,HND,JL5257,P03,245,A,Slave,KE752,2025-11-22 04:50:00,2025-11-22 04:37:00,도착,I
버진 애트란틱항공,HND,VS5530,P03,245,A,Slave,KE752,2025-11-22 04:50:00,2025-11-22 04:37:00,도착,I
아시아나항공,CSX,OZ322,P01,9,B,Master,OZ322,2025-11-22 04:55:00,2025-11-22 04:41:00,도착,I
바틱 에어 말레이시아,BKI,OD822,P01,35,E,Master,OD822,2025-11-22 04:55:00,2025-11-22 04:46:00,도착,I
대한항공,HAN,KE448,P03,239,A,Master,KE448,2025-11-22 04:55:00,2025-11-22 04:58:00,도착,I
델타항공,HAN,DL7808,P03,239,A,Slave,KE448,2025-11-22 04:55:00,2025-11-22 04:58:00,도착,I
웨스트젯,HAN,WS6038,P03,239,A,Slave,KE448,2025-11-22 04:55:00,2025-11-22 04:58:00,도착,I
버진 애트란틱항공,HAN,VS5518,P03,239,A,Slave,KE448,2025-11-22 04:55:00,2025-11-22 04:58:00,도착,I
베트남항공,HAN,VN3410,P03,239,A,Slave,KE448,2025-11-22 04:55:00,2025-11-22 04:58:00,도착,I
이스타항공,CNX,ZE518,P02,110,B,Master,ZE518,2025-11-22 05:30:00,2025-11-22 04:54:00,도착,I
대한항공,KMG,KE162,P03,222,A,Master,KE162,2025-11-22 05:05:00,2025-11-22 04:59:00,도착,I
중국동방항공,KMG,MU8967,P03,222,A,Slave,KE162,2025-11-22 05:05:00,2025-11-22 04:59:00,도착,I
대한항공,HKG,KE2012,P03,232,A,Master,KE2012,2025-11-22 05:20:00,2025-11-22 05:02:00,도착,I
델타항공,HKG,DL7774,P03,232,A,Slave,KE2012,2025-11-22 05:20:00,2025-11-22 05:02:00,도착,I
웨스트젯,HKG,WS6036,P03,232,A,Slave,KE2012,2025-11-22 05:20:00,2025-11-22 05:02:00,도착,I
버진 애트란틱항공,HKG,VS5516,P03,232,A,Slave,KE2012,2025-11-22 05:20:00,2025-11-22 05:02:00,도착,I
아시아나항공,HKG,OZ746,P01,21,B,Master,OZ746,2025-11-22 05:00:00,2025-11-22 05:00:00,도착,I
홍콩항공,HKG,HX1566,P01,21,B,Slave,OZ746,2025-11-22 05:00:00,2025-11-22 05:00:00,도착,I
유나이티드항공,HKG,UA7307,P01,21,B,Slave,OZ746,2025-11-22 05:00:00,2025-11-22 05:00:00,도착,I
아시아나항공,SEA,OZ271,P01,12,B,Master,OZ271,2025-11-22 05:20:00,2025-11-22 05:07:00,도착,I
유나이티드항공,SEA,UA7292,P01,12,B,Slave,OZ271,2025-11-22 05:20:00,2025-11-22 05:07:00,도착,I
싱가포르항공,SEA,SQ5771,P01,12,B,Slave,OZ271,2025-11-22 05:20:00,2025-11-22 05:07:00,도착,I
타이항공,SEA,TG6752,P01,12,B,Slave,OZ271,2025-11-22 05:20:00,2025-11-22 05:07:00,도착,I
아시아나항공,DAD,OZ756,P01,27,B,Master,OZ756,2025-11-22 05:40:00,2025-11-22 05:07:00,도착,I
에어캐나다,DAD,AC6972,P01,27,B,Slave,OZ756,2025-11-22 05:40:00,2025-11-22 05:07:00,도착,I
대한항공,DAD,KE460,P03,235,A,Master,KE460,2025-11-22 05:35:00,2025-11-22 05:10:00,도착,I
델타항공,DAD,DL7812,P03,235,A,Slave,KE460,2025-11-22 05:35:00,2025-11-22 05:10:00,도착,I
웨스트젯,DAD,WS6072,P03,235,A,Slave,KE460,2025-11-22 05:35:00,2025-11-22 05:10:00,도착,I
버진 애트란틱항공,DAD,VS5522,P03,235,A,Slave,KE460,2025-11-22 05:35:00,2025-11-22 05:10:00,도착,I
베트남항공,DAD,VN3441,P03,235,A,Slave,KE460,2025-11-22 05:35:00,2025-11-22 05:10:00,도착,I
비엣젯항공,CXR,VJ834,P02,125,E,Master,VJ834,2025-11-22 05:35:00,2025-11-22 05:13:00,도착,I
에어프레미아,EWR,YP132,P01,43,E,Master,YP132,2025-11-22 05:40:00,2025-11-22 05:21:00,도착,I
아시아나항공,CAN,OZ358,P01,8,B,Master,OZ358,2025-11-22 05:40:00,2025-11-22 05:17:00,도착,I
심천항공,CAN,ZH3291,P01,8,B,Slave,OZ358,2025-11-22 05:40:00,2025-11-22 05:17:00,도착,I
델타항공,ATL,DL027,P03,254,B,Master,DL027,2025-11-22 05:45:00,2025-11-22 05:19:00,도착,I
대한항공,ATL,KE5036,P03,254,B,Slave,DL027,2025-11-22 05:45:00,2025-11-22 05:19:00,도착,I
대한항공,LAX,KE012,P03,225,A,Master,KE012,2025-11-22 05:10:00,2025-11-22 05:34:00,도착,I
아에로멕시코,LAX,AM6701,P03,225,A,Slave,KE012,2025-11-22 05:10:00,2025-11-22 05:34:00,도착,I
델타항공,LAX,DL7834,P03,225,A,Slave,KE012,2025-11-22 05:10:00,2025-11-22 05:34:00,도착,I
란항공,LAX,LA8425,P03,225,A,Slave,KE012,2025-11-22 05:10:00,2025-11-22 05:34:00,도착,I
대한항공,LAS,KE006,P03,248,A,Master,KE006,2025-11-22 05:20:00,2025-11-22 05:24:00,도착,I
델타항공,LAS,DL7832,P03,248,A,Slave,KE006,2025-11-22 05:20:00,2025-11-22 05:24:00,도착,I
진에어,PQC,LJ092,P03,266,B,Master,LJ092,2025-11-22 05:40:00,2025-11-22 05:22:00,도착,I
대한항공,CEB,KE602,P03,249,A,Master,KE602,2025-11-22 05:35:00,2025-11-22 05:29:00,도착,I
필리핀항공,CEB,PR486,P01,41,E,Master,PR486,2025-11-22 06:00:00,2025-11-22 05:28:00,도착,I
진에어,BKK,LJ002,P03,250,A,Master,LJ002,2025-11-22 06:05:00,2025-11-22 05:28:00,도착,I
대한항공,BKK,KE5066,P03,250,A,Slave,LJ002,2025-11-22 06:05:00,2025-11-22 05:28:00,도착,I
베트남항공,DAD,VN430,P02,106,C,Master,VN430,2025-11-22 05:45:00,2025-11-22 05:35:00,도착,I
이스타항공,BKK,ZE512,P02,127,D,Master,ZE512,2025-11-22 06:20:00,2025-11-22 05:35:00,도착,I
티웨이항공,DAD,TW012,P02,131,D,Master,TW012,2025-11-22 06:05:00,2025-11-22 05:42:00,도착,I
베트남항공,HAN,VN416,P02,104,C,Master,VN416,2025-11-22 05:30:00,2025-11-22 05:47:00,도착,I
대한항공,SIN,KE644,P03,255,B,Master,KE644,2025-11-22 05:45:00,2025-11-22 05:52:00,도착,I
델타항공,SIN,DL7820,P03,255,B,Slave,KE644,2025-11-22 05:45:00,2025-11-22 05:52:00,도착,I
스리랑카항공,SIN,UL3816,P03,255,B,Slave,KE644,2025-11-22 05:45:00,2025-11-22 05:52:00,도착,I
웨스트젯,SIN,WS6032,P03,255,B,Slave,KE644,2025-11-22 05:45:00,2025-11-22 05:52:00,도착,I
티웨이항공,BKI,TW154,P02,105,C,Master,TW154,2025-11-22 06:15:00,2025-11-22 05:49:00,도착,I
비엣젯항공,DAD,VJ878,P02,117,D,Master,VJ878,2025-11-22 06:00:00,2025-11-22 05:53:00,도착,I
아시아나항공,SFO,OZ211,P01,7,B,Master,OZ211,2025-11-22 05:55:00,2025-11-22 05:57:00,도착,I
타이항공,SFO,TG6744,P01,7,B,Slave,OZ211,2025-11-22 05:55:00,2025-11-22 05:57:00,도착,I
유나이티드항공,SFO,UA7290,P01,7,B,Slave,OZ211,2025-11-22 05:55:00,2025-11-22 05:57:00,도착,I
싱가포르항공,SFO,SQ5711,P01,7,B,Slave,OZ211,2025-11-22 05:55:00,2025-11-22 05:57:00,도착,I
세부퍼시픽항공,MNL,5J186,P02,107,B,Master,5J186,2025-11-22 05:30:00,2025-11-22 05:59:00,도착,I
이스타항공,PQC,ZE582,P02,115,C,Master,ZE582,2025-11-22 05:30:00,2025-11-22 06:01:00,도착,I
아시아나항공,HAN,OZ734,P01,6,B,Master,OZ734,2025-11-22 05:45:00,2025-11-22 06:01:00,도착,I
에어캐나다,HAN,AC6985,P01,6,B,Slave,OZ734,2025-11-22 05:45:00,2025-11-22 06:01:00,도착,I
유나이티드항공,HAN,UA7313,P01,6,B,Slave,OZ734,2025-11-22 05:45:00,2025-11-22 06:01:00,도착,I
대한항공,MNL,KE626,P03,246,A,Master,KE626,2025-11-22 06:00:00,2025-11-22 06:00:00,도착,I
라오항공,VTE,QV923,P01,42,D,Master,QV923,2025-11-22 07:05:00,2025-11-22 06:03:00,도착,I
대한항공,JFK,KE086,P03,247,A,Master,KE086,2025-11-22 06:30:00,2025-11-22 06:05:00,도착,I
델타항공,JFK,DL7844,P03,247,A,Slave,KE086,2025-11-22 06:30:00,2025-11-22 06:05:00,도착,I
에어아시아엑스,KUL,D7504,P02,124,D,Master,D7504,2025-11-22 06:20:00,2025-11-22 06:03:00,도착,I
에어부산,BKK,BX728,P03,280,B,Master,BX728,2025-11-22 06:05:00,2025-11-22 06:12:00,도착,I
이스타항공,PVG,ZE872,P02,126,E,Master,ZE872,2025-11-22 05:25:00,2025-11-22 06:05:00,도착,I
에어아시아 버하드,BKI,AK1623,P02,123,D,Master,AK1623,2025-11-22 05:55:00,2025-11-22 06:07:00,도착,I
대한항공,CXR,KE468,P03,268,B,Master,KE468,2025-11-22 06:05:00,2025-11-22 06:07:00,도착,I
델타항공,CXR,DL7814,P03,268,B,Slave,KE468,2025-11-22 06:05:00,2025-11-22 06:07:00,도착,I
베트남항공,CXR,VN3408,P03,268,B,Slave,KE468,2025-11-22 06:05:00,2025-11-22 06:07:00,도착,I
대한항공,GUM,KE8426,P03,224,A,Master,KE8426,2025-11-22 06:25:00,2025-11-22 06:18:00,도착,I
대한항공,DEL,KE498,P03,264,B,Master,KE498,2025-11-22 06:05:00,2025-11-22 06:09:00,도착,I
델타항공,DEL,DL7818,P03,264,B,Slave,KE498,2025-11-22 06:05:00,2025-11-22 06:09:00,도착,I
아시아나항공,HKT,OZ726,P01,24,B,Master,OZ726,2025-11-22 06:35:00,2025-11-22 06:11:00,도착,I
아에로멕시코,MEX,AM090,P03,256,B,Master,AM090,2025-11-22 06:00:00,2025-11-22 06:13:00,도착,I
란항공,MEX,LA5114,P03,256,B,Slave,AM090,2025-11-22 06:00:00,2025-11-22 06:13:00,도착,I
제주항공,CRK,7C2108,P02,128,D,Master,7C2108,2025-11-22 06:20:00,2025-11-22 06:13:00,도착,I
에어서울,GUM,RS102,P03,276,B,Master,RS102,2025-11-22 05:50:00,2025-11-22 06:16:00,도착,I
진에어,GUM,LJ918,P03,260,B,Master,LJ918,2025-11-22 06:45:00,2025-11-22 06:11:00,도착,I
필리핀항공,MNL,PR400,P01,47,E,Master,PR400,2025-11-22 06:10:00,2025-11-22 06:19:00,도착,I
대한항공,BKK,KE652,P03,222,A,Master,KE652,2025-11-22 06:35:00,2025-11-22 06:24:00,도착,I
델타항공,BKK,DL7854,P03,222,A,Slave,KE652,2025-11-22 06:35:00,2025-11-22 06:24:00,도착,I
하와이안 항공,BKK,HA6010,P03,222,A,Slave,KE652,2025-11-22 06:35:00,2025-11-22 06:24:00,도착,I
웨스트젯,BKK,WS6042,P03,222,A,Slave,KE652,2025-11-22 06:35:00,2025-11-22 06:24:00,도착,I
비엣젯항공,HPH,VJ926,P02,132,E,Master,VJ926,2025-11-22 06:00:00,2025-11-22 06:20:00,도착,I
유나이티드항공,SFO,UA805,P01,39,E,Master,UA805,2025-11-22 05:40:00,2025-11-22 06:21:00,도착,I
아시아나항공,SFO,OZ6621,P01,39,E,Slave,UA805,2025-11-22 05:40:00,2025-11-22 06:21:00,도착,I
말레이시아 항공,KUL,MH066,P01,49,E,Master,MH066,2025-11-22 06:30:00,2025-11-22 06:25:00,도착,I
대한항공,KUL,KE5672,P01,49,E,Slave,MH066,2025-11-22 06:30:00,2025-11-22 06:25:00,도착,I
카타르항공,KUL,QR5397,P01,49,E,Slave,MH066,2025-11-22 06:30:00,2025-11-22 06:25:00,도착,I
스리랑카항공,KUL,UL2766,P01,49,E,Slave,MH066,2025-11-22 06:30:00,2025-11-22 06:25:00,도착,I
아시아나항공,LAX,OZ203,P01,10,B,Master,OZ203,2025-11-22 05:55:00,2025-11-22 06:27:00,도착,I
코파항공,LAX,CM8003,P01,10,B,Slave,OZ203,2025-11-22 05:55:00,2025-11-22 06:27:00,도착,I
싱가포르항공,LAX,SQ5703,P01,10,B,Slave,OZ203,2025-11-22 05:55:00,2025-11-22 06:27:00,도착,I
타이항공,LAX,TG6742,P01,10,B,Slave,OZ203,2025-11-22 05:55:00,2025-11-22 06:27:00,도착,I
유나이티드항공,LAX,UA7288,P01,10,B,Slave,OZ203,2025-11-22 05:55:00,2025-11-22 06:27:00,도착,I
진에어,CRK,LJ038,P03,263,B,Master,LJ038,2025-11-22 06:55:00,2025-11-22 06:26:00,도착,I
대한항공,CRK,KE5764,P03,263,B,Slave,LJ038,2025-11-22 06:55:00,2025-11-22 06:26:00,도착,I
아시아나항공,SIN,OZ752,P01,46,E,Master,OZ752,2025-11-22 06:50:00,2025-11-22 06:31:00,도착,I
에어캐나다,SIN,AC6995,P01,46,E,Slave,OZ752,2025-11-22 06:50:00,2025-11-22 06:31:00,도착,I
싱가포르항공,SIN,SQ5752,P01,46,E,Slave,OZ752,2025-11-22 06:50:00,2025-11-22 06:31:00,도착,I
바틱 에어 말레이시아,KUL,OD820,P01,50,E,Master,OD820,2025-11-22 05:50:00,2025-11-22 06:34:00,도착,I
대한항공,CGK,KE438,P03,261,B,Master,KE438,2025-11-22 06:50:00,2025-11-22 06:41:00,도착,I
델타항공,CGK,DL7932,P03,261,B,Slave,KE438,2025-11-22 06:50:00,2025-11-22 06:41:00,도착,I
가루다인도네시아,CGK,GA9726,P03,261,B,Slave,KE438,2025-11-22 06:50:00,2025-11-22 06:41:00,도착,I
티웨이항공,SIN,TW162,P01,48,E,Master,TW162,2025-11-22 06:35:00,2025-11-22 06:39:00,도착,I
타이항공,BKK,TG658,P01,31,E,Master,TG658,2025-11-22 06:35:00,2025-11-22 06:39:00,도착,I
제주항공,CEB,7C2114,P01,45,E,Master,7C2114,2025-11-22 07:05:00,2025-11-22 06:42:00,도착,I
아시아나항공,CRK,OZ708,P01,16,B,Master,OZ708,2025-11-22 06:40:00,2025-11-22 06:45:00,도착,I
아시아나항공,HKT,OZ748,P01,8,B,Master,OZ748,2025-11-22 07:15:00,2025-11-22 06:53:00,도착,I
베트남항공,HAN,VN5416,P02,102,C,Master,VN5416,2025-11-22 06:30:00,2025-11-22 06:54:00,도착,I
제주항공,PQC,7C2316,P01,28,E,Master,7C2316,2025-11-22 06:25:00,2025-11-22 06:58:00,도착,I
타이항공,BKK,TG656,P01,32,E,Master,TG656,2025-11-22 06:55:00,2025-11-22 07:02:00,도착,I
대한항공,KUL,KE428,P03,265,B,Master,KE428,2025-11-22 07:15:00,2025-11-22 07:09:00,도착,I
델타항공,KUL,DL7912,P03,265,B,Slave,KE428,2025-11-22 07:15:00,2025-11-22 07:09:00,도착,I
말레이시아 항공,KUL,MH5620,P03,265,B,Slave,KE428,2025-11-22 07:15:00,2025-11-22 07:09:00,도착,I
아시아나항공,CEB,OZ710,P01,11,B,Master,OZ710,2025-11-22 07:10:00,2025-11-22 07:06:00,도착,I
제주항공,DPS,7C2712,P02,103,C,Master,7C2712,2025-11-22 07:10:00,2025-11-22 07:16:00,도착,I
대한항공,SGN,KE476,P03,255,B,Master,KE476,2025-11-22 06:45:00,2025-11-22 07:18:00,도착,I
델타항공,SGN,DL7926,P03,255,B,Slave,KE476,2025-11-22 06:45:00,2025-11-22 07:18:00,도착,I
베트남항공,SGN,VN3400,P03,255,B,Slave,KE476,2025-11-22 06:45:00,2025-11-22 07:18:00,도착,I
버진 애트란틱항공,SGN,VS5520,P03,255,B,Slave,KE476,2025-11-22 06:45:00,2025-11-22 07:18:00,도착,I
웨스트젯,SGN,WS6040,P03,255,B,Slave,KE476,2025-11-22 06:45:00,2025-11-22 07:18:00,도착,I
대한항공,CNX,KE684,P03,249,A,Master,KE684,2025-11-22 07:05:00,2025-11-22 07:21:00,도착,I
델타항공,CNX,DL7927,P03,249,A,Slave,KE684,2025-11-22 07:05:00,2025-11-22 07:21:00,도착,I
대한항공,HKT,KE678,P03,256,B,Master,KE678,2025-11-22 07:35:00,2025-11-22 07:23:00,도착,I
델타항공,HKT,DL7937,P03,256,B,Slave,KE678,2025-11-22 07:35:00,2025-11-22 07:23:00,도착,I
대한항공,KTI,KE690,P03,246,A,Master,KE690,2025-11-22 07:20:00,2025-11-22 07:27:00,도착,I
델타항공,KTI,DL7880,P03,246,A,Slave,KE690,2025-11-22 07:20:00,2025-11-22 07:27:00,도착,I
싱가포르항공,SIN,SQ608,P01,43,E,Master,SQ608,2025-11-22 07:25:00,2025-11-22 07:30:00,도착,I
에어인디아 리미티드,SIN,AI8172,P01,43,E,Slave,SQ608,2025-11-22 07:25:00,2025-11-22 07:30:00,도착,I
아시아나항공,SIN,OZ6782,P01,43,E,Slave,SQ608,2025-11-22 07:25:00,2025-11-22 07:30:00,도착,I
버진 오스트레일리아,SIN,VA5678,P01,43,E,Slave,SQ608,2025-11-22 07:25:00,2025-11-22 07:30:00,도착,I
아시아나항공,MEL,OZ6043,P01,14,B,Master,OZ6043,2025-11-22 07:35:00,2025-11-22 07:40:00,도착,I
대한항공,DPS,KE432,P03,224,A,Master,KE432,2025-11-22 07:45:00,2025-11-22 07:48:00,도착,I
델타항공,DPS,DL7804,P03,224,A,Slave,KE432,2025-11-22 07:45:00,2025-11-22 07:48:00,도착,I
에어 프랑스,DPS,AF5371,P03,224,A,Slave,KE432,2025-11-22 07:45:00,2025-11-22 07:48:00,도착,I
가루다인도네시아,DPS,GA9960,P03,224,A,Slave,KE432,2025-11-22 07:45:00,2025-11-22 07:48:00,도착,I
진에어,CXR,LJ088,P03,264,B,Master,LJ088,2025-11-22 07:35:00,2025-11-22 07:38:00,도착,I
에어서울,DAD,RS512,P03,277,B,Master,RS512,2025-11-22 07:15:00,2025-11-22 07:50:00,도착,I
아시아나항공,BKK,OZ742,P01,33,E,Master,OZ742,2025-11-22 06:55:00,2025-11-22 07:41:00,도착,I
에어캐나다,BKK,AC6997,P01,33,E,Slave,OZ742,2025-11-22 06:55:00,2025-11-22 07:41:00,도착,I
에티오피아항공,BKK,ET1299,P01,33,E,Slave,OZ742,2025-11-22 06:55:00,2025-11-22 07:41:00,도착,I
오스트리아 항공,BKK,OS8051,P01,33,E,Slave,OZ742,2025-11-22 06:55:00,2025-11-22 07:41:00,도착,I
타이항공,BKK,TG6726,P01,33,E,Slave,OZ742,2025-11-22 06:55:00,2025-11-22 07:41:00,도착,I
제주항공,VTE,7C2402,P02,119,D,Master,7C2402,2025-11-22 08:05:00,2025-11-22 07:44:00,도착,I
대한항공,PQC,KE486,P03,241,A,Master,KE486,2025-11-22 06:45:00,2025-11-22 07:47:00,도착,I
델타항공,PQC,DL7866,P03,241,A,Slave,KE486,2025-11-22 06:45:00,2025-11-22 07:47:00,도착,I
베트남항공,PQC,VN3414,P03,241,A,Slave,KE486,2025-11-22 06:45:00,2025-11-22 07:47:00,도착,I
대한항공,PUS,KE1402,P03,263,국내선,Master,KE1402,2025-11-22 08:10:00,2025-11-22 07:51:00,도착,D
델타항공,PUS,DL7829,P03,263,국내선,Slave,KE1402,2025-11-22 08:10:00,2025-11-22 07:51:00,도착,D
에어 프랑스,PUS,AF7900,P03,263,국내선,Slave,KE1402,2025-11-22 08:10:00,2025-11-22 07:51:00,도착,D
가루다인도네시아,PUS,GA9988,P03,263,국내선,Slave,KE1402,2025-11-22 08:10:00,2025-11-22 07:51:00,도착,D
에어부산,TAG,BX7145,P03,279,B,Master,BX7145,2025-11-22 08:20:00,2025-11-22 07:59:00,도착,I
에어서울,CXR,RS528,P03,278,B,Master,RS528,2025-11-22 07:25:00,2025-11-22 07:55:00,도착,I
비엣젯항공,HAN,VJ960,P02,132,D,Master,VJ960,2025-11-22 07:55:00,2025-11-22 07:52:00,도착,I
이스타항공,DAD,ZE594,P02,108,C,Master,ZE594,2025-11-22 08:05:00,2025-11-22 08:00:00,도착,I
아시아나항공,KTI,OZ740,P01,20,B,Master,OZ740,2025-11-22 07:30:00,2025-11-22 08:03:00,도착,I
유나이티드항공,KTI,UA7296,P01,20,B,Slave,OZ740,2025-11-22 07:30:00,2025-11-22 08:03:00,도착,I
베트남항공,SGN,VN408,P02,111,C,Master,VN408,2025-11-22 06:30:00,2025-11-22 08:07:00,도착,I
티웨이항공,DAD,TW014,P02,114,C,Master,TW014,2025-11-22 08:15:00,2025-11-22 08:14:00,도착,I
아시아나항공,CGK,OZ762,P01,21,B,Master,OZ762,2025-11-22 07:40:00,2025-11-22 08:13:00,도착,I
티웨이항공,CXR,TW034,P02,125,D,Master,TW034,2025-11-22 07:55:00,2025-11-22 08:13:00,도착,I
대한항공,DPS,KE434,P03,242,A,Master,KE434,2025-11-22 08:40:00,2025-11-22 08:21:00,도착,I
아시아나항공,SGN,OZ736,P01,18,B,Master,OZ736,2025-11-22 06:55:00,2025-11-22 08:20:00,도착,I
에어캐나다,SGN,AC6983,P01,18,B,Slave,OZ736,2025-11-22 06:55:00,2025-11-22 08:20:00,도착,I
에티하드 항공,SGN,EY8446,P01,18,B,Slave,OZ736,2025-11-22 06:55:00,2025-11-22 08:20:00,도착,I
대한항공,TAE,KE1432,P03,238,국내선,Master,KE1432,2025-11-22 08:45:00,2025-11-22 08:28:00,도착,D
ITA항공,TAE,AZ2781,P03,238,국내선,Slave,KE1432,2025-11-22 08:45:00,2025-11-22 08:28:00,도착,D
에어 프랑스,TAE,AF7897,P03,238,국내선,Slave,KE1432,2025-11-22 08:45:00,2025-11-22 08:28:00,도착,D
델타항공,TAE,DL7846,P03,238,국내선,Slave,KE1432,2025-11-22 08:45:00,2025-11-22 08:28:00,도착,D
가루다인도네시아,TAE,GA9998,P03,238,국내선,Slave,KE1432,2025-11-22 08:45:00,2025-11-22 08:28:00,도착,D
가루다인도네시아,CGK,GA878,P03,252,B,Master,GA878,2025-11-22 08:30:00,2025-11-22 08:35:00,도착,I
대한항공,CGK,KE5644,P03,252,B,Slave,GA878,2025-11-22 08:30:00,2025-11-22 08:35:00,도착,I
사우디아항공,CGK,SV6752,P03,252,B,Slave,GA878,2025-11-22 08:30:00,2025-11-22 08:35:00,도착,I
우즈베키스탄항공,TAS,HY513,P01,39,E,Master,HY513,2025-11-22 08:40:00,2025-11-22 08:36:00,도착,I
대한항공,TAS,KE5944,P01,39,E,Slave,HY513,2025-11-22 08:40:00,2025-11-22 08:36:00,도착,I
아시아나항공,TAS,OZ9244,P01,39,E,Slave,HY513,2025-11-22 08:40:00,2025-11-22 08:36:00,도착,I
이스타항공,CXR,ZE562,P02,102,C,Master,ZE562,2025-11-22 08:50:00,2025-11-22 08:37:00,도착,I
제주항공,BKK,7C2504,P02,105,C,Master,7C2504,2025-11-22 08:25:00,2025-11-22 08:49:00,도착,I
가루다인도네시아,DPS,GA870,P03,253,B,Master,GA870,2025-11-22 08:50:00,2025-11-22 08:52:00,도착,I
대한항공,DPS,KE5630,P03,253,B,Slave,GA870,2025-11-22 08:50:00,2025-11-22 08:52:00,도착,I
에티하드 항공,DPS,EY8155,P03,253,B,Slave,GA870,2025-11-22 08:50:00,2025-11-22 08:52:00,도착,I
제주항공,CXR,7C2304,P01,45,E,Master,7C2304,2025-11-22 09:05:00,2025-11-22 08:59:00,도착,I
대한항공,PUS,KE1404,P03,234,국내선,Master,KE1404,2025-11-22 09:05:00,2025-11-22 09:03:00,도착,D
델타항공,PUS,DL7928,P03,234,국내선,Slave,KE1404,2025-11-22 09:05:00,2025-11-22 09:03:00,도착,D
에어 프랑스,PUS,AF5372,P03,234,국내선,Slave,KE1404,2025-11-22 09:05:00,2025-11-22 09:03:00,도착,D
KLM네덜란드항공,PUS,KL9847,P03,234,국내선,Slave,KE1404,2025-11-22 09:05:00,2025-11-22 09:03:00,도착,D
가루다인도네시아,PUS,GA9990,P03,234,국내선,Slave,KE1404,2025-11-22 09:05:00,2025-11-22 09:03:00,도착,D
스카이 앙코르 항공,KTI,ZA215,P02,113,B,Master,ZA215,2025-11-22 07:40:00,2025-11-22 09:10:00,도착,I
티웨이항공,BKK,TW102,P02,109,C,Master,TW102,2025-11-22 09:00:00,2025-11-22 09:18:00,도착,I
피치항공,KIX,MM701,P02,117,D,Master,MM701,2025-11-22 09:45:00,2025-11-22 09:25:00,도착,I
대한항공,BKK,KE654,P03,241,A,Master,KE654,2025-11-22 08:15:00,2025-11-22 09:29:00,도착,I
델타항공,BKK,DL7826,P03,241,A,Slave,KE654,2025-11-22 08:15:00,2025-11-22 09:29:00,도착,I
터키항공,IST,TK020,P01,40,E,Master,TK020,2025-11-22 09:05:00,2025-11-22 09:42:00,도착,I
아시아나항공,IST,OZ6934,P01,40,E,Slave,TK020,2025-11-22 09:05:00,2025-11-22 09:42:00,도착,I
제주항공,SIN,7C2624,P02,124,D,Master,7C2624,2025-11-22 08:40:00,2025-11-22 09:42:00,도착,I
대한항공,BKK,KE656,P03,245,A,Master,KE656,2025-11-22 09:40:00,2025-11-22 09:45:00,도착,I
델타항공,BKK,DL7826,P03,245,A,Slave,KE656,2025-11-22 09:40:00,2025-11-22 09:45:00,도착,I
대한항공,SIN,KE646,P03,268,B,Master,KE646,2025-11-22 08:50:00,2025-11-22 09:50:00,도착,I
몽골항공,SIN,OM6232,P03,268,B,Slave,KE646,2025-11-22 08:50:00,2025-11-22 09:50:00,도착,I
웨스트젯,SIN,WS6030,P03,268,B,Slave,KE646,2025-11-22 08:50:00,2025-11-22 09:50:00,도착,I
델타항공,SIN,DL7822,P03,268,B,Slave,KE646,2025-11-22 08:50:00,2025-11-22 09:50:00,도착,I
타이에어아시아엑스,DMK,XJ700,P02,110,C,Master,XJ700,2025-11-22 10:05:00,2025-11-22 09:51:00,도착,I
티웨이항공,TAS,TW432,P01,15,B,Master,TW432,2025-11-22 09:25:00,2025-11-22 09:55:00,도착,I
아시아나항공,IST,OZ552,P01,12,B,Master,OZ552,2025-11-22 09:35:00,2025-11-22 09:56:00,도착,I
터키항공,IST,TK8090,P01,12,B,Slave,OZ552,2025-11-22 09:35:00,2025-11-22 09:56:00,도착,I
타이비엣젯항공,BKK,VZ850,P02,122,D,Master,VZ850,2025-11-22 09:55:00,2025-11-22 10:03:00,도착,I
에어 아스타나,ALA,KC909,P01,47,E,Master,KC909,2025-11-22 09:55:00,2025-11-22 10:05:00,도착,I
아시아나항공,ALA,OZ6962,P01,47,E,Slave,KC909,2025-11-22 09:55:00,2025-11-22 10:05:00,도착,I
캐세이퍼시픽항공,ALA,CX6226,P01,47,E,Slave,KC909,2025-11-22 09:55:00,2025-11-22 10:05:00,도착,I
중국남방항공,DLC,CZ685,P02,126,D,Master,CZ685,2025-11-22 10:20:00,2025-11-22 10:05:00,도착,I
비엣젯항공,SGN,VJ862,P02,101,C,Master,VJ862,2025-11-22 09:50:00,2025-11-22 10:12:00,도착,I
제주항공,FUK,7C1402,P02,108,C,Master,7C1402,2025-11-22 10:30:00,2025-11-22 10:17:00,도착,I
중국동방항공,WUX,MU2989,P02,131,D,Master,MU2989,2025-11-22 10:45:00,2025-11-22 10:21:00,도착,I
에바항공,KHH,BR140,P01,37,E,Master,BR140,2025-11-22 10:45:00,2025-11-22 10:22:00,도착,I
에어캐나다,KHH,AC6541,P01,37,E,Slave,BR140,2025-11-22 10:45:00,2025-11-22 10:22:00,도착,I
아시아나항공,KHH,OZ6878,P01,37,E,Slave,BR140,2025-11-22 10:45:00,2025-11-22 10:22:00,도착,I
산동항공,TNA,SC8001,P01,36,E,Master,SC8001,2025-11-22 10:45:00,2025-11-22 10:26:00,도착,I
중국국제항공,TNA,CA8873,P01,36,E,Slave,SC8001,2025-11-22 10:45:00,2025-11-22 10:26:00,도착,I
아시아나항공,TNA,OZ6702,P01,36,E,Slave,SC8001,2025-11-22 10:45:00,2025-11-22 10:26:00,도착,I
중국동방항공,TAO,MU2039,P02,118,E,Master,MU2039,2025-11-22 11:00:00,2025-11-22 10:33:00,도착,I
대한항공,TAO,KE5854,P02,118,E,Slave,MU2039,2025-11-22 11:00:00,2025-11-22 10:33:00,도착,I
상하이항공,TAO,FM3077,P02,118,E,Slave,MU2039,2025-11-22 11:00:00,2025-11-22 10:33:00,도착,I
에어인디아 리미티드,DEL,AI312,P01,33,E,Master,AI312,2025-11-22 10:30:00,2025-11-22 10:33:00,도착,I
아시아나항공,DEL,OZ6378,P01,33,E,Slave,AI312,2025-11-22 10:30:00,2025-11-22 10:33:00,도착,I
중국동방항공,YNT,MU549,P02,123,D,Master,MU549,2025-11-22 10:55:00,2025-11-22 10:35:00,도착,I
대한항공,YNT,KE5848,P02,123,D,Slave,MU549,2025-11-22 10:55:00,2025-11-22 10:35:00,도착,I
제주항공,KIX,7C1396,P02,105,C,Master,7C1396,2025-11-22 11:00:00,2025-11-22 10:40:00,도착,I
에바항공,TPE,BR170,P01,31,E,Master,BR170,2025-11-22 10:30:00,2025-11-22 10:44:00,도착,I
에어캐나다,TPE,AC6535,P01,31,E,Slave,BR170,2025-11-22 10:30:00,2025-11-22 10:44:00,도착,I
에어 뉴질랜드,TPE,NZ4926,P01,31,E,Slave,BR170,2025-11-22 10:30:00,2025-11-22 10:44:00,도착,I
타이항공,TPE,TG6396,P01,31,E,Slave,BR170,2025-11-22 10:30:00,2025-11-22 10:44:00,도착,I
유니항공,TPE,B77028,P01,31,E,Slave,BR170,2025-11-22 10:30:00,2025-11-22 10:44:00,도착,I
아시아나항공,TPE,OZ6874,P01,31,E,Slave,BR170,2025-11-22 10:30:00,2025-11-22 10:44:00,도착,I
에어로케이항공,KIX,RF315,P02,106,B,Master,RF315,2025-11-22 10:55:00,2025-11-22 10:44:00,도착,I
대한항공,NGO,KE744,P03,221,A,Master,KE744,2025-11-22 11:05:00,2025-11-22 10:58:00,도착,I
에어 프랑스,NGO,AF5382,P03,221,A,Slave,KE744,2025-11-22 11:05:00,2025-11-22 10:58:00,도착,I
델타항공,NGO,DL7794,P03,221,A,Slave,KE744,2025-11-22 11:05:00,2025-11-22 10:58:00,도착,I
일본항공,NGO,JL5217,P03,221,A,Slave,KE744,2025-11-22 11:05:00,2025-11-22 10:58:00,도착,I
KLM네덜란드항공,NGO,KL9849,P03,221,A,Slave,KE744,2025-11-22 11:05:00,2025-11-22 10:58:00,도착,I
몽골항공,NGO,OM6718,P03,221,A,Slave,KE744,2025-11-22 11:05:00,2025-11-22 10:58:00,도착,I
싱가포르항공,SIN,SQ612,P01,43,E,Master,SQ612,2025-11-22 09:50:00,2025-11-22 10:48:00,도착,I
에어인디아 리미티드,SIN,AI8174,P01,43,E,Slave,SQ612,2025-11-22 09:50:00,2025-11-22 10:48:00,도착,I
아시아나항공,SIN,OZ6726,P01,43,E,Slave,SQ612,2025-11-22 09:50:00,2025-11-22 10:48:00,도착,I
버진 오스트레일리아,SIN,VA5682,P01,43,E,Slave,SQ612,2025-11-22 09:50:00,2025-11-22 10:48:00,도착,I
이스타항공,YNT,ZE818,P02,130,D,Master,ZE818,2025-11-22 10:55:00,2025-11-22 10:48:00,도착,I
아시아나항공,KIX,OZ115,P01,9,B,Master,OZ115,2025-11-22 10:50:00,2025-11-22 10:55:00,도착,I
에티하드 항공,KIX,EY8468,P01,9,B,Slave,OZ115,2025-11-22 10:50:00,2025-11-22 10:55:00,도착,I
전일본공수,KIX,NH6955,P01,9,B,Slave,OZ115,2025-11-22 10:50:00,2025-11-22 10:55:00,도착,I
중화항공,KHH,CI164,P03,254,B,Master,CI164,2025-11-22 10:55:00,2025-11-22 10:54:00,도착,I
대한항공,KHH,KE5700,P03,254,B,Slave,CI164,2025-11-22 10:55:00,2025-11-22 10:54:00,도착,I
스쿠트 항공,SIN,TR842,P02,112,C,Master,TR842,2025-11-22 10:15:00,2025-11-22 10:59:00,도착,I
중국남방항공,PVG,CZ313,P02,127,D,Master,CZ313,2025-11-22 11:00:00,2025-11-22 10:59:00,도착,I
대한항공,KIX,KE722,P03,235,A,Master,KE722,2025-11-22 11:05:00,2025-11-22 10:58:00,도착,I
에어 프랑스,KIX,AF5381,P03,235,A,Slave,KE722,2025-11-22 11:05:00,2025-11-22 10:58:00,도착,I
버진 애트란틱항공,KIX,VS5506,P03,235,A,Slave,KE722,2025-11-22 11:05:00,2025-11-22 10:58:00,도착,I
델타항공,KIX,DL7784,P03,235,A,Slave,KE722,2025-11-22 11:05:00,2025-11-22 10:58:00,도착,I
일본항공,KIX,JL5211,P03,235,A,Slave,KE722,2025-11-22 11:05:00,2025-11-22 10:58:00,도착,I
대한항공,DXB,KE952,P03,222,A,Master,KE952,2025-11-22 10:30:00,2025-11-22 11:11:00,도착,I
에미레이트항공,DXB,EK3482,P03,222,A,Slave,KE952,2025-11-22 10:30:00,2025-11-22 11:11:00,도착,I
사우디아항공,DXB,SV6613,P03,222,A,Slave,KE952,2025-11-22 10:30:00,2025-11-22 11:11:00,도착,I
진에어,FUK,LJ262,P03,267,B,Master,LJ262,2025-11-22 11:00:00,2025-11-22 11:06:00,도착,I
루프트한자 독일항공,FRA,LH712,P01,46,E,Master,LH712,2025-11-22 10:50:00,2025-11-22 11:09:00,도착,I
중국동방항공,NKG,MU579,P02,125,D,Master,MU579,2025-11-22 11:15:00,2025-11-22 11:12:00,도착,I
대한항공,NKG,KE5860,P02,125,D,Slave,MU579,2025-11-22 11:15:00,2025-11-22 11:12:00,도착,I
제주항공,MYJ,7C1722,P01,35,E,Master,7C1722,2025-11-22 11:15:00,2025-11-22 11:15:00,도착,I
중국국제항공,TSN,CA171,P01,28,E,Master,CA171,2025-11-22 11:45:00,2025-11-22 11:18:00,도착,I
아시아나항공,TSN,OZ6812,P01,28,E,Slave,CA171,2025-11-22 11:45:00,2025-11-22 11:18:00,도착,I
에어서울,FUK,RS724,P03,281,B,Master,RS724,2025-11-22 11:30:00,2025-11-22 11:19:00,도착,I
에티하드 항공,AUH,EY822,P01,39,E,Master,EY822,2025-11-22 10:45:00,2025-11-22 11:18:00,도착,I
플라이나스,AUH,XY3876,P01,39,E,Slave,EY822,2025-11-22 10:45:00,2025-11-22 11:18:00,도착,I
TAP포르투갈 항공,AUH,TP6930,P01,39,E,Slave,EY822,2025-11-22 10:45:00,2025-11-22 11:18:00,도착,I
아시아나항공,AUH,OZ6973,P01,39,E,Slave,EY822,2025-11-22 10:45:00,2025-11-22 11:18:00,도착,I
이집트항공,AUH,MS8088,P01,39,E,Slave,EY822,2025-11-22 10:45:00,2025-11-22 11:18:00,도착,I
이스라엘항공,AUH,LY9624,P01,39,E,Slave,EY822,2025-11-22 10:45:00,2025-11-22 11:18:00,도착,I
오만항공,AUH,WY5102,P01,39,E,Slave,EY822,2025-11-22 10:45:00,2025-11-22 11:18:00,도착,I
중국동방항공,HGH,MU5071,P02,128,E,Master,MU5071,2025-11-22 11:15:00,2025-11-22 11:21:00,도착,I
대한항공,HGH,KE5878,P02,128,E,Slave,MU5071,2025-11-22 11:15:00,2025-11-22 11:21:00,도착,I
대한항공,PUS,KE1406,P03,246,국내선,Master,KE1406,2025-11-22 11:35:00,2025-11-22 11:22:00,도착,D
에어 프랑스,PUS,AF7900,P03,246,국내선,Slave,KE1406,2025-11-22 11:35:00,2025-11-22 11:22:00,도착,D
KLM네덜란드항공,PUS,KL9847,P03,246,국내선,Slave,KE1406,2025-11-22 11:35:00,2025-11-22 11:22:00,도착,D
델타항공,PUS,DL7876,P03,246,국내선,Slave,KE1406,2025-11-22 11:35:00,2025-11-22 11:22:00,도착,D
제주항공,KIX,7C1302,P02,119,D,Master,7C1302,2025-11-22 11:50:00,2025-11-22 11:26:00,도착,I
중국국제항공,PEK,CA123,P01,27,B,Master,CA123,2025-11-22 11:40:00,2025-11-22 11:27:00,도착,I
아시아나항공,PEK,OZ6808,P01,27,B,Slave,CA123,2025-11-22 11:40:00,2025-11-22 11:27:00,도착,I
산동항공,PEK,SC123,P01,27,B,Slave,CA123,2025-11-22 11:40:00,2025-11-22 11:27:00,도착,I
산동항공,TAO,SC4609,P01,38,E,Master,SC4609,2025-11-22 11:20:00,2025-11-22 11:27:00,도착,I
중국국제항공,TAO,CA8887,P01,38,E,Slave,SC4609,2025-11-22 11:20:00,2025-11-22 11:27:00,도착,I
아시아나항공,TAO,OZ6710,P01,38,E,Slave,SC4609,2025-11-22 11:20:00,2025-11-22 11:27:00,도착,I
에어부산,FUK,BX155,P03,277,B,Master,BX155,2025-11-22 11:45:00,2025-11-22 11:33:00,도착,I
아시아나항공,FUK,OZ9575,P03,277,B,Slave,BX155,2025-11-22 11:45:00,2025-11-22 11:33:00,도착,I
아시아나항공,NRT,OZ107,P01,8,B,Master,OZ107,2025-11-22 11:35:00,2025-11-22 11:28:00,도착,I
에티하드 항공,NRT,EY8473,P01,8,B,Slave,OZ107,2025-11-22 11:35:00,2025-11-22 11:28:00,도착,I
전일본공수,NRT,NH6977,P01,8,B,Slave,OZ107,2025-11-22 11:35:00,2025-11-22 11:28:00,도착,I
유나이티드항공,NRT,UA7321,P01,8,B,Slave,OZ107,2025-11-22 11:35:00,2025-11-22 11:28:00,도착,I
중국남방항공,SHE,CZ681,P02,124,D,Master,CZ681,2025-11-22 11:45:00,2025-11-22 11:33:00,도착,I
집에어,NRT,ZG045,P02,111,C,Master,ZG045,2025-11-22 11:35:00,2025-11-22 11:35:00,도착,I
루프트한자 독일항공,MUC,LH718,P01,41,E,Master,LH718,2025-11-22 11:15:00,2025-11-22 11:36:00,도착,I
중화항공,TPE,CI160,P03,255,B,Master,CI160,2025-11-22 11:20:00,2025-11-22 11:39:00,도착,I
델타항공,TPE,DL7717,P03,255,B,Slave,CI160,2025-11-22 11:20:00,2025-11-22 11:39:00,도착,I
하와이안 항공,TPE,HA2570,P03,255,B,Slave,CI160,2025-11-22 11:20:00,2025-11-22 11:39:00,도착,I
대한항공,TPE,KE5692,P03,255,B,Slave,CI160,2025-11-22 11:20:00,2025-11-22 11:39:00,도착,I
에어 프랑스,TPE,AF4161,P03,255,B,Slave,CI160,2025-11-22 11:20:00,2025-11-22 11:39:00,도착,I
중국남방항공,HRB,CZ683,P02,132,D,Master,CZ683,2025-11-22 12:15:00,2025-11-22 11:42:00,도착,I
에어서울,KIX,RS712,P03,279,B,Master,RS712,2025-11-22 11:55:00,2025-11-22 11:45:00,도착,I
아시아나항공,PVG,OZ368,P01,11,B,Master,OZ368,2025-11-22 11:20:00,2025-11-22 11:48:00,도착,I
길상항공,PVG,HO3110,P01,11,B,Slave,OZ368,2025-11-22 11:20:00,2025-11-22 11:48:00,도착,I
홍콩익스프레스,HKG,UO618,P02,109,B,Master,UO618,2025-11-22 11:40:00,2025-11-22 11:49:00,도착,I
대한항공,PVG,KE892,P03,234,A,Master,KE892,2025-11-22 12:00:00,2025-11-22 12:01:00,도착,I
샤먼항공,PVG,MF9087,P03,234,A,Slave,KE892,2025-11-22 12:00:00,2025-11-22 12:01:00,도착,I
중국동방항공,PVG,MU8933,P03,234,A,Slave,KE892,2025-11-22 12:00:00,2025-11-22 12:01:00,도착,I
상하이항공,PVG,FM8753,P03,234,A,Slave,KE892,2025-11-22 12:00:00,2025-11-22 12:01:00,도착,I
티웨이항공,KMJ,TW288,P02,101,C,Master,TW288,2025-11-22 12:05:00,2025-11-22 11:58:00,도착,I
제주항공,HIJ,7C1616,P02,102,C,Master,7C1616,2025-11-22 12:20:00,2025-11-22 12:02:00,도착,I
대한항공,NRT,KE706,P03,238,A,Master,KE706,2025-11-22 12:00:00,2025-11-22 12:04:00,도착,I
아에로멕시코,NRT,AM6751,P03,238,A,Slave,KE706,2025-11-22 12:00:00,2025-11-22 12:04:00,도착,I
델타항공,NRT,DL7782,P03,238,A,Slave,KE706,2025-11-22 12:00:00,2025-11-22 12:04:00,도착,I
일본항공,NRT,JL5201,P03,238,A,Slave,KE706,2025-11-22 12:00:00,2025-11-22 12:04:00,도착,I
버진 애트란틱항공,NRT,VS5504,P03,238,A,Slave,KE706,2025-11-22 12:00:00,2025-11-22 12:04:00,도착,I
몽골항공,UBN,OM301,P01,30,E,Master,OM301,2025-11-22 12:05:00,2025-11-22 12:10:00,도착,I
대한항공,NGS,KE2192,P03,243,A,Master,KE2192,2025-11-22 12:10:00,2025-11-22 12:05:00,도착,I
델타항공,NGS,DL7881,P03,243,A,Slave,KE2192,2025-11-22 12:10:00,2025-11-22 12:05:00,도착,I
폴란드항공,WAW,LO099,P01,23,B,Master,LO099,2025-11-22 11:45:00,2025-11-22 12:12:00,도착,I
중국동방항공,TAO,MU2033,P02,121,D,Master,MU2033,2025-11-22 12:15:00,2025-11-22 12:12:00,도착,I
대한항공,TAO,KE5844,P02,121,D,Slave,MU2033,2025-11-22 12:15:00,2025-11-22 12:12:00,도착,I
상하이항공,TAO,FM3079,P02,121,D,Slave,MU2033,2025-11-22 12:15:00,2025-11-22 12:12:00,도착,I
샤먼항공,XMN,MF871,P03,250,A,Master,MF871,2025-11-22 12:20:00,2025-11-22 12:14:00,도착,I
대한항공,FUK,KE788,P03,241,A,Master,KE788,2025-11-22 12:00:00,2025-11-22 12:13:00,도착,I
ITA항공,FUK,AZ2789,P03,241,A,Slave,KE788,2025-11-22 12:00:00,2025-11-22 12:13:00,도착,I
델타항공,FUK,DL7890,P03,241,A,Slave,KE788,2025-11-22 12:00:00,2025-11-22 12:13:00,도착,I
일본항공,FUK,JL5221,P03,241,A,Slave,KE788,2025-11-22 12:00:00,2025-11-22 12:13:00,도착,I
KLM네덜란드항공,FUK,KL4254,P03,241,A,Slave,KE788,2025-11-22 12:00:00,2025-11-22 12:13:00,도착,I
몽골항공,FUK,OM6710,P03,241,A,Slave,KE788,2025-11-22 12:00:00,2025-11-22 12:13:00,도착,I
버진 애트란틱항공,FUK,VS5510,P03,241,A,Slave,KE788,2025-11-22 12:00:00,2025-11-22 12:13:00,도착,I
중국남방항공,CSX,CZ3065,P02,123,D,Master,CZ3065,2025-11-22 12:35:00,2025-11-22 12:18:00,도착,I
제주항공,FSZ,7C1602,P01,22,B,Master,7C1602,2025-11-22 12:40:00,2025-11-22 12:15:00,도착,I
아시아나항공,KIX,OZ111,P01,21,B,Master,OZ111,2025-11-22 12:35:00,2025-11-22 12:19:00,도착,I
에티오피아항공,KIX,ET1297,P01,21,B,Slave,OZ111,2025-11-22 12:35:00,2025-11-22 12:19:00,도착,I
에어캐나다,KIX,AC6975,P01,21,B,Slave,OZ111,2025-11-22 12:35:00,2025-11-22 12:19:00,도착,I
에티하드 항공,KIX,EY8445,P01,21,B,Slave,OZ111,2025-11-22 12:35:00,2025-11-22 12:19:00,도착,I
전일본공수,KIX,NH6951,P01,21,B,Slave,OZ111,2025-11-22 12:35:00,2025-11-22 12:19:00,도착,I
에어재팬,NRT,NQ121,P02,113,C,Master,NQ121,2025-11-22 12:30:00,2025-11-22 12:20:00,도착,I
전일본공수,NRT,NH3603,P02,113,C,Slave,NQ121,2025-11-22 12:30:00,2025-11-22 12:20:00,도착,I
제주항공,TAO,7C8402,P02,110,C,Master,7C8402,2025-11-22 12:20:00,2025-11-22 12:31:00,도착,I
제주항공,KIX,7C1392,P02,114,C,Master,7C1392,2025-11-22 12:50:00,2025-11-22 12:28:00,도착,I
진에어,NGO,LJ346,P03,253,B,Master,LJ346,2025-11-22 12:45:00,2025-11-22 12:28:00,도착,I
대한항공,NGO,KE5080,P03,253,B,Slave,LJ346,2025-11-22 12:45:00,2025-11-22 12:28:00,도착,I
중국국제항공,YNJ,CA143,P01,38,E,Master,CA143,2025-11-22 13:10:00,2025-11-22 12:33:00,도착,I
아시아나항공,YNJ,OZ6826,P01,38,E,Slave,CA143,2025-11-22 13:10:00,2025-11-22 12:33:00,도착,I
중국국제항공,HGH,CA139,P01,31,E,Master,CA139,2025-11-22 12:25:00,2025-11-22 12:38:00,도착,I
아시아나항공,HGH,OZ6828,P01,31,E,Slave,CA139,2025-11-22 12:25:00,2025-11-22 12:38:00,도착,I
산동항공,HGH,SC125,P01,31,E,Slave,CA139,2025-11-22 12:25:00,2025-11-22 12:38:00,도착,I
중국남방항공,SZX,CZ3089,P02,131,D,Master,CZ3089,2025-11-22 12:35:00,2025-11-22 12:37:00,도착,I
에어 프랑스,CDG,AF264,P03,258,B,Master,AF264,2025-11-22 10:30:00,2025-11-22 12:39:00,도착,I
KLM네덜란드항공,CDG,KL2018,P03,258,B,Slave,AF264,2025-11-22 10:30:00,2025-11-22 12:39:00,도착,I
대한항공,CDG,KE5902,P03,258,B,Slave,AF264,2025-11-22 10:30:00,2025-11-22 12:39:00,도착,I
대한항공,KMQ,KE2190,P03,249,A,Master,KE2190,2025-11-22 12:50:00,2025-11-22 12:39:00,도착,I
델타항공,KMQ,DL7936,P03,249,A,Slave,KE2190,2025-11-22 12:50:00,2025-11-22 12:39:00,도착,I
일본항공,KMQ,JL5229,P03,249,A,Slave,KE2190,2025-11-22 12:50:00,2025-11-22 12:39:00,도착,I
대한항공,PUS,KE1408,P03,264,국내선,Master,KE1408,2025-11-22 13:15:00,2025-11-22 12:42:00,도착,D
ITA항공,PUS,AZ2775,P03,264,국내선,Slave,KE1408,2025-11-22 13:15:00,2025-11-22 12:42:00,도착,D
델타항공,PUS,DL7916,P03,264,국내선,Slave,KE1408,2025-11-22 13:15:00,2025-11-22 12:42:00,도착,D
가루다인도네시아,PUS,GA9962,P03,264,국내선,Slave,KE1408,2025-11-22 13:15:00,2025-11-22 12:42:00,도착,D
산동항공,TAO,SC4611,P01,37,E,Master,SC4611,2025-11-22 12:50:00,2025-11-22 12:47:00,도착,I
중국국제항공,TAO,CA8855,P01,37,E,Slave,SC4611,2025-11-22 12:50:00,2025-11-22 12:47:00,도착,I
아시아나항공,TAO,OZ6712,P01,37,E,Slave,SC4611,2025-11-22 12:50:00,2025-11-22 12:47:00,도착,I
필리핀에어아시아,MNL,Z2884,P02,104,C,Master,Z2884,2025-11-22 11:55:00,2025-11-22 12:51:00,도착,I
중국국제항공,TFU,CA401,P01,36,E,Master,CA401,2025-11-22 12:55:00,2025-11-22 12:52:00,도착,I
아시아나항공,TFU,OZ6832,P01,36,E,Slave,CA401,2025-11-22 12:55:00,2025-11-22 12:52:00,도착,I
진에어,KIX,LJ232,P03,251,B,Master,LJ232,2025-11-22 13:10:00,2025-11-22 12:50:00,도착,I
에어마카오,MFM,NX822,P01,45,E,Master,NX822,2025-11-22 13:05:00,2025-11-22 12:52:00,도착,I
아시아나항공,MFM,OZ6868,P01,45,E,Slave,NX822,2025-11-22 13:05:00,2025-11-22 12:52:00,도착,I
대한항공,UKB,KE2172,P03,245,A,Master,KE2172,2025-11-22 13:00:00,2025-11-22 12:51:00,도착,I
중국동방항공,WEH,MU2017,P02,118,D,Master,MU2017,2025-11-22 13:00:00,2025-11-22 12:53:00,도착,I
대한항공,WEH,KE5850,P02,118,D,Slave,MU2017,2025-11-22 13:00:00,2025-11-22 12:53:00,도착,I
대한항공,KOJ,KE2180,P03,247,A,Master,KE2180,2025-11-22 13:15:00,2025-11-22 13:01:00,도착,I
델타항공,KOJ,DL7906,P03,247,A,Slave,KE2180,2025-11-22 13:15:00,2025-11-22 13:01:00,도착,I
일본항공,KOJ,JL5249,P03,247,A,Slave,KE2180,2025-11-22 13:15:00,2025-11-22 13:01:00,도착,I
에어서울,TAK,RS742,P03,281,B,Master,RS742,2025-11-22 13:20:00,2025-11-22 13:00:00,도착,I
캐세이퍼시픽항공,HKG,CX434,P01,47,E,Master,CX434,2025-11-22 12:45:00,2025-11-22 13:01:00,도착,I
아메리칸항공,HKG,AA8959,P01,47,E,Slave,CX434,2025-11-22 12:45:00,2025-11-22 13:01:00,도착,I
카타르항공,HKG,QR3498,P01,47,E,Slave,CX434,2025-11-22 12:45:00,2025-11-22 13:01:00,도착,I
아시아나항공,NGO,OZ121,P01,16,B,Master,OZ121,2025-11-22 13:10:00,2025-11-22 13:00:00,도착,I
에티하드 항공,NGO,EY8465,P01,16,B,Slave,OZ121,2025-11-22 13:10:00,2025-11-22 13:00:00,도착,I
전일본공수,NGO,NH6963,P01,16,B,Slave,OZ121,2025-11-22 13:10:00,2025-11-22 13:00:00,도착,I
카놋샤크,TAS,HH821,P01,50,E,Master,HH821,2025-11-22 12:15:00,2025-11-22 13:02:00,도착,I
중국동방항공,XIY,MU5021,P02,125,D,Master,MU5021,2025-11-22 13:15:00,2025-11-22 13:03:00,도착,I
상하이항공,XIY,FM3081,P02,125,D,Slave,MU5021,2025-11-22 13:15:00,2025-11-22 13:03:00,도착,I
대한항공,XIY,KE5872,P02,125,D,Slave,MU5021,2025-11-22 13:15:00,2025-11-22 13:03:00,도착,I
중국남방항공,CGQ,CZ687,P02,122,D,Master,CZ687,2025-11-22 13:25:00,2025-11-22 13:04:00,도착,I
핀에어,HEL,AY041,P01,48,E,Master,AY041,2025-11-22 12:25:00,2025-11-22 13:09:00,도착,I
이스타항공,FUK,ZE646,P02,103,B,Master,ZE646,2025-11-22 12:50:00,2025-11-22 13:07:00,도착,I
중국동방항공,PVG,MU5041,P02,126,D,Master,MU5041,2025-11-22 11:55:00,2025-11-22 13:10:00,도착,I
대한항공,PVG,KE5858,P02,126,D,Slave,MU5041,2025-11-22 11:55:00,2025-11-22 13:10:00,도착,I
상하이항공,PVG,FM3067,P02,126,D,Slave,MU5041,2025-11-22 11:55:00,2025-11-22 13:10:00,도착,I
티웨이항공,KIX,TW302,P02,127,D,Master,TW302,2025-11-22 13:25:00,2025-11-22 13:12:00,도착,I
대한항공,TAO,KE842,P03,248,A,Master,KE842,2025-11-22 13:25:00,2025-11-22 13:20:00,도착,I
중국동방항공,TAO,MU8941,P03,248,A,Slave,KE842,2025-11-22 13:25:00,2025-11-22 13:20:00,도착,I
대한항공,PEK,KE860,P03,246,A,Master,KE860,2025-11-22 13:45:00,2025-11-22 13:23:00,도착,I
샤먼항공,PEK,MF9099,P03,246,A,Slave,KE860,2025-11-22 13:45:00,2025-11-22 13:23:00,도착,I
사천항공,TFU,3U3973,P01,43,E,Master,3U3973,2025-11-22 13:30:00,2025-11-22 13:24:00,도착,I
진에어,NRT,LJ202,P03,254,B,Master,LJ202,2025-11-22 13:50:00,2025-11-22 13:30:00,도착,I
대한항공,NRT,KE5742,P03,254,B,Slave,LJ202,2025-11-22 13:50:00,2025-11-22 13:30:00,도착,I
아시아나항공,DLC,OZ302,P01,15,B,Master,OZ302,2025-11-22 13:15:00,2025-11-22 13:35:00,도착,I
중국국제항공,DLC,CA5011,P01,15,B,Slave,OZ302,2025-11-22 13:15:00,2025-11-22 13:35:00,도착,I
에어부산,NRT,BX163,P03,277,B,Master,BX163,2025-11-22 14:00:00,2025-11-22 13:41:00,도착,I
제주항공,KIX,7C1304,P01,28,E,Master,7C1304,2025-11-22 13:50:00,2025-11-22 13:36:00,도착,I
아시아나항공,TSN,OZ328,P01,12,B,Master,OZ328,2025-11-22 13:45:00,2025-11-22 13:31:00,도착,I
중국국제항공,TSN,CA5013,P01,12,B,Slave,OZ328,2025-11-22 13:45:00,2025-11-22 13:31:00,도착,I
진에어,KIX,LJ234,P03,267,B,Master,LJ234,2025-11-22 13:45:00,2025-11-22 13:38:00,도착,I
중국국제항공,PKX,CA131,P01,32,E,Master,CA131,2025-11-22 13:45:00,2025-11-22 13:38:00,도착,I
이스타항공,KIX,ZE612,P02,108,C,Master,ZE612,2025-11-22 13:50:00,2025-11-22 13:39:00,도착,I
