AIRLINE,IATA_CD,FLIGHT_CD,TERMINAL,GATE,CHECKIN_COUNTER,CODESHARE,MASTERID,SCHEDULED_TM,ESTIMATED_TM,STATUS,FLIGHT_TYPE
카타르항공,DOH,QR859,P01,31,H05-H18,Master,QR859,2025-11-19 00:20:00,2025-11-19 00:27:00,출발,I
이베리아항공,DOH,IB6329,P01,31,H05-H18,Slave,QR859,2025-11-19 00:20:00,2025-11-19 00:27:00,출발,I
영국항공,DOH,BA2293,P01,31,H05-H18,Slave,QR859,2025-11-19 00:20:00,2025-11-19 00:27:00,출발,I
란항공,DOH,LA6037,P01,31,H05-H18,Slave,QR859,2025-11-19 00:20:00,2025-11-19 00:27:00,출발,I
로얄 에어 모로코,DOH,AT5713,P01,31,H05-H18,Slave,QR859,2025-11-19 00:20:00,2025-11-19 00:27:00,출발,I
아시아나항공,DOH,OZ6889,P01,31,H05-H18,Slave,QR859,2025-11-19 00:20:00,2025-11-19 00:27:00,출발,I
르완다에어,DOH,WB1570,P01,31,H05-H18,Slave,QR859,2025-11-19 00:20:00,2025-11-19 00:27:00,출발,I
이스타항공,PVG,ZE871,P02,101,H31-H36,Master,ZE871,2025-11-19 00:30:00,2025-11-19 00:24:00,출발,I
피치항공,HND,MM808Y,P02,109,K19-K24,Master,MM808Y,2025-11-19 00:30:00,2025-11-19 00:36:00,출발,I
타이거에어 타이완,TPE,IT603,P02,110,M01-M05,Master,IT603,2025-11-19 00:30:00,2025-11-19 00:58:00,출발,I
비엣젯항공,PQC,VJ975,P02,113,E06-E18,Master,VJ975,2025-11-19 01:45:00,2025-11-19 01:34:00,출발,I
홍콩익스프레스,HKG,UO615,P02,111,K29-K34,Master,UO615,2025-11-19 02:20:00,2025-11-19 02:01:00,출발,I
캐세이퍼시픽항공,HKG,CX5615,P02,111,K29-K34,Slave,UO615,2025-11-19 02:20:00,2025-11-19 02:01:00,출발,I
비엣젯항공,PQC,VJ979,P02,112,E06-E18,Master,VJ979,2025-11-19 02:20:00,2025-11-19 02:21:00,출발,I
세부퍼시픽항공,MNL,5J187,P02,107,M27-M34,Master,5J187,2025-11-19 02:15:00,2025-11-19 02:53:00,출발,I
비엣젯항공,PQC,VJ977,P02,102,E12-E36,Master,VJ977,2025-11-19 05:00:00,2025-11-19 05:07:00,출발,I
베트남항공,CXR,VN441,P02,112,D12-D16,Master,VN441,2025-11-19 06:15:00,2025-11-19 06:02:00,출발,I
대한항공,CXR,KE5679,P02,112,D12-D16,Slave,VN441,2025-11-19 06:15:00,2025-11-19 06:02:00,출발,I
에어로케이항공,KIX,RF316,P02,105,K24-K27,Master,RF316,2025-11-19 06:20:00,2025-11-19 06:14:00,출발,I
비엣젯항공,CXR,VJ837,P02,113,E12-E36,Master,VJ837,2025-11-19 06:20:00,2025-11-19 06:14:00,출발,I
제주항공,FUK,7C1401,P02,130,L13-L36,Master,7C1401,2025-11-19 06:30:00,2025-11-19 06:29:00,출발,I
한 에어,FUK,H19827,P02,130,L13-L36,Slave,7C1401,2025-11-19 06:30:00,2025-11-19 06:29:00,출발,I
이스타항공,YNT,ZE817,P02,104,H24-J25,Master,ZE817,2025-11-19 06:45:00,2025-11-19 06:39:00,출발,I
비엣젯항공,CXR,VJ835,P02,117,E12-E36,Master,VJ835,2025-11-19 06:45:00,2025-11-19 06:46:00,출발,I
아시아나항공,KIX,OZ112,P01,40,A03-C34,Master,OZ112,2025-11-19 06:45:00,2025-11-19 06:46:00,출발,I
에티하드 항공,KIX,EY8448,P01,40,A03-C34,Slave,OZ112,2025-11-19 06:45:00,2025-11-19 06:46:00,출발,I
전일본공수,KIX,NH6952,P01,40,A03-C34,Slave,OZ112,2025-11-19 06:45:00,2025-11-19 06:46:00,출발,I
진에어,FUK,LJ261,P03,260,G17-H40,Master,LJ261,2025-11-19 06:50:00,2025-11-19 06:50:00,출발,I
바틱 에어 말레이시아,KUL,OD821,P01,50,J31-J35,Master,OD821,2025-11-19 06:50:00,2025-11-19 07:08:00,출발,I
세부퍼시픽항공,MNL,5J185,P02,110,M19-M24,Master,5J185,2025-11-19 07:00:00,2025-11-19 07:02:00,출발,I
비엣젯항공,DAD,VJ879,P02,123,E12-E36,Master,VJ879,2025-11-19 07:00:00,2025-11-19 07:17:00,출발,I
에어아시아 버하드,BKI,AK1624,P02,125,J01-J05,Master,AK1624,2025-11-19 07:00:00,2025-11-19 07:02:00,출발,I
제주항공,MYJ,7C1721,P01,22,L13-L36,Master,7C1721,2025-11-19 07:00:00,2025-11-19 07:04:00,출발,I
한 에어,MYJ,H19945,P01,22,L13-L36,Slave,7C1721,2025-11-19 07:00:00,2025-11-19 07:04:00,출발,I
대한항공,PUS,KE1401,P03,232,-,Master,KE1401,2025-11-19 07:00:00,2025-11-19 07:03:00,출발,D
델타항공,PUS,DL7855,P03,232,-,Slave,KE1401,2025-11-19 07:00:00,2025-11-19 07:03:00,출발,D
제주항공,KIX,7C1301,P01,41,L13-L36,Master,7C1301,2025-11-19 07:00:00,2025-11-19 07:05:00,출발,I
한 에어,KIX,H19810,P01,41,L13-L36,Slave,7C1301,2025-11-19 07:00:00,2025-11-19 07:05:00,출발,I
필리핀항공,CEB,PR487,P01,47,M25-M36,Master,PR487,2025-11-19 07:05:00,2025-11-19 07:06:00,출발,I
제주항공,FSZ,7C1601,P02,119,L13-L36,Master,7C1601,2025-11-19 07:10:00,2025-11-19 07:10:00,출발,I
한 에어,FSZ,H19912,P02,119,L13-L36,Slave,7C1601,2025-11-19 07:10:00,2025-11-19 07:10:00,출발,I
아시아나항공,BKK,OZ743,P01,8,A03-C35,Master,OZ743,2025-11-19 07:10:00,2025-11-19 07:12:00,출발,I
타이항공,BKK,TG6756,P01,8,A03-C35,Slave,OZ743,2025-11-19 07:10:00,2025-11-19 07:12:00,출발,I
비엣젯항공,HPH,VJ925,P02,106,E12-E36,Master,VJ925,2025-11-19 07:15:00,2025-11-19 07:19:00,출발,I
이스타항공,NRT,ZE605,P02,122,H24-J25,Master,ZE605,2025-11-19 07:15:00,2025-11-19 07:21:00,출발,I
에어부산,FUK,BX156,P03,280,E11-E20,Master,BX156,2025-11-19 07:15:00,2025-11-19 07:17:00,출발,I
아시아나항공,FUK,OZ9576,P03,280,E11-E20,Slave,BX156,2025-11-19 07:15:00,2025-11-19 07:17:00,출발,I
제주항공,TAG,7C2121,P01,38,L13-L36,Master,7C2121,2025-11-19 07:15:00,2025-11-19 07:12:00,출발,I
한 에어,TAG,H19792,P01,38,L13-L36,Slave,7C2121,2025-11-19 07:15:00,2025-11-19 07:12:00,출발,I
제주항공,CTS,7C1501,P02,101,L13-L36,Master,7C1501,2025-11-19 07:20:00,2025-11-19 07:24:00,출발,I
한 에어,CTS,H19794,P02,101,L13-L36,Slave,7C1501,2025-11-19 07:20:00,2025-11-19 07:24:00,출발,I
티웨이항공,OKA,TW279,P02,118,F19-F36,Master,TW279,2025-11-19 07:20:00,2025-11-19 07:23:00,출발,I
중국동방항공,YNT,MU5050,P02,132,H01-H18,Master,MU5050,2025-11-19 07:25:00,2025-11-19 07:19:00,출발,I
대한항공,YNT,KE5845,P02,132,H01-H18,Slave,MU5050,2025-11-19 07:25:00,2025-11-19 07:19:00,출발,I
진에어,NRT,LJ201,P03,249,G17-H40,Master,LJ201,2025-11-19 07:25:00,2025-11-19 07:24:00,출발,I
대한항공,NRT,KE5741,P03,249,G17-H40,Slave,LJ201,2025-11-19 07:25:00,2025-11-19 07:24:00,출발,I
피치항공,KIX,MM712,P02,107,K19-K23,Master,MM712,2025-11-19 07:30:00,2025-11-19 07:32:00,출발,I
필리핀항공,MNL,PR401,P01,45,M25-M36,Master,PR401,2025-11-19 07:30:00,2025-11-19 07:32:00,출발,I
아시아나항공,SGN,OZ731,P01,9,A03-C35,Master,OZ731,2025-11-19 07:30:00,2025-11-19 07:31:00,출발,I
에티하드 항공,SGN,EY8474,P01,9,A03-C35,Slave,OZ731,2025-11-19 07:30:00,2025-11-19 07:31:00,출발,I
에어아시아엑스,KUL,D7505,P02,121,J09-J16,Master,D7505,2025-11-19 07:35:00,2025-11-19 08:14:00,출발,I
아시아나항공,MNL,OZ701,P01,14,A03-C35,Master,OZ701,2025-11-19 07:35:00,2025-11-19 07:39:00,출발,I
에어부산,NRT,BX164,P03,277,E11-E20,Master,BX164,2025-11-19 07:35:00,2025-11-19 07:43:00,출발,I
대한항공,MNL,KE621,P03,248,A B C D,Master,KE621,2025-11-19 07:40:00,2025-11-19 07:49:00,출발,I
진에어,NGO,LJ345,P03,250,G17-H40,Master,LJ345,2025-11-19 07:40:00,2025-11-19 07:40:00,출발,I
대한항공,NGO,KE5079,P03,250,G17-H40,Slave,LJ345,2025-11-19 07:40:00,2025-11-19 07:40:00,출발,I
에어서울,KIX,RS711,P03,279,E01-E10,Master,RS711,2025-11-19 07:15:00,2025-11-19 07:43:00,출발,I
티웨이항공,DAD,TW007,P02,127,F19-F36,Master,TW007,2025-11-19 07:45:00,2025-11-19 07:43:00,출발,I
제주항공,HIJ,7C1615,P02,131,L13-L36,Master,7C1615,2025-11-19 07:45:00,2025-11-19 07:50:00,출발,I
한 에어,HIJ,H19988,P02,131,L13-L36,Slave,7C1615,2025-11-19 07:45:00,2025-11-19 07:50:00,출발,I
티웨이항공,KMJ,TW287,P02,115,F19-F36,Master,TW287,2025-11-19 07:50:00,2025-11-19 07:48:00,출발,I
진에어,RMQ,LJ735,P03,265,G17-H40,Master,LJ735,2025-11-19 07:50:00,2025-11-19 07:55:00,출발,I
대한항공,FUK,KE787,P03,275,A B C D,Master,KE787,2025-11-19 07:50:00,2025-11-19 07:54:00,출발,I
에어 프랑스,FUK,AF7895,P03,275,A B C D,Slave,KE787,2025-11-19 07:50:00,2025-11-19 07:54:00,출발,I
델타항공,FUK,DL7892,P03,275,A B C D,Slave,KE787,2025-11-19 07:50:00,2025-11-19 07:54:00,출발,I
일본항공,FUK,JL5220,P03,275,A B C D,Slave,KE787,2025-11-19 07:50:00,2025-11-19 07:54:00,출발,I
KLM네덜란드항공,FUK,KL4252,P03,275,A B C D,Slave,KE787,2025-11-19 07:50:00,2025-11-19 07:54:00,출발,I
몽골항공,FUK,OM6709,P03,275,A B C D,Slave,KE787,2025-11-19 07:50:00,2025-11-19 07:54:00,출발,I
대한항공,PEK,KE859,P03,235,A B C D,Master,KE859,2025-11-19 07:55:00,2025-11-19 07:51:00,출발,I
샤먼항공,PEK,MF9100,P03,235,A B C D,Slave,KE859,2025-11-19 07:55:00,2025-11-19 07:51:00,출발,I
아시아나항공,OKA,OZ172,P01,24,A03-C35,Master,OZ172,2025-11-19 07:55:00,2025-11-19 08:10:00,출발,I
전일본공수,OKA,NH6994,P01,24,A03-C35,Slave,OZ172,2025-11-19 07:55:00,2025-11-19 08:10:00,출발,I
티웨이항공,KIX,TW301,P01,48,F19-F36,Master,TW301,2025-11-19 07:55:00,2025-11-19 07:59:00,출발,I
이스타항공,TPE,ZE881,P02,124,H24-J25,Master,ZE881,2025-11-19 08:00:00,2025-11-19 07:57:00,출발,I
아시아나항공,MEL,OZ6033,P01,19,A03-C35,Master,OZ6033,2025-11-19 08:00:00,2025-11-19 08:03:00,출발,I
대한항공,HAN,KE441,P03,234,A B C D,Master,KE441,2025-11-19 08:00:00,2025-11-19 08:02:00,출발,I
델타항공,HAN,DL7805,P03,234,A B C D,Slave,KE441,2025-11-19 08:00:00,2025-11-19 08:02:00,출발,I
베트남항공,HAN,VN3415,P03,234,A B C D,Slave,KE441,2025-11-19 08:00:00,2025-11-19 08:02:00,출발,I
웨스트젯,HAN,WS6067,P03,234,A B C D,Slave,KE441,2025-11-19 08:00:00,2025-11-19 08:02:00,출발,I
대한항공,OKJ,KE2185,P03,243,A B C D,Master,KE2185,2025-11-19 08:00:00,2025-11-19 07:59:00,출발,I
델타항공,OKJ,DL7893,P03,243,A B C D,Slave,KE2185,2025-11-19 08:00:00,2025-11-19 07:59:00,출발,I
버진 애트란틱항공,OKJ,VS5531,P03,243,A B C D,Slave,KE2185,2025-11-19 08:00:00,2025-11-19 07:59:00,출발,I
일본항공,OKJ,JL5260,P03,243,A B C D,Slave,KE2185,2025-11-19 08:00:00,2025-11-19 07:59:00,출발,I
진에어,KIX,LJ231,P03,251,G17-H40,Master,LJ231,2025-11-19 08:00:00,2025-11-19 07:58:00,출발,I
대한항공,KIX,KE5071,P03,251,G17-H40,Slave,LJ231,2025-11-19 08:00:00,2025-11-19 07:58:00,출발,I
진에어,SHI,LJ357,P03,264,G17-H40,Master,LJ357,2025-11-19 08:00:00,2025-11-19 08:06:00,출발,I
대한항공,SHI,KE5097,P03,264,G17-H40,Slave,LJ357,2025-11-19 08:00:00,2025-11-19 08:06:00,출발,I
아시아나항공,TPE,OZ711,P01,27,A03-C35,Master,OZ711,2025-11-19 08:00:00,2025-11-19 08:04:00,출발,I
에바항공,TPE,BR2147,P01,27,A03-C35,Slave,OZ711,2025-11-19 08:00:00,2025-11-19 08:04:00,출발,I
제주항공,KIX,7C1391,P02,108,L13-L36,Master,7C1391,2025-11-19 08:05:00,2025-11-19 08:03:00,출발,I
한 에어,KIX,H19854,P02,108,L13-L36,Slave,7C1391,2025-11-19 08:05:00,2025-11-19 08:03:00,출발,I
진에어,NRT,LJ217,P03,263,G17-H40,Master,LJ217,2025-11-19 08:05:00,2025-11-19 08:07:00,출발,I
아시아나항공,NGO,OZ122,P01,16,A03-C35,Master,OZ122,2025-11-19 08:10:00,2025-11-19 08:07:00,출발,I
전일본공수,NGO,NH6964,P01,16,A03-C35,Slave,OZ122,2025-11-19 08:10:00,2025-11-19 08:07:00,출발,I
에티하드 항공,NGO,EY8457,P01,16,A03-C35,Slave,OZ122,2025-11-19 08:10:00,2025-11-19 08:07:00,출발,I
대한항공,HKG,KE2001,P03,224,A B C D,Master,KE2001,2025-11-19 08:10:00,2025-11-19 08:16:00,출발,I
델타항공,HKG,DL7771,P03,224,A B C D,Slave,KE2001,2025-11-19 08:10:00,2025-11-19 08:16:00,출발,I
웨스트젯,HKG,WS6075,P03,224,A B C D,Slave,KE2001,2025-11-19 08:10:00,2025-11-19 08:16:00,출발,I
제주항공,NRT,7C1101,P01,34,L13-L36,Master,7C1101,2025-11-19 08:10:00,2025-11-19 08:15:00,출발,I
한 에어,NRT,H19800,P01,34,L13-L36,Slave,7C1101,2025-11-19 08:10:00,2025-11-19 08:15:00,출발,I
제주항공,TAO,7C8401,P01,36,L13-L36,Master,7C8401,2025-11-19 08:10:00,2025-11-19 08:07:00,출발,I
한 에어,TAO,H19897,P01,36,L13-L36,Slave,7C8401,2025-11-19 08:10:00,2025-11-19 08:07:00,출발,I
아시아나항공,CAN,OZ369,P01,21,A03-C35,Master,OZ369,2025-11-19 08:20:00,2025-11-19 08:23:00,출발,I
심천항공,CAN,ZH3308,P01,21,A03-C35,Slave,OZ369,2025-11-19 08:20:00,2025-11-19 08:23:00,출발,I
에어서울,GUM,RS103,P03,281,E01-E10,Master,RS103,2025-11-19 08:20:00,2025-11-19 08:27:00,출발,I
티웨이항공,HSG,TW285,P02,129,F19-F36,Master,TW285,2025-11-19 08:25:00,2025-11-19 08:26:00,출발,I
대한항공,UKB,KE2171,P03,219,A B C D,Master,KE2171,2025-11-19 08:25:00,2025-11-19 08:29:00,출발,I
대한항공,PVG,KE881,P03,225,A B C D,Master,KE881,2025-11-19 08:25:00,2025-11-19 08:27:00,출발,I
중국동방항공,PVG,MU8930,P03,225,A B C D,Slave,KE881,2025-11-19 08:25:00,2025-11-19 08:27:00,출발,I
상하이항공,PVG,FM8752,P03,225,A B C D,Slave,KE881,2025-11-19 08:25:00,2025-11-19 08:27:00,출발,I
샤먼항공,PVG,MF9086,P03,225,A B C D,Slave,KE881,2025-11-19 08:25:00,2025-11-19 08:27:00,출발,I
중국동방항공,TAO,MU2044,P02,126,H01-H18,Master,MU2044,2025-11-19 08:30:00,2025-11-19 08:18:00,출발,I
대한항공,TAO,KE5869,P02,126,H01-H18,Slave,MU2044,2025-11-19 08:30:00,2025-11-19 08:18:00,출발,I
상하이항공,TAO,FM3076,P02,126,H01-H18,Slave,MU2044,2025-11-19 08:30:00,2025-11-19 08:18:00,출발,I
대한항공,SZX,KE835,P03,241,A B C D,Master,KE835,2025-11-19 08:15:00,2025-11-19 08:36:00,출발,I
에어마카오,MFM,NX825,P01,41,N01-N05,Master,NX825,2025-11-19 08:30:00,2025-11-19 08:22:00,출발,I
아시아나항공,MFM,OZ6865,P01,41,N01-N05,Slave,NX825,2025-11-19 08:30:00,2025-11-19 08:22:00,출발,I
티웨이항공,NRT,TW241,P02,103,F19-F36,Master,TW241,2025-11-19 08:35:00,2025-11-19 08:35:00,출발,I
진에어,CTS,LJ301,P03,257,G17-H40,Master,LJ301,2025-11-19 08:35:00,2025-11-19 08:36:00,출발,I
대한항공,CTS,KE5061,P03,257,G17-H40,Slave,LJ301,2025-11-19 08:35:00,2025-11-19 08:36:00,출발,I
이스타항공,FUK,ZE645,P02,114,H24-J25,Master,ZE645,2025-11-19 08:40:00,2025-11-19 08:39:00,출발,I
이스타항공,NRT,ZE601,P02,128,H24-J25,Master,ZE601,2025-11-19 08:40:00,2025-11-19 08:39:00,출발,I
제주항공,HRB,7C8905,P02,104,L13-L36,Master,7C8905,2025-11-19 08:45:00,2025-11-19 08:44:00,출발,I
한 에어,HRB,H19931,P02,104,L13-L36,Slave,7C8905,2025-11-19 08:45:00,2025-11-19 08:44:00,출발,I
대한항공,KOJ,KE2179,P03,218,A B C D,Master,KE2179,2025-11-19 08:45:00,2025-11-19 09:00:00,출발,I
델타항공,KOJ,DL7899,P03,218,A B C D,Slave,KE2179,2025-11-19 08:45:00,2025-11-19 09:00:00,출발,I
일본항공,KOJ,JL5248,P03,218,A B C D,Slave,KE2179,2025-11-19 08:45:00,2025-11-19 09:00:00,출발,I
대한항공,SHE,KE831,P03,220,A B C D,Master,KE831,2025-11-19 08:45:00,2025-11-19 08:49:00,출발,I
중국동방항공,SHE,MU8962,P03,220,A B C D,Slave,KE831,2025-11-19 08:45:00,2025-11-19 08:49:00,출발,I
에어서울,TAK,RS741,P03,277,E01-E10,Master,RS741,2025-11-19 08:45:00,2025-11-19 08:58:00,출발,I
에어프레미아,NRT,YP731,P01,32,K01-K10,Master,YP731,2025-11-19 08:45:00,2025-11-19 08:55:00,출발,I
산동항공,TNA,SC8008,P01,38,N11-N15,Master,SC8008,2025-11-19 08:45:00,2025-11-19 08:31:00,출발,I
아시아나항공,TNA,OZ6717,P01,38,N11-N15,Slave,SC8008,2025-11-19 08:45:00,2025-11-19 08:31:00,출발,I
중국국제항공,TNA,CA8854,P01,38,N11-N15,Slave,SC8008,2025-11-19 08:45:00,2025-11-19 08:31:00,출발,I
대한항공,KIX,KE723,P03,255,A B C D,Master,KE723,2025-11-19 08:50:00,2025-11-19 08:52:00,출발,I
델타항공,KIX,DL7785,P03,255,A B C D,Slave,KE723,2025-11-19 08:50:00,2025-11-19 08:52:00,출발,I
일본항공,KIX,JL5210,P03,255,A B C D,Slave,KE723,2025-11-19 08:50:00,2025-11-19 08:52:00,출발,I
몽골항공,KIX,OM6703,P03,255,A B C D,Slave,KE723,2025-11-19 08:50:00,2025-11-19 08:52:00,출발,I
싱가포르항공,SIN,SQ607,P01,46,F01-F08,Master,SQ607,2025-11-19 08:50:00,2025-11-19 09:21:00,출발,I
버진 오스트레일리아,SIN,VA5677,P01,46,F01-F08,Slave,SQ607,2025-11-19 08:50:00,2025-11-19 09:21:00,출발,I
에어인디아 리미티드,SIN,AI8171,P01,46,F01-F08,Slave,SQ607,2025-11-19 08:50:00,2025-11-19 09:21:00,출발,I
아시아나항공,SIN,OZ6781,P01,46,F01-F08,Slave,SQ607,2025-11-19 08:50:00,2025-11-19 09:21:00,출발,I
아시아나항공,TSN,OZ327,P01,11,A03-C35,Master,OZ327,2025-11-19 08:55:00,2025-11-19 08:51:00,출발,I
중국국제항공,TSN,CA5014,P01,11,A03-C35,Slave,OZ327,2025-11-19 08:55:00,2025-11-19 08:51:00,출발,I
중국동방항공,PVG,MU5052,P02,130,H01-H18,Master,MU5052,2025-11-19 08:55:00,2025-11-19 08:46:00,출발,I
대한항공,PVG,KE5879,P02,130,H01-H18,Slave,MU5052,2025-11-19 08:55:00,2025-11-19 08:46:00,출발,I
상하이항공,PVG,FM3070,P02,130,H01-H18,Slave,MU5052,2025-11-19 08:55:00,2025-11-19 08:46:00,출발,I
대한항공,CSX,KE819,P03,221,A B C D,Master,KE819,2025-11-19 08:55:00,2025-11-19 08:58:00,출발,I
샤먼항공,CSX,MF9082,P03,221,A B C D,Slave,KE819,2025-11-19 08:55:00,2025-11-19 08:58:00,출발,I
중국동방항공,CSX,MU8944,P03,221,A B C D,Slave,KE819,2025-11-19 08:55:00,2025-11-19 08:58:00,출발,I
대한항공,CAN,KE867,P03,238,A B C D,Master,KE867,2025-11-19 08:55:00,2025-11-19 09:05:00,출발,I
대한항공,TAO,KE841,P03,245,A B C D,Master,KE841,2025-11-19 08:55:00,2025-11-19 08:54:00,출발,I
중국동방항공,TAO,MU8940,P03,245,A B C D,Slave,KE841,2025-11-19 08:55:00,2025-11-19 08:54:00,출발,I
진에어,KIX,LJ233,P03,250,G17-H40,Master,LJ233,2025-11-19 08:55:00,2025-11-19 08:52:00,출발,I
아시아나항공,NRT,OZ102,P01,12,A03-C35,Master,OZ102,2025-11-19 09:00:00,2025-11-19 09:04:00,출발,I
에티하드 항공,NRT,EY8453,P01,12,A03-C35,Slave,OZ102,2025-11-19 09:00:00,2025-11-19 09:04:00,출발,I
전일본공수,NRT,NH6972,P01,12,A03-C35,Slave,OZ102,2025-11-19 09:00:00,2025-11-19 09:04:00,출발,I
에어 뉴질랜드,NRT,NZ4060,P01,12,A03-C35,Slave,OZ102,2025-11-19 09:00:00,2025-11-19 09:04:00,출발,I
유나이티드항공,NRT,UA7318,P01,12,A03-C35,Slave,OZ102,2025-11-19 09:00:00,2025-11-19 09:04:00,출발,I
아시아나항공,FRA,OZ541,P01,17,A03-C35,Master,OZ541,2025-11-19 09:00:00,2025-11-19 09:10:00,출발,I
아시아나항공,HKG,OZ721,P01,20,A03-C35,Master,OZ721,2025-11-19 09:00:00,2025-11-19 08:57:00,출발,I
홍콩항공,HKG,HX1551,P01,20,A03-C35,Slave,OZ721,2025-11-19 09:00:00,2025-11-19 08:57:00,출발,I
유나이티드항공,HKG,UA7306,P01,20,A03-C35,Slave,OZ721,2025-11-19 09:00:00,2025-11-19 08:57:00,출발,I
대한항공,TPE,KE2021,P03,246,A B C D,Master,KE2021,2025-11-19 09:00:00,2025-11-19 09:04:00,출발,I
중화항공,TPE,CI9065,P03,246,A B C D,Slave,KE2021,2025-11-19 09:00:00,2025-11-19 09:04:00,출발,I
델타항공,TPE,DL7775,P03,246,A B C D,Slave,KE2021,2025-11-19 09:00:00,2025-11-19 09:04:00,출발,I
이스타항공,KIX,ZE611,P02,122,H24-J25,Master,ZE611,2025-11-19 09:05:00,2025-11-19 09:04:00,출발,I
폴란드항공,WAW,LO098,P01,31,K27-K34,Master,LO098,2025-11-19 08:50:00,2025-11-19 09:04:00,출발,I
에어프레미아,HKG,YP801,P01,43,K01-K10,Master,YP801,2025-11-19 09:05:00,2025-11-19 09:06:00,출발,I
아시아나항공,PVG,OZ361,P01,7,A03-C35,Master,OZ361,2025-11-19 09:05:00,2025-11-19 09:09:00,출발,I
길상항공,PVG,HO3105,P01,7,A03-C35,Slave,OZ361,2025-11-19 09:05:00,2025-11-19 09:09:00,출발,I
제주항공,KIX,7C1303,P02,118,L13-L36,Master,7C1303,2025-11-19 09:10:00,2025-11-19 09:07:00,출발,I
한 에어,KIX,H19812,P02,118,L13-L36,Slave,7C1303,2025-11-19 09:10:00,2025-11-19 09:07:00,출발,I
이스타항공,CTS,ZE625,P02,119,H24-J25,Master,ZE625,2025-11-19 09:10:00,2025-11-19 09:14:00,출발,I
아시아나항공,HAN,OZ729,P01,22,A03-C35,Master,OZ729,2025-11-19 09:10:00,2025-11-19 09:15:00,출발,I
대한항공,BOS,KE091,P03,254,A B C D,Master,KE091,2025-11-19 09:10:00,2025-11-19 09:23:00,출발,I
델타항공,BOS,DL7839,P03,254,A B C D,Slave,KE091,2025-11-19 09:10:00,2025-11-19 09:23:00,출발,I
에어서울,FUK,RS723,P03,276,E01-E10,Master,RS723,2025-11-19 08:10:00,2025-11-19 09:19:00,출발,I
에어부산,KIX,BX172,P03,279,E11-E20,Master,BX172,2025-11-19 09:10:00,2025-11-19 09:09:00,출발,I
아시아나항공,JFK,OZ222,P01,15,A03-C35,Master,OZ222,2025-11-19 09:00:00,2025-11-19 09:20:00,출발,I
코파항공,JFK,CM8004,P01,15,A03-C35,Slave,OZ222,2025-11-19 09:00:00,2025-11-19 09:20:00,출발,I
싱가포르항공,JFK,SQ5722,P01,15,A03-C35,Slave,OZ222,2025-11-19 09:00:00,2025-11-19 09:20:00,출발,I
타이항공,JFK,TG6745,P01,15,A03-C35,Slave,OZ222,2025-11-19 09:00:00,2025-11-19 09:20:00,출발,I
유나이티드항공,JFK,UA7293,P01,15,A03-C35,Slave,OZ222,2025-11-19 09:00:00,2025-11-19 09:20:00,출발,I
대한항공,XIY,KE811,P03,236,A B C D,Master,KE811,2025-11-19 09:15:00,2025-11-19 09:18:00,출발,I
중국동방항공,XIY,MU8946,P03,236,A B C D,Slave,KE811,2025-11-19 09:15:00,2025-11-19 09:18:00,출발,I
대한항공,WUH,KE165,P03,249,A B C D,Master,KE165,2025-11-19 09:15:00,2025-11-19 09:16:00,출발,I
중국동방항공,WUH,MU8950,P03,249,A B C D,Slave,KE165,2025-11-19 09:15:00,2025-11-19 09:16:00,출발,I
대한항공,GUM,KE415,P03,266,A B C D,Master,KE415,2025-11-19 09:15:00,2025-11-19 09:20:00,출발,I
델타항공,GUM,DL7827,P03,266,A B C D,Slave,KE415,2025-11-19 09:15:00,2025-11-19 09:20:00,출발,I
대한항공,BKK,KE657,P03,268,A B C D,Master,KE657,2025-11-19 09:15:00,2025-11-19 09:29:00,출발,I
델타항공,BKK,DL7894,P03,268,A B C D,Slave,KE657,2025-11-19 09:15:00,2025-11-19 09:29:00,출발,I
하와이안 항공,BKK,HA6009,P03,268,A B C D,Slave,KE657,2025-11-19 09:15:00,2025-11-19 09:29:00,출발,I
티웨이항공,KLO,TW125,P02,127,F19-F36,Master,TW125,2025-11-19 09:20:00,2025-11-19 09:25:00,출발,I
대한항공,HGH,KE107,P03,222,A B C D,Master,KE107,2025-11-19 09:20:00,2025-11-19 09:31:00,출발,I
샤먼항공,HGH,MF9598,P03,222,A B C D,Slave,KE107,2025-11-19 09:20:00,2025-11-19 09:31:00,출발,I
중국동방항공,HGH,MU8960,P03,222,A B C D,Slave,KE107,2025-11-19 09:20:00,2025-11-19 09:31:00,출발,I
에어서울,NRT,RS701,P03,278,E01-E10,Master,RS701,2025-11-19 09:20:00,2025-11-19 09:30:00,출발,I
중국남방항공,PKX,CZ316,P02,123,E19-E36,Master,CZ316,2025-11-19 09:25:00,2025-11-19 09:26:00,출발,I
대한항공,UBN,KE2041,P03,252,A B C D,Master,KE2041,2025-11-19 07:45:00,2025-11-19 09:30:00,출발,I
델타항공,UBN,DL7885,P03,252,A B C D,Slave,KE2041,2025-11-19 07:45:00,2025-11-19 09:30:00,출발,I
몽골항공,UBN,OM5302,P03,252,A B C D,Slave,KE2041,2025-11-19 07:45:00,2025-11-19 09:30:00,출발,I
아시아나항공,DLC,OZ301,P01,10,A03-C35,Master,OZ301,2025-11-19 09:35:00,2025-11-19 09:40:00,출발,I
중국국제항공,DLC,CA5012,P01,10,A03-C35,Slave,OZ301,2025-11-19 09:35:00,2025-11-19 09:40:00,출발,I
아시아나항공,SDJ,OZ152,P01,14,A03-C35,Master,OZ152,2025-11-19 09:35:00,2025-11-19 09:33:00,출발,I
전일본공수,SDJ,NH6982,P01,14,A03-C35,Slave,OZ152,2025-11-19 09:35:00,2025-11-19 09:33:00,출발,I
델타항공,DTW,DL158,P03,253,K21-K30,Master,DL158,2025-11-19 09:35:00,2025-11-19 09:39:00,출발,I
대한항공,DTW,KE7273,P03,253,K21-K30,Slave,DL158,2025-11-19 09:35:00,2025-11-19 09:39:00,출발,I
타이항공,BKK,TG659,P01,35,M05-M17,Master,TG659,2025-11-19 09:35:00,2025-11-19 09:39:00,출발,I
제주항공,NGO,7C1201,P02,105,L13-L36,Master,7C1201,2025-11-19 09:40:00,2025-11-19 09:39:00,출발,I
한 에어,NGO,H19790,P02,105,L13-L36,Slave,7C1201,2025-11-19 09:40:00,2025-11-19 09:39:00,출발,I
아시아나항공,KMI,OZ158,P01,18,A03-C35,Master,OZ158,2025-11-19 09:40:00,2025-11-19 09:44:00,출발,I
전일본공수,KMI,NH6944,P01,18,A03-C35,Slave,OZ158,2025-11-19 09:40:00,2025-11-19 09:44:00,출발,I
에어캐나다,KMI,AC6986,P01,18,A03-C35,Slave,OZ158,2025-11-19 09:40:00,2025-11-19 09:44:00,출발,I
에티하드 항공,KMI,EY8469,P01,18,A03-C35,Slave,OZ158,2025-11-19 09:40:00,2025-11-19 09:44:00,출발,I
진에어,TPE,LJ731,P03,251,G17-H40,Master,LJ731,2025-11-19 09:40:00,2025-11-19 09:50:00,출발,I
대한항공,TPE,KE5755,P03,251,G17-H40,Slave,LJ731,2025-11-19 09:40:00,2025-11-19 09:50:00,출발,I
진에어,GUM,LJ913,P03,260,G17-H40,Master,LJ913,2025-11-19 09:40:00,2025-11-19 09:41:00,출발,I
대한항공,GUM,KE5775,P03,260,G17-H40,Slave,LJ913,2025-11-19 09:40:00,2025-11-19 09:41:00,출발,I
대한항공,PUS,KE1403,P03,264,-,Master,KE1403,2025-11-19 09:40:00,2025-11-19 09:40:00,출발,D
에어 프랑스,PUS,AF5391,P03,264,-,Slave,KE1403,2025-11-19 09:40:00,2025-11-19 09:40:00,출발,D
델타항공,PUS,DL7923,P03,264,-,Slave,KE1403,2025-11-19 09:40:00,2025-11-19 09:40:00,출발,D
델타항공,PUS,DL7931,P03,264,-,Slave,KE1403,2025-11-19 09:40:00,2025-11-19 09:40:00,출발,D
가루다인도네시아,PUS,GA9989,P03,264,-,Slave,KE1403,2025-11-19 09:40:00,2025-11-19 09:40:00,출발,D
파라타항공,NRT,WE501,P01,48,J26-J36,Master,WE501,2025-11-19 09:40:00,2025-11-19 09:37:00,출발,I
대한항공,ATL,KE035,P03,247,A B C D,Master,KE035,2025-11-19 09:45:00,2025-11-19 09:47:00,출발,I
델타항공,ATL,DL7851,P03,247,A B C D,Slave,KE035,2025-11-19 09:45:00,2025-11-19 09:47:00,출발,I
티웨이항공,SHE,TW613,P02,125,F19-F36,Master,TW613,2025-11-19 09:50:00,2025-11-19 09:48:00,출발,I
제주항공,HKG,7C6021,P01,34,L13-L36,Master,7C6021,2025-11-19 09:50:00,2025-11-19 09:44:00,출발,I
한 에어,HKG,H19990,P01,34,L13-L36,Slave,7C6021,2025-11-19 09:50:00,2025-11-19 09:44:00,출발,I
이스타항공,KIX,ZE615,P02,131,H24-J25,Master,ZE615,2025-11-19 09:55:00,2025-11-19 09:55:00,출발,I
대한항공,NRT,KE703,P03,258,A B C D,Master,KE703,2025-11-19 09:55:00,2025-11-19 09:55:00,출발,I
아에로멕시코,NRT,AM6750,P03,258,A B C D,Slave,KE703,2025-11-19 09:55:00,2025-11-19 09:55:00,출발,I
델타항공,NRT,DL7779,P03,258,A B C D,Slave,KE703,2025-11-19 09:55:00,2025-11-19 09:55:00,출발,I
일본항공,NRT,JL5202,P03,258,A B C D,Slave,KE703,2025-11-19 09:55:00,2025-11-19 09:55:00,출발,I
에어 타히티 누이,NRT,TN1577,P03,258,A B C D,Slave,KE703,2025-11-19 09:55:00,2025-11-19 09:55:00,출발,I
아시아나항공,SZX,OZ371,P01,8,A03-C35,Master,OZ371,2025-11-19 09:55:00,2025-11-19 09:58:00,출발,I
심천항공,SZX,ZH3302,P01,8,A03-C35,Slave,OZ371,2025-11-19 09:55:00,2025-11-19 09:58:00,출발,I
대한항공,JFK,KE081,P03,232,A B C D,Master,KE081,2025-11-19 10:00:00,2025-11-19 10:16:00,출발,I
델타항공,JFK,DL7841,P03,232,A B C D,Slave,KE081,2025-11-19 10:00:00,2025-11-19 10:16:00,출발,I
우즈베키스탄항공,TAS,HY512,P01,27,K11-K18,Master,HY512,2025-11-19 10:00:00,2025-11-19 13:09:00,출발,I
대한항공,TAS,KE5941,P01,27,K11-K18,Slave,HY512,2025-11-19 10:00:00,2025-11-19 13:09:00,출발,I
아시아나항공,TAS,OZ9241,P01,27,K11-K18,Slave,HY512,2025-11-19 10:00:00,2025-11-19 13:09:00,출발,I
대한항공,XMN,KE125,P03,219,A B C D,Master,KE125,2025-11-19 10:05:00,2025-11-19 10:02:00,출발,I
샤먼항공,XMN,MF9018,P03,219,A B C D,Slave,KE125,2025-11-19 10:05:00,2025-11-19 10:02:00,출발,I
대한항공,CTS,KE765,P03,224,A B C D,Master,KE765,2025-11-19 10:05:00,2025-11-19 10:09:00,출발,I
델타항공,CTS,DL7898,P03,224,A B C D,Slave,KE765,2025-11-19 10:05:00,2025-11-19 10:09:00,출발,I
일본항공,CTS,JL5208,P03,224,A B C D,Slave,KE765,2025-11-19 10:05:00,2025-11-19 10:09:00,출발,I
KLM네덜란드항공,CTS,KL4255,P03,224,A B C D,Slave,KE765,2025-11-19 10:05:00,2025-11-19 10:09:00,출발,I
버진 애트란틱항공,CTS,VS5511,P03,224,A B C D,Slave,KE765,2025-11-19 10:05:00,2025-11-19 10:09:00,출발,I
아시아나항공,CDG,OZ501,P01,23,A03-C35,Master,OZ501,2025-11-19 10:05:00,2025-11-19 10:05:00,출발,I
대한항공,YYZ,KE077,P03,233,A B C D,Master,KE077,2025-11-19 10:05:00,2025-11-19 10:03:00,출발,I
웨스트젯,YYZ,WS6063,P03,233,A B C D,Slave,KE077,2025-11-19 10:05:00,2025-11-19 10:03:00,출발,I
베트남항공,DAD,VN431,P02,109,D01-D17,Master,VN431,2025-11-19 10:10:00,2025-11-19 10:17:00,출발,I
티웨이항공,FUK,TW201,P01,21,F19-F36,Master,TW201,2025-11-19 10:10:00,2025-11-19 10:14:00,출발,I
진에어,OKA,LJ341,P03,281,G17-H40,Master,LJ341,2025-11-19 10:10:00,2025-11-19 10:18:00,출발,I
대한항공,OKA,KE5745,P03,281,G17-H40,Slave,LJ341,2025-11-19 10:10:00,2025-11-19 10:18:00,출발,I
제주항공,SPN,7C3211,P01,37,L13-L36,Master,7C3211,2025-11-19 10:10:00,2025-11-19 10:08:00,출발,I
캐세이퍼시픽항공,HKG,CX417,P01,50,J01-J08,Master,CX417,2025-11-19 10:00:00,2025-11-19 10:03:00,출발,I
콴타스항공,HKG,QF8228,P01,50,J01-J08,Slave,CX417,2025-11-19 10:00:00,2025-11-19 10:03:00,출발,I
카타르항공,HKG,QR3488,P01,50,J01-J08,Slave,CX417,2025-11-19 10:00:00,2025-11-19 10:03:00,출발,I
대한항공,IAD,KE093,P03,231,A B C D,Master,KE093,2025-11-19 10:15:00,2025-11-19 10:26:00,출발,I
델타항공,IAD,DL7857,P03,231,A B C D,Slave,KE093,2025-11-19 10:15:00,2025-11-19 10:26:00,출발,I
대한항공,TSN,KE805,P03,234,A B C D,Master,KE805,2025-11-19 10:15:00,2025-11-19 10:17:00,출발,I
샤먼항공,TSN,MF9098,P03,234,A B C D,Slave,KE805,2025-11-19 10:15:00,2025-11-19 10:17:00,출발,I
제주항공,KIX,7C1315,P01,36,L13-L36,Master,7C1315,2025-11-19 10:15:00,2025-11-19 10:18:00,출발,I
한 에어,KIX,H19940,P01,36,L13-L36,Slave,7C1315,2025-11-19 10:15:00,2025-11-19 10:18:00,출발,I
티웨이항공,NRT,TW243,P02,115,F19-F36,Master,TW243,2025-11-19 10:20:00,2025-11-19 10:33:00,출발,I
티웨이항공,CTS,TW263,P02,126,F19-F36,Master,TW263,2025-11-19 10:20:00,2025-11-19 10:18:00,출발,I
대한항공,AOJ,KE2193,P03,220,A B C D,Master,KE2193,2025-11-19 10:20:00,2025-11-19 10:27:00,출발,I
델타항공,AOJ,DL7867,P03,220,A B C D,Slave,KE2193,2025-11-19 10:20:00,2025-11-19 10:27:00,출발,I
일본항공,AOJ,JL5164,P03,220,A B C D,Slave,KE2193,2025-11-19 10:20:00,2025-11-19 10:27:00,출발,I
진에어,NRT,LJ205,P03,248,G17-H40,Master,LJ205,2025-11-19 10:20:00,2025-11-19 10:26:00,출발,I
대한항공,DFW,KE031,P03,267,A B C D,Master,KE031,2025-11-19 10:20:00,2025-11-19 10:22:00,출발,I
델타항공,DFW,DL7869,P03,267,A B C D,Slave,KE031,2025-11-19 10:20:00,2025-11-19 10:22:00,출발,I
제주항공,DAD,7C2211,P01,11,L13-L36,Master,7C2211,2025-11-19 10:25:00,2025-11-19 10:28:00,출발,I
한 에어,DAD,H19837,P01,11,L13-L36,Slave,7C2211,2025-11-19 10:25:00,2025-11-19 10:28:00,출발,I
제주항공,WEH,7C8501,P02,110,L13-L36,Master,7C8501,2025-11-19 10:30:00,2025-11-19 10:32:00,출발,I
한 에어,WEH,H19899,P02,110,L13-L36,Slave,7C8501,2025-11-19 10:30:00,2025-11-19 10:32:00,출발,I
제주항공,FUK,7C1403,P02,101,L13-L36,Master,7C1403,2025-11-19 10:35:00,2025-11-19 10:34:00,출발,I
한 에어,FUK,H19829,P02,101,L13-L36,Slave,7C1403,2025-11-19 10:35:00,2025-11-19 10:34:00,출발,I
베트남항공,SGN,VN409,P02,102,D01-D17,Master,VN409,2025-11-19 10:35:00,2025-11-19 10:47:00,출발,I
피치항공,KIX,MM714,P02,106,K19-K23,Master,MM714,2025-11-19 10:35:00,2025-11-19 10:36:00,출발,I
베트남항공,HAN,VN417,P02,111,D01-D17,Master,VN417,2025-11-19 10:35:00,2025-11-19 10:28:00,출발,I
대한항공,NGO,KE741,P03,235,A B C D,Master,KE741,2025-11-19 10:35:00,2025-11-19 10:43:00,출발,I
일본항공,NGO,JL5216,P03,235,A B C D,Slave,KE741,2025-11-19 10:35:00,2025-11-19 10:43:00,출발,I
KLM네덜란드항공,NGO,KL4251,P03,235,A B C D,Slave,KE741,2025-11-19 10:35:00,2025-11-19 10:43:00,출발,I
몽골항공,NGO,OM6715,P03,235,A B C D,Slave,KE741,2025-11-19 10:35:00,2025-11-19 10:43:00,출발,I
델타항공,NGO,DL7791,P03,235,A B C D,Slave,KE741,2025-11-19 10:35:00,2025-11-19 10:43:00,출발,I
가루다인도네시아,CGK,GA879,P03,263,J31-J38,Master,GA879,2025-11-19 10:35:00,2025-11-19 10:24:00,출발,I
사우디아항공,CGK,SV6753,P03,263,J31-J38,Slave,GA879,2025-11-19 10:35:00,2025-11-19 10:24:00,출발,I
대한항공,CGK,KE5643,P03,263,J31-J38,Slave,GA879,2025-11-19 10:35:00,2025-11-19 10:24:00,출발,I
제주항공,NRT,7C1103,P01,27,L13-L36,Master,7C1103,2025-11-19 10:35:00,2025-11-19 10:59:00,출발,I
한 에어,NRT,H19802,P01,27,L13-L36,Slave,7C1103,2025-11-19 10:35:00,2025-11-19 10:59:00,출발,I
제주항공,TPE,7C6101,P02,112,L13-L36,Master,7C6101,2025-11-19 10:40:00,2025-11-19 10:53:00,출발,I
한 에어,TPE,H19972,P02,112,L13-L36,Slave,7C6101,2025-11-19 10:40:00,2025-11-19 10:53:00,출발,I
대한항공,ORD,KE037,P03,242,A B C D,Master,KE037,2025-11-19 10:40:00,2025-11-19 10:46:00,출발,I
델타항공,ORD,DL7863,P03,242,A B C D,Slave,KE037,2025-11-19 10:40:00,2025-11-19 10:46:00,출발,I
대한항공,MFM,KE2015,P03,245,A B C D,Master,KE2015,2025-11-19 10:40:00,2025-11-19 10:37:00,출발,I
델타항공,MFM,DL7903,P03,245,A B C D,Slave,KE2015,2025-11-19 10:40:00,2025-11-19 10:37:00,출발,I
대한항공,NKG,KE101,P03,255,A B C D,Master,KE101,2025-11-19 10:40:00,2025-11-19 10:42:00,출발,I
중국동방항공,NKG,MU8956,P03,255,A B C D,Slave,KE101,2025-11-19 10:40:00,2025-11-19 10:42:00,출발,I
대한항공,LHR,KE907,P03,265,A B C D,Master,KE907,2025-11-19 10:40:00,2025-11-19 10:44:00,출발,I
버진 애트란틱항공,LHR,VS5501,P03,265,A B C D,Slave,KE907,2025-11-19 10:40:00,2025-11-19 10:44:00,출발,I
라오항공,VTE,QV924,P01,42,J31-J34,Master,QV924,2025-11-19 10:50:00,2025-11-19 10:46:00,출발,I
터키항공,IST,TK021,P01,41,D26-D36,Master,TK021,2025-11-19 10:45:00,2025-11-19 11:53:00,출발,I
아시아나항공,IST,OZ6933,P01,41,D26-D36,Slave,TK021,2025-11-19 10:45:00,2025-11-19 11:53:00,출발,I
비엣젯항공,SGN,VJ863,P02,128,E07-E18,Master,VJ863,2025-11-19 10:50:00,2025-11-19 11:12:00,출발,I
대한항공,FUK,KE791,P03,241,A B C D,Master,KE791,2025-11-19 10:50:00,2025-11-19 10:59:00,출발,I
델타항공,FUK,DL7801,P03,241,A B C D,Slave,KE791,2025-11-19 10:50:00,2025-11-19 10:59:00,출발,I
일본항공,FUK,JL5272,P03,241,A B C D,Slave,KE791,2025-11-19 10:50:00,2025-11-19 10:59:00,출발,I
KLM네덜란드항공,FUK,KL3394,P03,241,A B C D,Slave,KE791,2025-11-19 10:50:00,2025-11-19 10:59:00,출발,I
대한항공,PRG,KE969,P03,257,A B C D,Master,KE969,2025-11-19 10:50:00,2025-11-19 10:51:00,출발,I
타이항공,BKK,TG657,P01,30,M05-M17,Master,TG657,2025-11-19 10:50:00,2025-11-19 10:48:00,출발,I
아시아나항공,PVG,OZ363,P01,9,A03-C35,Master,OZ363,2025-11-19 10:50:00,2025-11-19 10:54:00,출발,I
길상항공,PVG,HO3111,P01,9,A03-C35,Slave,OZ363,2025-11-19 10:50:00,2025-11-19 10:54:00,출발,I
중국남방항공,CAN,CZ340,P02,121,E19-E36,Master,CZ340,2025-11-19 10:55:00,2025-11-19 10:47:00,출발,I
사천항공,CAN,3U7034,P02,121,E19-E36,Slave,CZ340,2025-11-19 10:55:00,2025-11-19 10:47:00,출발,I
제주항공,MFM,7C6001,P02,124,L13-L36,Master,7C6001,2025-11-19 11:00:00,2025-11-19 11:00:00,출발,I
한 에어,MFM,H19960,P02,124,L13-L36,Slave,7C6001,2025-11-19 11:00:00,2025-11-19 11:00:00,출발,I
티웨이항공,FCO,TW405,P01,26,F19-F36,Master,TW405,2025-11-19 11:00:00,2025-11-19 11:01:00,출발,I
비엣젯항공,HAN,VJ961,P02,117,E07-E18,Master,VJ961,2025-11-19 11:05:00,2025-11-19 11:05:00,출발,I
대한항공,KIX,KE727,P03,280,A B C D,Master,KE727,2025-11-19 11:05:00,2025-11-19 11:11:00,출발,I
델타항공,KIX,DL7789,P03,280,A B C D,Slave,KE727,2025-11-19 11:05:00,2025-11-19 11:11:00,출발,I
일본항공,KIX,JL5270,P03,280,A B C D,Slave,KE727,2025-11-19 11:05:00,2025-11-19 11:11:00,출발,I
제주항공,OIT,7C1811,P01,38,L13-L36,Master,7C1811,2025-11-19 11:05:00,2025-11-19 11:03:00,출발,I
한 에어,OIT,H19772,P01,38,L13-L36,Slave,7C1811,2025-11-19 11:05:00,2025-11-19 11:03:00,출발,I
말레이시아 항공,KUL,MH067,P01,49,M19-M25,Master,MH067,2025-11-19 11:05:00,2025-11-19 11:03:00,출발,I
대한항공,KUL,KE5671,P01,49,M19-M25,Slave,MH067,2025-11-19 11:05:00,2025-11-19 11:03:00,출발,I
카타르항공,KUL,QR5459,P01,49,M19-M25,Slave,MH067,2025-11-19 11:05:00,2025-11-19 11:03:00,출발,I
스리랑카항공,KUL,UL2767,P01,49,M19-M25,Slave,MH067,2025-11-19 11:05:00,2025-11-19 11:03:00,출발,I
대한항공,PEK,KE855,P03,243,A B C D,Master,KE855,2025-11-19 11:10:00,2025-11-19 11:10:00,출발,I
샤먼항공,PEK,MF9094,P03,243,A B C D,Slave,KE855,2025-11-19 11:10:00,2025-11-19 11:10:00,출발,I
대한항공,PVG,KE887,P03,246,A B C D,Master,KE887,2025-11-19 11:10:00,2025-11-19 11:14:00,출발,I
중국동방항공,PVG,MU8934,P03,246,A B C D,Slave,KE887,2025-11-19 11:10:00,2025-11-19 11:14:00,출발,I
상하이항공,PVG,FM8756,P03,246,A B C D,Slave,KE887,2025-11-19 11:10:00,2025-11-19 11:14:00,출발,I
샤먼항공,PVG,MF9090,P03,246,A B C D,Slave,KE887,2025-11-19 11:10:00,2025-11-19 11:14:00,출발,I
대한항공,DAD,KE457,P03,249,A B C D,Master,KE457,2025-11-19 11:10:00,2025-11-19 11:13:00,출발,I
베트남항공,DAD,VN3443,P03,249,A B C D,Slave,KE457,2025-11-19 11:10:00,2025-11-19 11:13:00,출발,I
델타항공,DAD,DL7809,P03,249,A B C D,Slave,KE457,2025-11-19 11:10:00,2025-11-19 11:13:00,출발,I
중국국제항공,PEK,CA710,P01,32,M26-M36,Master,CA710,2025-11-19 11:10:00,2025-11-19 11:11:00,출발,I
아시아나항공,PEK,OZ6805,P01,32,M26-M36,Slave,CA710,2025-11-19 11:10:00,2025-11-19 11:11:00,출발,I
에어부산,FUK,BX158,P03,278,E11-E20,Master,BX158,2025-11-19 11:15:00,2025-11-19 11:11:00,출발,I
아시아나항공,FUK,OZ9578,P03,278,E11-E20,Slave,BX158,2025-11-19 11:15:00,2025-11-19 11:11:00,출발,I
스카이 앙코르 항공,KTI,ZA216,P02,113,H19-H23,Master,ZA216,2025-11-19 11:20:00,2025-11-19 11:30:00,출발,I
타이에어아시아엑스,DMK,XJ701,P02,122,J09-J16,Master,XJ701,2025-11-19 11:20:00,2025-11-19 11:15:00,출발,I
중국남방항공,DLC,CZ686,P02,130,E19-E36,Master,CZ686,2025-11-19 11:20:00,2025-11-19 11:31:00,출발,I
대한항공,FRA,KE945,P03,268,A B C D,Master,KE945,2025-11-19 11:25:00,2025-11-19 11:33:00,출발,I
제주항공,JMU,7C8901,P01,16,L13-L36,Master,7C8901,2025-11-19 11:30:00,2025-11-19 11:31:00,출발,I
한 에어,JMU,H19903,P01,16,L13-L36,Slave,7C8901,2025-11-19 11:30:00,2025-11-19 11:31:00,출발,I
티웨이항공,BCN,TW407,P01,22,F19-F36,Master,TW407,2025-11-19 11:30:00,2025-11-19 11:37:00,출발,I
로얄브루나이항공,BWN,BI652,P01,47,F09-F12,Master,BI652,2025-11-19 11:35:00,2025-11-19 11:31:00,출발,I
에바항공,TPE,BR169,P01,35,D19-D27,Master,BR169,2025-11-19 11:40:00,2025-11-19 12:22:00,출발,I
에어 뉴질랜드,TPE,NZ4929,P01,35,D19-D27,Slave,BR169,2025-11-19 11:40:00,2025-11-19 12:22:00,출발,I
타이항공,TPE,TG6397,P01,35,D19-D27,Slave,BR169,2025-11-19 11:40:00,2025-11-19 12:22:00,출발,I
유니항공,TPE,B77027,P01,35,D19-D27,Slave,BR169,2025-11-19 11:40:00,2025-11-19 12:22:00,출발,I
아시아나항공,TPE,OZ6873,P01,35,D19-D27,Slave,BR169,2025-11-19 11:40:00,2025-11-19 12:22:00,출발,I
에어캐나다,TPE,AC6539,P01,35,D19-D27,Slave,BR169,2025-11-19 11:40:00,2025-11-19 12:22:00,출발,I
에어 아스타나,ALA,KC910,P01,45,N01-N06,Master,KC910,2025-11-19 11:40:00,2025-11-19 12:01:00,출발,I
아시아나항공,ALA,OZ6961,P01,45,N01-N06,Slave,KC910,2025-11-19 11:40:00,2025-11-19 12:01:00,출발,I
캐세이퍼시픽항공,ALA,CX6227,P01,45,N01-N06,Slave,KC910,2025-11-19 11:40:00,2025-11-19 12:01:00,출발,I
이스타항공,OKA,ZE631,P02,105,H24-J25,Master,ZE631,2025-11-19 11:25:00,2025-11-19 11:55:00,출발,I
중국동방항공,WUX,MU2990,P02,118,H01-H18,Master,MU2990,2025-11-19 11:45:00,2025-11-19 11:46:00,출발,I
산동항공,TNA,SC8002,P01,28,N07-N15,Master,SC8002,2025-11-19 11:45:00,2025-11-19 11:41:00,출발,I
아시아나항공,TNA,OZ6701,P01,28,N07-N15,Slave,SC8002,2025-11-19 11:45:00,2025-11-19 11:41:00,출발,I
중국국제항공,TNA,CA8874,P01,28,N07-N15,Slave,SC8002,2025-11-19 11:45:00,2025-11-19 11:41:00,출발,I
에바항공,KHH,BR139,P01,37,F13-F17,Master,BR139,2025-11-19 11:45:00,2025-11-19 11:42:00,출발,I
에어캐나다,KHH,AC6540,P01,37,F13-F17,Slave,BR139,2025-11-19 11:45:00,2025-11-19 11:42:00,출발,I
아시아나항공,KHH,OZ6877,P01,37,F13-F17,Slave,BR139,2025-11-19 11:45:00,2025-11-19 11:42:00,출발,I
스쿠트 항공,SIN,TR843,P02,108,K03-K28,Master,TR843,2025-11-19 11:35:00,2025-11-19 11:58:00,출발,I
티웨이항공,OKA,TW281,P02,119,F19-F36,Master,TW281,2025-11-19 11:50:00,2025-11-19 11:50:00,출발,I
에어로케이항공,IBR,RF388,P02,125,K24-K27,Master,RF388,2025-11-19 11:50:00,2025-11-19 11:50:00,출발,I
중국동방항공,YNT,MU550,P02,132,H01-H18,Master,MU550,2025-11-19 11:55:00,2025-11-19 12:09:00,출발,I
대한항공,YNT,KE5847,P02,132,H01-H18,Slave,MU550,2025-11-19 11:55:00,2025-11-19 12:09:00,출발,I
대한항공,VIE,KE937,P03,236,A B C D,Master,KE937,2025-11-19 11:55:00,2025-11-19 12:12:00,출발,I
중국동방항공,TAO,MU2040,P02,127,H01-H18,Master,MU2040,2025-11-19 12:00:00,2025-11-19 12:18:00,출발,I
상하이항공,TAO,FM3078,P02,127,H01-H18,Slave,MU2040,2025-11-19 12:00:00,2025-11-19 12:18:00,출발,I
대한항공,TAO,KE5853,P02,127,H01-H18,Slave,MU2040,2025-11-19 12:00:00,2025-11-19 12:18:00,출발,I
진에어,FUK,LJ263,P03,250,G17-H40,Master,LJ263,2025-11-19 12:00:00,2025-11-19 12:09:00,출발,I
대한항공,FUK,KE5075,P03,250,G17-H40,Slave,LJ263,2025-11-19 12:00:00,2025-11-19 12:09:00,출발,I
중화항공,KHH,CI165,P03,264,J01-J09,Master,CI165,2025-11-19 12:00:00,2025-11-19 12:06:00,출발,I
대한항공,KHH,KE5699,P03,264,J01-J09,Slave,CI165,2025-11-19 12:00:00,2025-11-19 12:06:00,출발,I
대한항공,CDG,KE901,P03,222,A B C D,Master,KE901,2025-11-19 12:05:00,2025-11-19 12:20:00,출발,I
에어 프랑스,CDG,AF5093,P03,222,A B C D,Slave,KE901,2025-11-19 12:05:00,2025-11-19 12:20:00,출발,I
타이비엣젯항공,BKK,VZ851,P02,104,D01-D05,Master,VZ851,2025-11-19 12:10:00,2025-11-19 12:13:00,출발,I
티웨이항공,KIX,TW303,P02,123,F19-F36,Master,TW303,2025-11-19 12:10:00,2025-11-19 12:13:00,출발,I
중국동방항공,NKG,MU580,P02,126,H01-H18,Master,MU580,2025-11-19 12:15:00,2025-11-19 12:30:00,출발,I
대한항공,NKG,KE5859,P02,126,H01-H18,Slave,MU580,2025-11-19 12:15:00,2025-11-19 12:30:00,출발,I
중국남방항공,PVG,CZ314,P02,131,E19-E36,Master,CZ314,2025-11-19 12:15:00,2025-11-19 12:22:00,출발,I
스리랑카항공,CMB,UL471,P01,43,M01-M08,Master,UL471,2025-11-19 12:15:00,2025-11-19 12:35:00,출발,I
대한항공,CMB,KE5471,P01,43,M01-M08,Slave,UL471,2025-11-19 12:15:00,2025-11-19 12:35:00,출발,I
중국동방항공,HGH,MU5072,P02,129,H01-H18,Master,MU5072,2025-11-19 12:20:00,2025-11-19 12:30:00,출발,I
대한항공,HGH,KE5877,P02,129,H01-H18,Slave,MU5072,2025-11-19 12:20:00,2025-11-19 12:30:00,출발,I
아시아나항공,HRB,OZ339,P01,17,A03-C34,Master,OZ339,2025-11-19 12:20:00,2025-11-19 12:32:00,출발,I
산동항공,TAO,SC4610,P01,34,N07-N15,Master,SC4610,2025-11-19 12:20:00,2025-11-19 12:31:00,출발,I
중국국제항공,TAO,CA8888,P01,34,N07-N15,Slave,SC4610,2025-11-19 12:20:00,2025-11-19 12:31:00,출발,I
아시아나항공,TAO,OZ6709,P01,34,N07-N15,Slave,SC4610,2025-11-19 12:20:00,2025-11-19 12:31:00,출발,I
홍콩익스프레스,HKG,UO619,P02,111,K29-K34,Master,UO619,2025-11-19 12:25:00,2025-11-19 12:30:00,출발,I
캐세이퍼시픽항공,HKG,CX5619,P02,111,K29-K34,Slave,UO619,2025-11-19 12:25:00,2025-11-19 12:30:00,출발,I
아시아나항공,LHR,OZ521,P01,12,A03-C34,Master,OZ521,2025-11-19 12:25:00,2025-11-19 12:38:00,출발,I
대한항공,MXP,KE927,P03,275,A B C D,Master,KE927,2025-11-19 12:25:00,2025-11-19 12:32:00,출발,I
ITA항공,MXP,AZ7685,P03,275,A B C D,Slave,KE927,2025-11-19 12:25:00,2025-11-19 12:32:00,출발,I
아시아나항공,NKG,OZ349,P01,10,A03-C34,Master,OZ349,2025-11-19 12:30:00,2025-11-19 12:41:00,출발,I
길상항공,NKG,HO3103,P01,10,A03-C34,Slave,OZ349,2025-11-19 12:30:00,2025-11-19 12:41:00,출발,I
심천항공,NKG,ZH3294,P01,10,A03-C34,Slave,OZ349,2025-11-19 12:30:00,2025-11-19 12:41:00,출발,I
아시아나항공,HGH,OZ359,P01,24,A03-C34,Master,OZ359,2025-11-19 12:30:00,2025-11-19 12:33:00,출발,I
중국국제항공,HGH,CA5018,P01,24,A03-C34,Slave,OZ359,2025-11-19 12:30:00,2025-11-19 12:33:00,출발,I
길상항공,HGH,HO3101,P01,24,A03-C34,Slave,OZ359,2025-11-19 12:30:00,2025-11-19 12:33:00,출발,I
중화항공,TPE,CI161,P03,276,J10-J19,Master,CI161,2025-11-19 12:30:00,2025-11-19 12:54:00,출발,I
하와이안 항공,TPE,HA2571,P03,276,J10-J19,Slave,CI161,2025-11-19 12:30:00,2025-11-19 12:54:00,출발,I
대한항공,TPE,KE5691,P03,276,J10-J19,Slave,CI161,2025-11-19 12:30:00,2025-11-19 12:54:00,출발,I
에어 프랑스,TPE,AF4160,P03,276,J10-J19,Slave,CI161,2025-11-19 12:30:00,2025-11-19 12:54:00,출발,I
델타항공,TPE,DL7718,P03,276,J10-J19,Slave,CI161,2025-11-19 12:30:00,2025-11-19 12:54:00,출발,I
싱가포르항공,SIN,SQ611,P01,46,F01-F08,Master,SQ611,2025-11-19 12:35:00,2025-11-19 12:49:00,출발,I
에어인디아 리미티드,SIN,AI8173,P01,46,F01-F08,Slave,SQ611,2025-11-19 12:35:00,2025-11-19 12:49:00,출발,I
아시아나항공,SIN,OZ6725,P01,46,F01-F08,Slave,SQ611,2025-11-19 12:35:00,2025-11-19 12:49:00,출발,I
버진 오스트레일리아,SIN,VA5681,P01,46,F01-F08,Slave,SQ611,2025-11-19 12:35:00,2025-11-19 12:49:00,출발,I
제주항공,KOJ,7C1823,P02,115,L13-L36,Master,7C1823,2025-11-19 12:40:00,2025-11-19 12:40:00,출발,I
한 에어,KOJ,H19895,P02,115,L13-L36,Slave,7C1823,2025-11-19 12:40:00,2025-11-19 12:40:00,출발,I
에어 프랑스,CDG,AF267,P03,253,L22-M05,Master,AF267,2025-11-19 12:40:00,2025-11-19 12:44:00,출발,I
KLM네덜란드항공,CDG,KL2345,P03,253,L22-M05,Slave,AF267,2025-11-19 12:40:00,2025-11-19 12:44:00,출발,I
대한항공,CDG,KE5901,P03,253,L22-M05,Slave,AF267,2025-11-19 12:40:00,2025-11-19 12:44:00,출발,I
에어부산,KIX,BX174,P03,277,E11-E20,Master,BX174,2025-11-19 12:40:00,2025-11-19 12:38:00,출발,I
아시아나항공,LAX,OZ202,P01,6,A03-C34,Master,OZ202,2025-11-19 12:40:00,2025-11-19 12:40:00,출발,I
코파항공,LAX,CM8000,P01,6,A03-C34,Slave,OZ202,2025-11-19 12:40:00,2025-11-19 12:40:00,출발,I
싱가포르항공,LAX,SQ5702,P01,6,A03-C34,Slave,OZ202,2025-11-19 12:40:00,2025-11-19 12:40:00,출발,I
타이항공,LAX,TG6737,P01,6,A03-C34,Slave,OZ202,2025-11-19 12:40:00,2025-11-19 12:40:00,출발,I
유나이티드항공,LAX,UA7285,P01,6,A03-C34,Slave,OZ202,2025-11-19 12:40:00,2025-11-19 12:40:00,출발,I
중국남방항공,SHE,CZ682,P02,128,E19-E36,Master,CZ682,2025-11-19 12:45:00,2025-11-19 12:55:00,출발,I
대한항공,DEL,KE497,P03,233,A B C D,Master,KE497,2025-11-19 12:45:00,2025-11-19 12:53:00,출발,I
델타항공,DEL,DL7817,P03,233,A B C D,Slave,KE497,2025-11-19 12:45:00,2025-11-19 12:53:00,출발,I
유나이티드항공,SFO,UA806,P01,33,E01-E08,Master,UA806,2025-11-19 12:45:00,2025-11-19 12:45:00,출발,I
아시아나항공,SFO,OZ6620,P01,33,E01-E08,Slave,UA806,2025-11-19 12:45:00,2025-11-19 12:45:00,출발,I
중국국제항공,TSN,CA172,P01,38,M19-M36,Master,CA172,2025-11-19 12:45:00,2025-11-19 12:56:00,출발,I
아시아나항공,TSN,OZ6811,P01,38,M19-M36,Slave,CA172,2025-11-19 12:45:00,2025-11-19 12:56:00,출발,I
대한항공,DLC,KE873,P03,254,A B C D,Master,KE873,2025-11-19 12:50:00,2025-11-19 12:59:00,출발,I
중국동방항공,DLC,MU8958,P03,254,A B C D,Slave,KE873,2025-11-19 12:50:00,2025-11-19 12:59:00,출발,I
아시아나항공,PEK,OZ333,P01,8,A03-C34,Master,OZ333,2025-11-19 12:50:00,2025-11-19 13:09:00,출발,I
중국국제항공,PEK,CA5004,P01,8,A03-C34,Slave,OZ333,2025-11-19 12:50:00,2025-11-19 13:09:00,출발,I
중국동방항공,PVG,MU5042,P02,121,H01-H18,Master,MU5042,2025-11-19 12:55:00,2025-11-19 13:36:00,출발,I
대한항공,PVG,KE5857,P02,121,H01-H18,Slave,MU5042,2025-11-19 12:55:00,2025-11-19 13:36:00,출발,I
상하이항공,PVG,FM3068,P02,121,H01-H18,Slave,MU5042,2025-11-19 12:55:00,2025-11-19 13:36:00,출발,I
대한항공,TAO,KE843,P03,266,A B C D,Master,KE843,2025-11-19 12:55:00,2025-11-19 13:10:00,출발,I
중국동방항공,TAO,MU8938,P03,266,A B C D,Slave,KE843,2025-11-19 12:55:00,2025-11-19 13:10:00,출발,I
필리핀에어아시아,MNL,Z2885,P02,112,K19-K22,Master,Z2885,2025-11-19 13:00:00,2025-11-19 12:52:00,출발,I
대한항공,LIS,KE921,P03,224,A B C D,Master,KE921,2025-11-19 13:00:00,2025-11-19 13:17:00,출발,I
대한항공,DXB,KE951,P03,256,A B C D,Master,KE951,2025-11-19 13:00:00,2025-11-19 13:24:00,출발,I
에미레이트항공,DXB,EK3483,P03,256,A B C D,Slave,KE951,2025-11-19 13:00:00,2025-11-19 13:24:00,출발,I
사우디아항공,DXB,SV6612,P03,256,A B C D,Slave,KE951,2025-11-19 13:00:00,2025-11-19 13:24:00,출발,I
제주항공,MYJ,7C1703,P02,101,L13-L36,Master,7C1703,2025-11-19 13:05:00,2025-11-19 13:04:00,출발,I
한 에어,MYJ,H19841,P02,101,L13-L36,Slave,7C1703,2025-11-19 13:05:00,2025-11-19 13:04:00,출발,I
집에어,NRT,ZG046,P02,109,M10-M16,Master,ZG046,2025-11-19 13:05:00,2025-11-19 13:03:00,출발,I
루프트한자 독일항공,FRA,LH713,P01,48,J26-J35,Master,LH713,2025-11-19 13:05:00,2025-11-19 13:22:00,출발,I
아시아나항공,CTS,OZ174,P01,11,A03-C34,Master,OZ174,2025-11-19 13:10:00,2025-11-19 13:06:00,출발,I
에티오피아항공,CTS,ET1294,P01,11,A03-C34,Slave,OZ174,2025-11-19 13:10:00,2025-11-19 13:06:00,출발,I
전일본공수,CTS,NH6998,P01,11,A03-C34,Slave,OZ174,2025-11-19 13:10:00,2025-11-19 13:06:00,출발,I
아시아나항공,FUK,OZ134,P01,23,A03-C34,Master,OZ134,2025-11-19 13:10:00,2025-11-19 13:13:00,출발,I
에티하드 항공,FUK,EY8467,P01,23,A03-C34,Slave,OZ134,2025-11-19 13:10:00,2025-11-19 13:13:00,출발,I
전일본공수,FUK,NH6960,P01,23,A03-C34,Slave,OZ134,2025-11-19 13:10:00,2025-11-19 13:13:00,출발,I
터키항공,FUK,TK8094,P01,23,A03-C34,Slave,OZ134,2025-11-19 13:10:00,2025-11-19 13:13:00,출발,I
에어캐나다,FUK,AC6998,P01,23,A03-C34,Slave,OZ134,2025-11-19 13:10:00,2025-11-19 13:13:00,출발,I
에티오피아항공,FUK,ET1444,P01,23,A03-C34,Slave,OZ134,2025-11-19 13:10:00,2025-11-19 13:13:00,출발,I
중국국제항공,PEK,CA124,P01,50,M19-M36,Master,CA124,2025-11-19 13:10:00,2025-11-19 13:38:00,출발,I
아시아나항공,PEK,OZ6807,P01,50,M19-M36,Slave,CA124,2025-11-19 13:10:00,2025-11-19 13:38:00,출발,I
산동항공,PEK,SC124,P01,50,M19-M36,Slave,CA124,2025-11-19 13:10:00,2025-11-19 13:38:00,출발,I
제주항공,OKA,7C1801,P01,20,L13-L36,Master,7C1801,2025-11-19 13:20:00,2025-11-19 13:28:00,출발,I
한 에어,OKA,H19843,P01,20,L13-L36,Slave,7C1801,2025-11-19 13:20:00,2025-11-19 13:28:00,출발,I
샤먼항공,XMN,MF872,P03,251,J22-J27,Master,MF872,2025-11-19 13:20:00,2025-11-19 13:16:00,출발,I
에어서울,YGJ,RS745,P03,279,E01-E10,Master,RS745,2025-11-19 13:20:00,2025-11-19 13:23:00,출발,I
몽골항공,UBN,OM302,P01,30,K09-K16,Master,OM302,2025-11-19 13:20:00,2025-11-19 13:36:00,출발,I
에어프레미아,LAX,YP101,P01,31,K01-K08,Master,YP101,2025-11-19 13:20:00,2025-11-19 13:28:00,출발,I
티웨이항공,KHH,TW671,P02,124,F19-F36,Master,TW671,2025-11-19 13:25:00,2025-11-19 13:27:00,출발,I
대한항공,NRT,KE711,P03,265,A B C D,Master,KE711,2025-11-19 13:25:00,2025-11-19 13:25:00,출발,I
아에로멕시코,NRT,AM6705,P03,265,A B C D,Slave,KE711,2025-11-19 13:25:00,2025-11-19 13:25:00,출발,I
델타항공,NRT,DL7895,P03,265,A B C D,Slave,KE711,2025-11-19 13:25:00,2025-11-19 13:25:00,출발,I
일본항공,NRT,JL5250,P03,265,A B C D,Slave,KE711,2025-11-19 13:25:00,2025-11-19 13:25:00,출발,I
에어 타히티 누이,NRT,TN1575,P03,265,A B C D,Slave,KE711,2025-11-19 13:25:00,2025-11-19 13:25:00,출발,I
에어 프랑스,NRT,AF7904,P03,265,A B C D,Slave,KE711,2025-11-19 13:25:00,2025-11-19 13:25:00,출발,I
이스타항공,FUK,ZE647,P02,114,H24-J25,Master,ZE647,2025-11-19 12:40:00,2025-11-19 13:26:00,출발,I
아에로멕시코,MEX,AM091,P03,257,K12-K20,Master,AM091,2025-11-19 13:30:00,2025-11-19 13:34:00,출발,I
란항공,MEX,LA5113,P03,257,K12-K20,Slave,AM091,2025-11-19 13:30:00,2025-11-19 13:34:00,출발,I
루프트한자 독일항공,MUC,LH719,P01,39,J26-J35,Master,LH719,2025-11-19 13:30:00,2025-11-19 13:40:00,출발,I
중국국제항공,HGH,CA140,P01,36,M19-M36,Master,CA140,2025-11-19 13:35:00,2025-11-19 13:39:00,출발,I
아시아나항공,HGH,OZ6827,P01,36,M19-M36,Slave,CA140,2025-11-19 13:35:00,2025-11-19 13:39:00,출발,I
산동항공,HGH,SC126,P01,36,M19-M36,Slave,CA140,2025-11-19 13:35:00,2025-11-19 13:39:00,출발,I
제주항공,HIJ,7C1617,P02,102,L13-L36,Master,7C1617,2025-11-19 13:40:00,2025-11-19 13:39:00,출발,I
한 에어,HIJ,H19755,P02,102,L13-L36,Slave,7C1617,2025-11-19 13:40:00,2025-11-19 13:39:00,출발,I
베트남항공,SGN,VN5409,P02,103,E13-E17,Master,VN5409,2025-11-19 13:40:00,2025-11-19 14:01:00,출발,I
에어재팬,NRT,NQ122,P02,113,D28-D34,Master,NQ122,2025-11-19 13:40:00,2025-11-19 13:48:00,출발,I
아시아나항공,TPE,OZ713,P01,14,A03-C34,Master,OZ713,2025-11-19 13:40:00,2025-11-19 13:53:00,출발,I
에바항공,TPE,BR2149,P01,14,A03-C34,Slave,OZ713,2025-11-19 13:40:00,2025-11-19 13:53:00,출발,I
대한항공,HKG,KE2005,P03,255,A B C D,Master,KE2005,2025-11-19 13:45:00,2025-11-19 13:53:00,출발,I
델타항공,HKG,DL7909,P03,255,A B C D,Slave,KE2005,2025-11-19 13:45:00,2025-11-19 13:53:00,출발,I
에어서울,GUM,RS105,P03,281,E01-E10,Master,RS105,2025-11-19 13:05:00,2025-11-19 13:46:00,출발,I
캐세이퍼시픽항공,HKG,CX453,P01,42,J07-J16,Master,CX453,2025-11-19 13:45:00,2025-11-19 14:06:00,출발,I
아메리칸항공,HKG,AA8905,P01,42,J07-J16,Slave,CX453,2025-11-19 13:45:00,2025-11-19 14:06:00,출발,I
콴타스항공,HKG,QF8232,P01,42,J07-J16,Slave,CX453,2025-11-19 13:45:00,2025-11-19 14:06:00,출발,I
중국남방항공,SZX,CZ3090,P02,122,E19-E36,Master,CZ3090,2025-11-19 13:55:00,2025-11-19 14:13:00,출발,I
대한항공,IST,KE955,P03,267,A B C D,Master,KE955,2025-11-19 13:55:00,2025-11-19 13:50:00,출발,I
중국동방항공,WEH,MU2018,P02,132,H01-H18,Master,MU2018,2025-11-19 14:00:00,2025-11-19 13:55:00,출발,I
대한항공,WEH,KE5849,P02,132,H01-H18,Slave,MU2018,2025-11-19 14:00:00,2025-11-19 13:55:00,출발,I
진에어,FUK,LJ269,P03,264,G17-H40,Master,LJ269,2025-11-19 14:00:00,2025-11-19 14:04:00,출발,I
중국국제항공,CKG,CA440,P01,34,M19-M36,Master,CA440,2025-11-19 14:00:00,2025-11-19 14:05:00,출발,I
아시아나항공,CKG,OZ6847,P01,34,M19-M36,Slave,CA440,2025-11-19 14:00:00,2025-11-19 14:05:00,출발,I
산동항공,CKG,SC128,P01,34,M19-M36,Slave,CA440,2025-11-19 14:00:00,2025-11-19 14:05:00,출발,I
대한항공,FCO,KE931,P03,252,A B C D,Master,KE931,2025-11-19 14:05:00,2025-11-19 14:07:00,출발,I
ITA항공,FCO,AZ7687,P03,252,A B C D,Slave,KE931,2025-11-19 14:05:00,2025-11-19 14:07:00,출발,I
에어마카오,MFM,NX821,P01,47,N01-N05,Master,NX821,2025-11-19 14:05:00,2025-11-19 14:21:00,출발,I
아시아나항공,MFM,OZ6867,P01,47,N01-N05,Slave,NX821,2025-11-19 14:05:00,2025-11-19 14:21:00,출발,I
제주항공,KIX,7C1393,P02,108,L13-L36,Master,7C1393,2025-11-19 14:10:00,2025-11-19 14:14:00,출발,I
한 에어,KIX,H19871,P02,108,L13-L36,Slave,7C1393,2025-11-19 14:10:00,2025-11-19 14:14:00,출발,I
아시아나항공,PVG,OZ365,P01,18,A03-C34,Master,OZ365,2025-11-19 14:10:00,2025-11-19 14:19:00,출발,I
길상항공,PVG,HO3107,P01,18,A03-C34,Slave,OZ365,2025-11-19 14:10:00,2025-11-19 14:19:00,출발,I
대한항공,PUS,KE1405,P03,221,-,Master,KE1405,2025-11-19 14:00:00,2025-11-19 14:13:00,출발,D
에어 프랑스,PUS,AF5368,P03,221,-,Slave,KE1405,2025-11-19 14:00:00,2025-11-19 14:13:00,출발,D
델타항공,PUS,DL7889,P03,221,-,Slave,KE1405,2025-11-19 14:00:00,2025-11-19 14:13:00,출발,D
가루다인도네시아,PUS,GA9991,P03,221,-,Slave,KE1405,2025-11-19 14:00:00,2025-11-19 14:13:00,출발,D
산동항공,WUS,SC7686,P01,45,N07-N15,Master,SC7686,2025-11-19 14:10:00,2025-11-19 14:05:00,출발,I
심천항공,WUX,ZH628,P01,32,M01-M07,Master,ZH628,2025-11-19 14:15:00,2025-11-19 14:14:00,출발,I
중국국제항공,WUX,CA3828,P01,32,M01-M07,Slave,ZH628,2025-11-19 14:15:00,2025-11-19 14:14:00,출발,I
아시아나항공,WUX,OZ6897,P01,32,M01-M07,Slave,ZH628,2025-11-19 14:15:00,2025-11-19 14:14:00,출발,I
중국동방항공,XIY,MU5022,P02,125,H01-H18,Master,MU5022,2025-11-19 14:20:00,2025-11-19 14:22:00,출발,I
대한항공,XIY,KE5871,P02,125,H01-H18,Slave,MU5022,2025-11-19 14:20:00,2025-11-19 14:22:00,출발,I
상하이항공,XIY,FM3082,P02,125,H01-H18,Slave,MU5022,2025-11-19 14:20:00,2025-11-19 14:22:00,출발,I
에어서울,KIX,RS713,P03,278,E01-E10,Master,RS713,2025-11-19 14:20:00,2025-11-19 14:25:00,출발,I
중국국제항공,WNZ,CA740,P01,28,M19-M36,Master,CA740,2025-11-19 14:20:00,2025-11-19 14:20:00,출발,I
중국국제항공,YNJ,CA144,P01,43,M19-M36,Master,CA144,2025-11-19 14:20:00,2025-11-19 14:18:00,출발,I
아시아나항공,YNJ,OZ6825,P01,43,M19-M36,Slave,CA144,2025-11-19 14:20:00,2025-11-19 14:18:00,출발,I
티웨이항공,RMQ,TW669,P02,130,F19-F36,Master,TW669,2025-11-19 14:25:00,2025-11-19 14:28:00,출발,I
대한항공,SHE,KE833,P03,249,A B C D,Master,KE833,2025-11-19 14:25:00,2025-11-19 14:27:00,출발,I
중국동방항공,SHE,MU8964,P03,249,A B C D,Slave,KE833,2025-11-19 14:25:00,2025-11-19 14:27:00,출발,I
중국동방항공,PVG,MU5062,P02,123,H01-H18,Master,MU5062,2025-11-19 14:30:00,2025-11-19 14:29:00,출발,I
대한항공,PVG,KE6863,P02,123,H01-H18,Slave,MU5062,2025-11-19 14:30:00,2025-11-19 14:29:00,출발,I
상하이항공,PVG,FM3074,P02,123,H01-H18,Slave,MU5062,2025-11-19 14:30:00,2025-11-19 14:29:00,출발,I
대한항공,LAX,KE017,P03,232,A B C D,Master,KE017,2025-11-19 14:30:00,2025-11-19 14:32:00,출발,I
아에로멕시코,LAX,AM6702,P03,232,A B C D,Slave,KE017,2025-11-19 14:30:00,2025-11-19 14:32:00,출발,I
델타항공,LAX,DL7835,P03,232,A B C D,Slave,KE017,2025-11-19 14:30:00,2025-11-19 14:32:00,출발,I
란항공,LAX,LA8428,P03,232,A B C D,Slave,KE017,2025-11-19 14:30:00,2025-11-19 14:32:00,출발,I
이스타항공,CTS,ZE623,P02,118,H24-J25,Master,ZE623,2025-11-19 14:35:00,2025-11-19 14:29:00,출발,I
중국남방항공,YNJ,CZ6074,P02,127,E19-E36,Master,CZ6074,2025-11-19 14:35:00,2025-11-19 14:29:00,출발,I
대한항공,SIN,KE643,P03,225,A B C D,Master,KE643,2025-11-19 14:35:00,2025-11-19 14:47:00,출발,I
델타항공,SIN,DL7819,P03,225,A B C D,Slave,KE643,2025-11-19 14:35:00,2025-11-19 14:47:00,출발,I
대한항공,OKA,KE2147,P03,245,A B C D,Master,KE2147,2025-11-19 14:35:00,2025-11-19 14:37:00,출발,I
일본항공,OKA,JL5274,P03,245,A B C D,Slave,KE2147,2025-11-19 14:35:00,2025-11-19 14:37:00,출발,I
델타항공,OKA,DL7795,P03,245,A B C D,Slave,KE2147,2025-11-19 14:35:00,2025-11-19 14:37:00,출발,I
버진 애트란틱항공,OKA,VS5513,P03,245,A B C D,Slave,KE2147,2025-11-19 14:35:00,2025-11-19 14:37:00,출발,I
에어 프랑스,OKA,AF5375,P03,245,A B C D,Slave,KE2147,2025-11-19 14:35:00,2025-11-19 14:37:00,출발,I
KLM네덜란드항공,OKA,KL9164,P03,245,A B C D,Slave,KE2147,2025-11-19 14:35:00,2025-11-19 14:37:00,출발,I
홍콩항공,HKG,HX629,P01,46,M12-M16,Master,HX629,2025-11-19 14:35:00,2025-11-19 14:47:00,출발,I
아시아나항공,HKG,OZ9293,P01,46,M12-M16,Slave,HX629,2025-11-19 14:35:00,2025-11-19 14:47:00,출발,I
티웨이항공,FUK,TW205,P01,26,F19-F36,Master,TW205,2025-11-19 14:45:00,2025-11-19 14:44:00,출발,I
제주항공,NRT,7C1107,P02,104,L13-L36,Master,7C1107,2025-11-19 14:50:00,2025-11-19 14:55:00,출발,I
한 에어,NRT,H19905,P02,104,L13-L36,Slave,7C1107,2025-11-19 14:50:00,2025-11-19 14:55:00,출발,I
제주항공,NGO,7C1203,P02,110,L13-L36,Master,7C1203,2025-11-19 14:50:00,2025-11-19 14:56:00,출발,I
한 에어,NGO,H19816,P02,110,L13-L36,Slave,7C1203,2025-11-19 14:50:00,2025-11-19 14:56:00,출발,I
중국남방항공,CAN,CZ338,P02,131,E19-E36,Master,CZ338,2025-11-19 14:50:00,2025-11-19 14:53:00,출발,I
사천항공,CAN,3U7032,P02,131,E19-E36,Slave,CZ338,2025-11-19 14:50:00,2025-11-19 14:53:00,출발,I
중국국제항공,PKX,CA132,P01,35,M19-M36,Master,CA132,2025-11-19 14:50:00,2025-11-19 14:40:00,출발,I
중국국제항공,TFU,CA402,P01,37,M19-M36,Master,CA402,2025-11-19 14:55:00,2025-11-19 14:46:00,출발,I
아시아나항공,TFU,OZ6831,P01,37,M19-M36,Slave,CA402,2025-11-19 14:55:00,2025-11-19 14:46:00,출발,I
심천항공,SZX,ZH634,P01,38,M01-M07,Master,ZH634,2025-11-19 14:55:00,2025-11-19 15:07:00,출발,I
중국국제항공,SZX,CA3844,P01,38,M01-M07,Slave,ZH634,2025-11-19 14:55:00,2025-11-19 15:07:00,출발,I
아시아나항공,SZX,OZ6883,P01,38,M01-M07,Slave,ZH634,2025-11-19 14:55:00,2025-11-19 15:07:00,출발,I
진에어,KIX,LJ235,P03,260,G17-H40,Master,LJ235,2025-11-19 15:00:00,2025-11-19 15:01:00,출발,I
아메리칸항공,DFW,AA9600,P01,49,H19-H23,Master,AA9600,2025-11-19 15:00:00,2025-11-19 14:50:00,출발,I
대한항공,DFW,KE5032,P01,49,H19-H23,Slave,AA9600,2025-11-19 15:00:00,2025-11-19 14:50:00,출발,I
말레이시아 항공,DFW,MH9427,P01,49,H19-H23,Slave,AA9600,2025-11-19 15:00:00,2025-11-19 14:50:00,출발,I
아시아나항공,PEK,OZ335,P01,9,A03-C34,Master,OZ335,2025-11-19 15:00:00,2025-11-19 15:07:00,출발,I
중국국제항공,PEK,CA5006,P01,9,A03-C34,Slave,OZ335,2025-11-19 15:00:00,2025-11-19 15:07:00,출발,I
심천항공,PEK,ZH3310,P01,9,A03-C34,Slave,OZ335,2025-11-19 15:00:00,2025-11-19 15:07:00,출발,I
피치항공,KIX,MM718,P02,106,K19-K23,Master,MM718,2025-11-19 15:05:00,2025-11-19 15:08:00,출발,I
이스타항공,KIX,ZE613,P02,119,H24-J25,Master,ZE613,2025-11-19 15:05:00,2025-11-19 15:05:00,출발,I
대한항공,CGK,KE437,P03,248,A B C D,Master,KE437,2025-11-19 15:05:00,2025-11-19 15:07:00,출발,I
델타항공,CGK,DL7913,P03,248,A B C D,Slave,KE437,2025-11-19 15:05:00,2025-11-19 15:07:00,출발,I
가루다인도네시아,CGK,GA9727,P03,248,A B C D,Slave,KE437,2025-11-19 15:05:00,2025-11-19 15:07:00,출발,I
에어부산,KIX,BX176,P03,276,E11-E20,Master,BX176,2025-11-19 15:05:00,2025-11-19 15:01:00,출발,I
진에어,NRT,LJ207,P03,254,G17-H40,Master,LJ207,2025-11-19 15:15:00,2025-11-19 15:17:00,출발,I
이스타항공,NRT,ZE603,P02,101,H24-J25,Master,ZE603,2025-11-19 15:20:00,2025-11-19 15:25:00,출발,I
제주항공,FUK,7C1405,P02,126,L13-L36,Master,7C1405,2025-11-19 15:20:00,2025-11-19 15:30:00,출발,I
한 에어,FUK,H19831,P02,126,L13-L36,Slave,7C1405,2025-11-19 15:20:00,2025-11-19 15:30:00,출발,I
진에어,RMQ,LJ737,P03,263,G17-H40,Master,LJ737,2025-11-19 15:20:00,2025-11-19 15:27:00,출발,I
산동항공,TAO,SC4614,P01,33,N07-N15,Master,SC4614,2025-11-19 15:25:00,2025-11-19 15:35:00,출발,I
중국국제항공,TAO,CA8892,P01,33,N07-N15,Slave,SC4614,2025-11-19 15:25:00,2025-11-19 15:35:00,출발,I
아시아나항공,TAO,OZ6715,P01,33,N07-N15,Slave,SC4614,2025-11-19 15:25:00,2025-11-19 15:35:00,출발,I
티웨이항공,NRT,TW245,P02,105,F19-F36,Master,TW245,2025-11-19 15:30:00,2025-11-19 15:42:00,출발,I
대한항공,KIX,KE725,P03,235,A B C D,Master,KE725,2025-11-19 15:10:00,2025-11-19 15:40:00,출발,I
델타항공,KIX,DL7787,P03,235,A B C D,Slave,KE725,2025-11-19 15:10:00,2025-11-19 15:40:00,출발,I
일본항공,KIX,JL5212,P03,235,A B C D,Slave,KE725,2025-11-19 15:10:00,2025-11-19 15:40:00,출발,I
몽골항공,KIX,OM6705,P03,235,A B C D,Slave,KE725,2025-11-19 15:10:00,2025-11-19 15:40:00,출발,I
에어 프랑스,KIX,AF5374,P03,235,A B C D,Slave,KE725,2025-11-19 15:10:00,2025-11-19 15:40:00,출발,I
티웨이항공,SIN,TW161,P01,50,F19-F36,Master,TW161,2025-11-19 15:30:00,2025-11-19 15:41:00,출발,I
아시아나항공,NRT,OZ106,P01,15,A03-C34,Master,OZ106,2025-11-19 15:35:00,2025-11-19 15:38:00,출발,I
유나이티드항공,NRT,UA7322,P01,15,A03-C34,Slave,OZ106,2025-11-19 15:35:00,2025-11-19 15:38:00,출발,I
에티하드 항공,NRT,EY8454,P01,15,A03-C34,Slave,OZ106,2025-11-19 15:35:00,2025-11-19 15:38:00,출발,I
전일본공수,NRT,NH6976,P01,15,A03-C34,Slave,OZ106,2025-11-19 15:35:00,2025-11-19 15:38:00,출발,I
에어 뉴질랜드,NRT,NZ4056,P01,15,A03-C34,Slave,OZ106,2025-11-19 15:35:00,2025-11-19 15:38:00,출발,I
아시아나항공,NGO,OZ124,P01,16,A03-C34,Master,OZ124,2025-11-19 15:35:00,2025-11-19 15:36:00,출발,I
에티하드 항공,NGO,EY8471,P01,16,A03-C34,Slave,OZ124,2025-11-19 15:35:00,2025-11-19 15:36:00,출발,I
전일본공수,NGO,NH6966,P01,16,A03-C34,Slave,OZ124,2025-11-19 15:35:00,2025-11-19 15:36:00,출발,I
터키항공,NGO,TK8092,P01,16,A03-C34,Slave,OZ124,2025-11-19 15:35:00,2025-11-19 15:36:00,출발,I
제주항공,DPS,7C2711,P01,20,L13-L36,Master,7C2711,2025-11-19 15:35:00,2025-11-19 15:33:00,출발,I
한 에어,DPS,H19950,P01,20,L13-L36,Slave,7C2711,2025-11-19 15:35:00,2025-11-19 15:33:00,출발,I
에어부산,NRT,BX166,P03,277,E11-E20,Master,BX166,2025-11-19 15:35:00,2025-11-19 15:30:00,출발,I
중국동방항공,PKX,MU2074,P02,128,H01-H18,Master,MU2074,2025-11-19 15:40:00,2025-11-19 15:44:00,출발,I
아시아나항공,CGK,OZ761,P01,21,A03-C34,Master,OZ761,2025-11-19 15:40:00,2025-11-19 15:40:00,출발,I
진에어,TAK,LJ359,P03,265,G17-H40,Master,LJ359,2025-11-19 15:40:00,2025-11-19 15:41:00,출발,I
홍콩익스프레스,HKG,UO631,P02,113,K29-K34,Master,UO631,2025-11-19 15:45:00,2025-11-19 15:51:00,출발,I
티웨이항공,KIX,TW305,P02,103,F19-F36,Master,TW305,2025-11-19 15:50:00,2025-11-19 15:54:00,출발,I
대한항공,UKB,KE2173,P03,233,A B C D,Master,KE2173,2025-11-19 15:50:00,2025-11-19 15:44:00,출발,I
캐세이퍼시픽항공,HKG,CX411,P01,40,J06-J16,Master,CX411,2025-11-19 15:00:00,2025-11-19 15:58:00,출발,I
아메리칸항공,HKG,AA8894,P01,40,J06-J16,Slave,CX411,2025-11-19 15:00:00,2025-11-19 15:58:00,출발,I
콴타스항공,HKG,QF8224,P01,40,J06-J16,Slave,CX411,2025-11-19 15:00:00,2025-11-19 15:58:00,출발,I
카타르항공,HKG,QR3499,P01,40,J06-J16,Slave,CX411,2025-11-19 15:00:00,2025-11-19 15:58:00,출발,I
아시아나항공,HKT,OZ725,P01,22,A03-C34,Master,OZ725,2025-11-19 16:00:00,2025-11-19 16:04:00,출발,I
대한항공,KMJ,KE2155,P03,222,A B C D,Master,KE2155,2025-11-19 16:00:00,2025-11-19 15:58:00,출발,I
델타항공,KMJ,DL7918,P03,222,A B C D,Slave,KE2155,2025-11-19 16:00:00,2025-11-19 15:58:00,출발,I
아시아나항공,KIX,OZ114,P01,11,A03-C34,Master,OZ114,2025-11-19 16:05:00,2025-11-19 16:09:00,출발,I
에티하드 항공,KIX,EY8449,P01,11,A03-C34,Slave,OZ114,2025-11-19 16:05:00,2025-11-19 16:09:00,출발,I
전일본공수,KIX,NH6954,P01,11,A03-C34,Slave,OZ114,2025-11-19 16:05:00,2025-11-19 16:09:00,출발,I
제주항공,FSZ,7C1603,P02,115,L13-L36,Master,7C1603,2025-11-19 16:05:00,2025-11-19 16:05:00,출발,I
한 에어,FSZ,H19929,P02,115,L13-L36,Slave,7C1603,2025-11-19 16:05:00,2025-11-19 16:05:00,출발,I
중국동방항공,YNT,MU268,P02,117,H01-H18,Master,MU268,2025-11-19 16:05:00,2025-11-19 15:51:00,출발,I
대한항공,YNT,KE5851,P02,117,H01-H18,Slave,MU268,2025-11-19 16:05:00,2025-11-19 15:51:00,출발,I
중국동방항공,PVG,MU5012,P02,132,H01-H18,Master,MU5012,2025-11-19 16:10:00,2025-11-19 16:10:00,출발,I
대한항공,PVG,KE5883,P02,132,H01-H18,Slave,MU5012,2025-11-19 16:10:00,2025-11-19 16:10:00,출발,I
대한항공,SEA,KE041,P03,242,A B C D,Master,KE041,2025-11-19 16:10:00,2025-11-19 16:28:00,출발,I
델타항공,SEA,DL7837,P03,242,A B C D,Slave,KE041,2025-11-19 16:10:00,2025-11-19 16:28:00,출발,I
중국남방항공,CAN,CZ3062,P02,121,E19-E36,Master,CZ3062,2025-11-19 16:15:00,2025-11-19 16:19:00,출발,I
사천항공,CAN,3U7024,P02,121,E19-E36,Slave,CZ3062,2025-11-19 16:15:00,2025-11-19 16:19:00,출발,I
진에어,CNX,LJ009,P03,257,G17-H40,Master,LJ009,2025-11-19 16:15:00,2025-11-19 16:13:00,출발,I
대한항공,CNX,KE5089,P03,257,G17-H40,Slave,LJ009,2025-11-19 16:15:00,2025-11-19 16:13:00,출발,I
제주항공,FUK,7C1407,P02,129,L13-L36,Master,7C1407,2025-11-19 16:20:00,2025-11-19 16:21:00,출발,I
한 에어,FUK,H19910,P02,129,L13-L36,Slave,7C1407,2025-11-19 16:20:00,2025-11-19 16:21:00,출발,I
중국동방항공,PVG,MU5034,P02,130,H01-H18,Master,MU5034,2025-11-19 16:20:00,2025-11-19 16:20:00,출발,I
상하이항공,PVG,FM3072,P02,130,H01-H18,Slave,MU5034,2025-11-19 16:20:00,2025-11-19 16:20:00,출발,I
대한항공,PVG,KE5885,P02,130,H01-H18,Slave,MU5034,2025-11-19 16:20:00,2025-11-19 16:20:00,출발,I
아시아나항공,SIN,OZ751,P01,17,A03-C34,Master,OZ751,2025-11-19 16:20:00,2025-11-19 16:42:00,출발,I
에어캐나다,SIN,AC6994,P01,17,A03-C34,Slave,OZ751,2025-11-19 16:20:00,2025-11-19 16:42:00,출발,I
싱가포르항공,SIN,SQ5751,P01,17,A03-C34,Slave,OZ751,2025-11-19 16:20:00,2025-11-19 16:42:00,출발,I
대한항공,TPE,KE2027,P03,220,A B C D,Master,KE2027,2025-11-19 16:20:00,2025-11-19 16:38:00,출발,I
델타항공,TPE,DL7777,P03,220,A B C D,Slave,KE2027,2025-11-19 16:20:00,2025-11-19 16:38:00,출발,I
중화항공,TPE,CI9067,P03,220,A B C D,Slave,KE2027,2025-11-19 16:20:00,2025-11-19 16:38:00,출발,I
대한항공,DPS,KE431,P03,256,A B C D,Master,KE431,2025-11-19 16:20:00,2025-11-19 16:26:00,출발,I
델타항공,DPS,DL7803,P03,256,A B C D,Slave,KE431,2025-11-19 16:20:00,2025-11-19 16:26:00,출발,I
에어 프랑스,DPS,AF7906,P03,256,A B C D,Slave,KE431,2025-11-19 16:20:00,2025-11-19 16:26:00,출발,I
가루다인도네시아,DPS,GA9961,P03,256,A B C D,Slave,KE431,2025-11-19 16:20:00,2025-11-19 16:26:00,출발,I
대한항공,SFO,KE023,P03,275,A B C D,Master,KE023,2025-11-19 16:00:00,2025-11-19 16:31:00,출발,I
델타항공,SFO,DL7860,P03,275,A B C D,Slave,KE023,2025-11-19 16:00:00,2025-11-19 16:31:00,출발,I
제주항공,NRT,7C1121,P01,36,L13-L36,Master,7C1121,2025-11-19 16:20:00,2025-11-19 16:15:00,출발,I
한 에어,NRT,H19761,P01,36,L13-L36,Slave,7C1121,2025-11-19 16:20:00,2025-11-19 16:15:00,출발,I
진에어,NGO,LJ347,P03,249,G17-H40,Master,LJ347,2025-11-19 16:25:00,2025-11-19 16:25:00,출발,I
대한항공,NGO,KE5081,P03,249,G17-H40,Slave,LJ347,2025-11-19 16:25:00,2025-11-19 16:25:00,출발,I
에어서울,FUK,RS727,P03,279,E01-E10,Master,RS727,2025-11-19 16:25:00,2025-11-19 16:23:00,출발,I
중국동방항공,TAO,MU560,P02,123,H01-H18,Master,MU560,2025-11-19 16:40:00,2025-11-19 16:42:00,출발,I
상하이항공,TAO,FM3084,P02,123,H01-H18,Slave,MU560,2025-11-19 16:40:00,2025-11-19 16:42:00,출발,I
대한항공,TAO,KE5841,P02,123,H01-H18,Slave,MU560,2025-11-19 16:40:00,2025-11-19 16:42:00,출발,I
대한항공,KUL,KE427,P03,241,A B C D,Master,KE427,2025-11-19 16:40:00,2025-11-19 16:54:00,출발,I
델타항공,KUL,DL7911,P03,241,A B C D,Slave,KE427,2025-11-19 16:40:00,2025-11-19 16:54:00,출발,I
말레이시아 항공,KUL,MH5621,P03,241,A B C D,Slave,KE427,2025-11-19 16:40:00,2025-11-19 16:54:00,출발,I
심천항공,SZX,ZH632,P01,47,M01-M07,Master,ZH632,2025-11-19 16:45:00,2025-11-19 16:40:00,출발,I
중국국제항공,SZX,CA3862,P01,47,M01-M07,Slave,ZH632,2025-11-19 16:45:00,2025-11-19 16:40:00,출발,I
아시아나항공,SZX,OZ6881,P01,47,M01-M07,Slave,ZH632,2025-11-19 16:45:00,2025-11-19 16:40:00,출발,I
에티오피아항공,NRT,ET672,P01,23,F12-F16,Master,ET672,2025-11-19 16:50:00,2025-11-19 17:02:00,출발,I
전일본공수,NRT,NH5340,P01,23,F12-F16,Slave,ET672,2025-11-19 16:50:00,2025-11-19 17:02:00,출발,I
에어부산,BKK,BX727,P03,280,E11-E20,Master,BX727,2025-11-19 16:50:00,2025-11-19 16:52:00,출발,I
싱가포르항공,SIN,SQ601,P01,31,F01-F08,Master,SQ601,2025-11-19 16:55:00,2025-11-19 17:18:00,출발,I
버진 오스트레일리아,SIN,VA5671,P01,31,F01-F08,Slave,SQ601,2025-11-19 16:55:00,2025-11-19 17:18:00,출발,I
에어인디아 리미티드,SIN,AI8167,P01,31,F01-F08,Slave,SQ601,2025-11-19 16:55:00,2025-11-19 17:18:00,출발,I
아시아나항공,SIN,OZ6789,P01,31,F01-F08,Slave,SQ601,2025-11-19 16:55:00,2025-11-19 17:18:00,출발,I
제주항공,KIX,7C1305,P01,45,L13-L36,Master,7C1305,2025-11-19 16:55:00,2025-11-19 16:47:00,출발,I
한 에어,KIX,H19814,P01,45,L13-L36,Slave,7C1305,2025-11-19 16:55:00,2025-11-19 16:47:00,출발,I
타이항공,BKK,TG653,P01,41,M09-M17,Master,TG653,2025-11-19 17:00:00,2025-11-19 17:05:00,출발,I
아시아나항공,HKT,OZ747,P01,6,A03-C34,Master,OZ747,2025-11-19 17:00:00,2025-11-19 17:00:00,출발,I
이스타항공,BKK,ZE511,P02,114,H24-J25,Master,ZE511,2025-11-19 17:05:00,2025-11-19 17:06:00,출발,I
진에어,PQC,LJ091,P03,264,G17-H40,Master,LJ091,2025-11-19 17:05:00,2025-11-19 17:23:00,출발,I
대한항공,NRT,KE713,P03,243,A B C D,Master,KE713,2025-11-19 16:55:00,2025-11-19 17:07:00,출발,I
아에로멕시코,NRT,AM6752,P03,243,A B C D,Slave,KE713,2025-11-19 16:55:00,2025-11-19 17:07:00,출발,I
델타항공,NRT,DL7897,P03,243,A B C D,Slave,KE713,2025-11-19 16:55:00,2025-11-19 17:07:00,출발,I
일본항공,NRT,JL5252,P03,243,A B C D,Slave,KE713,2025-11-19 16:55:00,2025-11-19 17:07:00,출발,I
진에어,BKK,LJ001,P03,250,G17-H40,Master,LJ001,2025-11-19 17:10:00,2025-11-19 17:15:00,출발,I
대한항공,BKK,KE5065,P03,250,G17-H40,Slave,LJ001,2025-11-19 17:10:00,2025-11-19 17:15:00,출발,I
대한항공,DPS,KE433,P03,267,A B C D,Master,KE433,2025-11-19 17:10:00,2025-11-19 17:11:00,출발,I
델타항공,DPS,DL7872,P03,267,A B C D,Slave,KE433,2025-11-19 17:10:00,2025-11-19 17:11:00,출발,I
가루다인도네시아,DPS,GA9965,P03,267,A B C D,Slave,KE433,2025-11-19 17:10:00,2025-11-19 17:11:00,출발,I
에어로 몽골리아,UBN,M0602,P01,34,K13-K16,Master,M0602,2025-11-19 16:10:00,2025-11-19 17:18:00,출발,I
이스타항공,PQC,ZE581,P02,122,H24-J25,Master,ZE581,2025-11-19 17:20:00,2025-11-19 17:49:00,출발,I
대한항공,BKK,KE651,P03,268,A B C D,Master,KE651,2025-11-19 17:20:00,2025-11-19 17:25:00,출발,I
델타항공,BKK,DL7852,P03,268,A B C D,Slave,KE651,2025-11-19 17:20:00,2025-11-19 17:25:00,출발,I
진에어,FUK,LJ265,P03,281,G17-H40,Master,LJ265,2025-11-19 17:20:00,2025-11-19 17:33:00,출발,I
대한항공,FUK,KE5077,P03,281,G17-H40,Slave,LJ265,2025-11-19 17:20:00,2025-11-19 17:33:00,출발,I
이스타항공,CNX,ZE517,P02,108,H24-J25,Master,ZE517,2025-11-19 17:25:00,2025-11-19 17:16:00,출발,I
대한항공,HKT,KE677,P03,218,A B C D,Master,KE677,2025-11-19 17:25:00,2025-11-19 17:28:00,출발,I
델타항공,HKT,DL7929,P03,218,A B C D,Slave,KE677,2025-11-19 17:25:00,2025-11-19 17:28:00,출발,I
중국남방항공,DLC,CZ696,P02,131,E19-E36,Master,CZ696,2025-11-19 17:30:00,2025-11-19 17:18:00,출발,I
진에어,GUM,LJ919,P03,260,G17-H40,Master,LJ919,2025-11-19 17:35:00,2025-11-19 17:36:00,출발,I
제주항공,BTH,7C2701,P02,126,L13-L36,Master,7C2701,2025-11-19 17:45:00,2025-11-19 18:03:00,회항,I
한 에어,BTH,H19948,P02,126,L13-L36,Slave,7C2701,2025-11-19 17:45:00,2025-11-19 18:03:00,회항,I
대한항공,GUM,KE417,P03,234,A B C D,Master,KE417,2025-11-19 17:45:00,2025-11-19 17:41:00,출발,I
델타항공,GUM,DL7864,P03,234,A B C D,Slave,KE417,2025-11-19 17:45:00,2025-11-19 17:41:00,출발,I
에어프레미아,DAD,YP621,P01,30,K01-K08,Master,YP621,2025-11-19 17:45:00,2025-11-19 17:49:00,출발,I
중국국제항공,PEK,CA126,P01,38,M19-M36,Master,CA126,2025-11-19 17:50:00,2025-11-19 17:52:00,출발,I
아시아나항공,PEK,OZ6803,P01,38,M19-M36,Slave,CA126,2025-11-19 17:50:00,2025-11-19 17:52:00,출발,I
산동항공,PEK,SC150,P01,38,M19-M36,Slave,CA126,2025-11-19 17:50:00,2025-11-19 17:52:00,출발,I
에티하드 항공,AUH,EY823,P01,39,J27-J35,Master,EY823,2025-11-19 17:50:00,2025-11-19 17:44:00,출발,I
플라이나스,AUH,XY3873,P01,39,J27-J35,Slave,EY823,2025-11-19 17:50:00,2025-11-19 17:44:00,출발,I
TAP포르투갈 항공,AUH,TP6923,P01,39,J27-J35,Slave,EY823,2025-11-19 17:50:00,2025-11-19 17:44:00,출발,I
아시아나항공,AUH,OZ6970,P01,39,J27-J35,Slave,EY823,2025-11-19 17:50:00,2025-11-19 17:44:00,출발,I
이집트항공,AUH,MS8089,P01,39,J27-J35,Slave,EY823,2025-11-19 17:50:00,2025-11-19 17:44:00,출발,I
이스라엘항공,AUH,LY9630,P01,39,J27-J35,Slave,EY823,2025-11-19 17:50:00,2025-11-19 17:44:00,출발,I
오만항공,AUH,WY5103,P01,39,J27-J35,Slave,EY823,2025-11-19 17:50:00,2025-11-19 17:44:00,출발,I
베트남항공,SGN,VN403,P02,109,D05-D17,Master,VN403,2025-11-19 17:55:00,2025-11-19 18:00:00,출발,I
에어아시아엑스,KUL,D7507,P02,125,J09-J16,Master,D7507,2025-11-19 17:55:00,2025-11-19 17:48:00,출발,I
델타항공,ATL,DL188,P03,253,K21-L15,Master,DL188,2025-11-19 18:00:00,2025-11-19 18:02:00,출발,I
대한항공,ATL,KE5039,P03,253,K21-L15,Slave,DL188,2025-11-19 18:00:00,2025-11-19 18:02:00,출발,I
제주항공,PQC,7C2315,P01,37,L13-L36,Master,7C2315,2025-11-19 18:00:00,2025-11-19 18:16:00,출발,I
한 에어,PQC,H19889,P01,37,L13-L36,Slave,7C2315,2025-11-19 18:00:00,2025-11-19 18:16:00,출발,I
베트남항공,HAN,VN415,P02,111,D05-D17,Master,VN415,2025-11-19 18:05:00,2025-11-19 18:08:00,출발,I
티웨이항공,FUK,TW207,P02,124,F19-F36,Master,TW207,2025-11-19 18:05:00,2025-11-19 17:58:00,출발,I
제주항공,MNL,7C2103,P02,127,L13-L36,Master,7C2103,2025-11-19 18:05:00,2025-11-19 18:15:00,출발,I
한 에어,MNL,H19753,P02,127,L13-L36,Slave,7C2103,2025-11-19 18:05:00,2025-11-19 18:15:00,출발,I
대한항공,CXR,KE467,P03,239,A B C D,Master,KE467,2025-11-19 18:05:00,2025-11-19 18:05:00,출발,I
델타항공,CXR,DL7813,P03,239,A B C D,Slave,KE467,2025-11-19 18:05:00,2025-11-19 18:05:00,출발,I
베트남항공,CXR,VN3409,P03,239,A B C D,Slave,KE467,2025-11-19 18:05:00,2025-11-19 18:05:00,출발,I
아시아나항공,BKK,OZ741,P01,8,A03-C34,Master,OZ741,2025-11-19 18:05:00,2025-11-19 18:07:00,출발,I
타이항공,BKK,TG6727,P01,8,A03-C34,Slave,OZ741,2025-11-19 18:05:00,2025-11-19 18:07:00,출발,I
오스트리아 항공,BKK,OS8052,P01,8,A03-C34,Slave,OZ741,2025-11-19 18:05:00,2025-11-19 18:07:00,출발,I
에어캐나다,BKK,AC6996,P01,8,A03-C34,Slave,OZ741,2025-11-19 18:05:00,2025-11-19 18:07:00,출발,I
에티오피아항공,BKK,ET1298,P01,8,A03-C34,Slave,OZ741,2025-11-19 18:05:00,2025-11-19 18:07:00,출발,I
이스타항공,FUK,ZE649,P02,102,H24-J25,Master,ZE649,2025-11-19 18:15:00,2025-11-19 18:17:00,출발,I
대한항공,PQC,KE485,P03,258,A B C D,Master,KE485,2025-11-19 18:15:00,2025-11-19 18:19:00,출발,I
베트남항공,PQC,VN3413,P03,258,A B C D,Slave,KE485,2025-11-19 18:15:00,2025-11-19 18:19:00,출발,I
델타항공,PQC,DL7865,P03,258,A B C D,Slave,KE485,2025-11-19 18:15:00,2025-11-19 18:19:00,출발,I
제주항공,SIN,7C2623,P02,128,L13-L36,Master,7C2623,2025-11-19 18:20:00,2025-11-19 18:33:00,출발,I
한 에어,SIN,H19894,P02,128,L13-L36,Slave,7C2623,2025-11-19 18:20:00,2025-11-19 18:33:00,출발,I
상하이항공,PVG,FM828,P02,129,H11-H18,Master,FM828,2025-11-19 18:25:00,2025-11-19 18:22:00,출발,I
대한항공,PVG,KE5893,P02,129,H11-H18,Slave,FM828,2025-11-19 18:25:00,2025-11-19 18:22:00,출발,I
중국동방항공,PVG,MU8604,P02,129,H11-H18,Slave,FM828,2025-11-19 18:25:00,2025-11-19 18:22:00,출발,I
대한항공,AKL,KE411,P03,255,A B C D,Master,KE411,2025-11-19 18:25:00,2025-11-19 18:33:00,출발,I
KLM네덜란드항공,AKL,KL4245,P03,255,A B C D,Slave,KE411,2025-11-19 18:25:00,2025-11-19 18:33:00,출발,I
버진 애트란틱항공,AKL,VS5527,P03,255,A B C D,Slave,KE411,2025-11-19 18:25:00,2025-11-19 18:33:00,출발,I
티웨이항공,BKI,TW153,P02,119,F19-F36,Master,TW153,2025-11-19 18:30:00,2025-11-19 18:36:00,출발,I
대한항공,DAD,KE459,P03,247,A B C D,Master,KE459,2025-11-19 18:30:00,2025-11-19 18:35:00,출발,I
델타항공,DAD,DL7811,P03,247,A B C D,Slave,KE459,2025-11-19 18:30:00,2025-11-19 18:35:00,출발,I
웨스트젯,DAD,WS6041,P03,247,A B C D,Slave,KE459,2025-11-19 18:30:00,2025-11-19 18:35:00,출발,I
버진 애트란틱항공,DAD,VS5521,P03,247,A B C D,Slave,KE459,2025-11-19 18:30:00,2025-11-19 18:35:00,출발,I
베트남항공,DAD,VN3441,P03,247,A B C D,Slave,KE459,2025-11-19 18:30:00,2025-11-19 18:35:00,출발,I
대한항공,SIN,KE645,P03,249,A B C D,Master,KE645,2025-11-19 18:30:00,2025-11-19 18:34:00,출발,I
델타항공,SIN,DL7821,P03,249,A B C D,Slave,KE645,2025-11-19 18:30:00,2025-11-19 18:34:00,출발,I
웨스트젯,SIN,WS6031,P03,249,A B C D,Slave,KE645,2025-11-19 18:30:00,2025-11-19 18:34:00,출발,I
몽골항공,SIN,OM6231,P03,249,A B C D,Slave,KE645,2025-11-19 18:30:00,2025-11-19 18:34:00,출발,I
대한항공,YVR,KE071,P03,276,A B C D,Master,KE071,2025-11-19 18:30:00,2025-11-19 18:47:00,출발,I
웨스트젯,YVR,WS6061,P03,276,A B C D,Slave,KE071,2025-11-19 18:30:00,2025-11-19 18:47:00,출발,I
유나이티드항공,SFO,UA892,P01,33,E01-E08,Master,UA892,2025-11-19 18:00:00,2025-11-19 18:40:00,출발,I
아시아나항공,SFO,OZ6614,P01,33,E01-E08,Slave,UA892,2025-11-19 18:00:00,2025-11-19 18:40:00,출발,I
아시아나항공,NRT,OZ108,P01,20,A03-C34,Master,OZ108,2025-11-19 18:40:00,2025-11-19 18:41:00,출발,I
에티하드 항공,NRT,EY8455,P01,20,A03-C34,Slave,OZ108,2025-11-19 18:40:00,2025-11-19 18:41:00,출발,I
전일본공수,NRT,NH6978,P01,20,A03-C34,Slave,OZ108,2025-11-19 18:40:00,2025-11-19 18:41:00,출발,I
유나이티드항공,NRT,UA7297,P01,20,A03-C34,Slave,OZ108,2025-11-19 18:40:00,2025-11-19 18:41:00,출발,I
대한항공,TAE,KE1431,P03,238,1층,Master,KE1431,2025-11-19 18:40:00,2025-11-19 18:48:00,출발,D
에어 프랑스,TAE,AF7883,P03,238,1층,Slave,KE1431,2025-11-19 18:40:00,2025-11-19 18:48:00,출발,D
델타항공,TAE,DL7845,P03,238,1층,Slave,KE1431,2025-11-19 18:40:00,2025-11-19 18:48:00,출발,D
ITA항공,TAE,AZ2782,P03,238,1층,Slave,KE1431,2025-11-19 18:40:00,2025-11-19 18:48:00,출발,D
가루다인도네시아,TAE,GA9999,P03,238,1층,Slave,KE1431,2025-11-19 18:40:00,2025-11-19 18:48:00,출발,D
대한항공,PUS,KE1407,P03,256,-,Master,KE1407,2025-11-19 18:25:00,2025-11-19 18:42:00,출발,D
델타항공,PUS,DL7879,P03,256,-,Slave,KE1407,2025-11-19 18:25:00,2025-11-19 18:42:00,출발,D
KLM네덜란드항공,PUS,KL4249,P03,256,-,Slave,KE1407,2025-11-19 18:25:00,2025-11-19 18:42:00,출발,D
ITA항공,PUS,AZ2780,P03,256,-,Slave,KE1407,2025-11-19 18:25:00,2025-11-19 18:42:00,출발,D
가루다인도네시아,PUS,GA9963,P03,256,-,Slave,KE1407,2025-11-19 18:25:00,2025-11-19 18:42:00,출발,D
대한항공,FUK,KE781,P03,264,A B C D,Master,KE781,2025-11-19 18:40:00,2025-11-19 18:59:00,출발,I
에어 프랑스,FUK,AF7894,P03,264,A B C D,Slave,KE781,2025-11-19 18:40:00,2025-11-19 18:59:00,출발,I
ITA항공,FUK,AZ2788,P03,264,A B C D,Slave,KE781,2025-11-19 18:40:00,2025-11-19 18:59:00,출발,I
델타항공,FUK,DL7797,P03,264,A B C D,Slave,KE781,2025-11-19 18:40:00,2025-11-19 18:59:00,출발,I
일본항공,FUK,JL5224,P03,264,A B C D,Slave,KE781,2025-11-19 18:40:00,2025-11-19 18:59:00,출발,I
KLM네덜란드항공,FUK,KL4258,P03,264,A B C D,Slave,KE781,2025-11-19 18:40:00,2025-11-19 18:59:00,출발,I
몽골항공,FUK,OM6711,P03,264,A B C D,Slave,KE781,2025-11-19 18:40:00,2025-11-19 18:59:00,출발,I
버진 애트란틱항공,FUK,VS5509,P03,264,A B C D,Slave,KE781,2025-11-19 18:40:00,2025-11-19 18:59:00,출발,I
에어서울,NRT,RS703,P03,281,E01-E10,Master,RS703,2025-11-19 18:40:00,2025-11-19 18:43:00,출발,I
대한항공,KMG,KE161,P03,220,A B C D,Master,KE161,2025-11-19 18:45:00,2025-11-19 18:43:00,출발,I
중국동방항공,KMG,MU8966,P03,220,A B C D,Slave,KE161,2025-11-19 18:45:00,2025-11-19 18:43:00,출발,I
대한항공,HAN,KE447,P03,236,A B C D,Master,KE447,2025-11-19 18:45:00,2025-11-19 18:50:00,출발,I
웨스트젯,HAN,WS6037,P03,236,A B C D,Slave,KE447,2025-11-19 18:45:00,2025-11-19 18:50:00,출발,I
버진 애트란틱항공,HAN,VS5517,P03,236,A B C D,Slave,KE447,2025-11-19 18:45:00,2025-11-19 18:50:00,출발,I
베트남항공,HAN,VN3411,P03,236,A B C D,Slave,KE447,2025-11-19 18:45:00,2025-11-19 18:50:00,출발,I
델타항공,HAN,DL7807,P03,236,A B C D,Slave,KE447,2025-11-19 18:45:00,2025-11-19 18:50:00,출발,I
대한항공,CNX,KE683,P03,241,A B C D,Master,KE683,2025-11-19 18:45:00,2025-11-19 18:47:00,출발,I
델타항공,CNX,DL7924,P03,241,A B C D,Slave,KE683,2025-11-19 18:45:00,2025-11-19 18:47:00,출발,I
대한항공,KIX,KE721,P03,251,A B C D,Master,KE721,2025-11-19 18:45:00,2025-11-19 18:51:00,출발,I
버진 애트란틱항공,KIX,VS5505,P03,251,A B C D,Slave,KE721,2025-11-19 18:45:00,2025-11-19 18:51:00,출발,I
일본항공,KIX,JL5214,P03,251,A B C D,Slave,KE721,2025-11-19 18:45:00,2025-11-19 18:51:00,출발,I
델타항공,KIX,DL7783,P03,251,A B C D,Slave,KE721,2025-11-19 18:45:00,2025-11-19 18:51:00,출발,I
대한항공,NRT,KE705,P03,260,A B C D,Master,KE705,2025-11-19 18:45:00,2025-11-19 19:02:00,출발,I
델타항공,NRT,DL7781,P03,260,A B C D,Slave,KE705,2025-11-19 18:45:00,2025-11-19 19:02:00,출발,I
일본항공,NRT,JL5206,P03,260,A B C D,Slave,KE705,2025-11-19 18:45:00,2025-11-19 19:02:00,출발,I
버진 애트란틱항공,NRT,VS5503,P03,260,A B C D,Slave,KE705,2025-11-19 18:45:00,2025-11-19 19:02:00,출발,I
아에로멕시코,NRT,AM6700,P03,260,A B C D,Slave,KE705,2025-11-19 18:45:00,2025-11-19 19:02:00,출발,I
에어 프랑스,NRT,AF5376,P03,260,A B C D,Slave,KE705,2025-11-19 18:45:00,2025-11-19 19:02:00,출발,I
아시아나항공,DAD,OZ755,P01,9,A03-C34,Master,OZ755,2025-11-19 18:45:00,2025-11-19 18:50:00,출발,I
에어캐나다,DAD,AC6973,P01,9,A03-C34,Slave,OZ755,2025-11-19 18:45:00,2025-11-19 18:50:00,출발,I
티웨이항공,HKG,TW643,P02,106,F19-F36,Master,TW643,2025-11-19 18:50:00,2025-11-19 18:54:00,출발,I
대한항공,SGN,KE475,P03,242,A B C D,Master,KE475,2025-11-19 18:50:00,2025-11-19 19:06:00,출발,I
델타항공,SGN,DL7925,P03,242,A B C D,Slave,KE475,2025-11-19 18:50:00,2025-11-19 19:06:00,출발,I
베트남항공,SGN,VN3401,P03,242,A B C D,Slave,KE475,2025-11-19 18:50:00,2025-11-19 19:06:00,출발,I
버진 애트란틱항공,SGN,VS5519,P03,242,A B C D,Slave,KE475,2025-11-19 18:50:00,2025-11-19 19:06:00,출발,I
웨스트젯,SGN,WS6039,P03,242,A B C D,Slave,KE475,2025-11-19 18:50:00,2025-11-19 19:06:00,출발,I
대한항공,CEB,KE601,P03,261,A B C D,Master,KE601,2025-11-19 18:50:00,2025-11-19 19:00:00,출발,I
대한항공,NGO,KE743,P03,263,A B C D,Master,KE743,2025-11-19 18:50:00,2025-11-19 18:51:00,출발,I
델타항공,NGO,DL7793,P03,263,A B C D,Slave,KE743,2025-11-19 18:50:00,2025-11-19 18:51:00,출발,I
일본항공,NGO,JL5218,P03,263,A B C D,Slave,KE743,2025-11-19 18:50:00,2025-11-19 18:51:00,출발,I
KLM네덜란드항공,NGO,KL9848,P03,263,A B C D,Slave,KE743,2025-11-19 18:50:00,2025-11-19 18:51:00,출발,I
몽골항공,NGO,OM6717,P03,263,A B C D,Slave,KE743,2025-11-19 18:50:00,2025-11-19 18:51:00,출발,I
버진 애트란틱항공,NGO,VS5507,P03,263,A B C D,Slave,KE743,2025-11-19 18:50:00,2025-11-19 18:51:00,출발,I
에어 프랑스,NGO,AF7907,P03,263,A B C D,Slave,KE743,2025-11-19 18:50:00,2025-11-19 18:51:00,출발,I
대한항공,KTI,KE689,P03,278,A B C D,Master,KE689,2025-11-19 18:50:00,2025-11-19 19:19:00,출발,I
델타항공,KTI,DL7871,P03,278,A B C D,Slave,KE689,2025-11-19 18:50:00,2025-11-19 19:19:00,출발,I
대한항공,SYD,KE401,P03,222,A B C D,Master,KE401,2025-11-19 18:55:00,2025-11-19 19:00:00,출발,I
에어 프랑스,SYD,AF7876,P03,222,A B C D,Slave,KE401,2025-11-19 18:55:00,2025-11-19 19:00:00,출발,I
KLM네덜란드항공,SYD,KL9160,P03,222,A B C D,Slave,KE401,2025-11-19 18:55:00,2025-11-19 19:00:00,출발,I
몽골항공,SYD,OM6521,P03,222,A B C D,Slave,KE401,2025-11-19 18:55:00,2025-11-19 19:00:00,출발,I
버진 애트란틱항공,SYD,VS5523,P03,222,A B C D,Slave,KE401,2025-11-19 18:55:00,2025-11-19 19:00:00,출발,I
에어프레미아,SFO,YP111,P01,27,K01-K08,Master,YP111,2025-11-19 18:55:00,2025-11-19 18:59:00,출발,I
에어캐나다,YVR,AC064,P01,35,E10-E16,Master,AC064,2025-11-19 18:55:00,2025-11-19 18:38:00,출발,I
아시아나항공,YVR,OZ6102,P01,35,E10-E16,Slave,AC064,2025-11-19 18:55:00,2025-11-19 18:38:00,출발,I
싱가포르항공,YVR,SQ1002,P01,35,E10-E16,Slave,AC064,2025-11-19 18:55:00,2025-11-19 18:38:00,출발,I
티웨이항공,DAD,TW011,P02,105,F19-F36,Master,TW011,2025-11-19 19:00:00,2025-11-19 19:11:00,출발,I
대한항공,PVG,KE891,P03,279,A B C D,Master,KE891,2025-11-19 19:00:00,2025-11-19 19:11:00,출발,I
중국동방항공,PVG,MU8932,P03,279,A B C D,Slave,KE891,2025-11-19 19:00:00,2025-11-19 19:11:00,출발,I
상하이항공,PVG,FM8754,P03,279,A B C D,Slave,KE891,2025-11-19 19:00:00,2025-11-19 19:11:00,출발,I
샤먼항공,PVG,MF9088,P03,279,A B C D,Slave,KE891,2025-11-19 19:00:00,2025-11-19 19:11:00,출발,I
에어부산,VTE,BX741,P03,280,E11-E20,Master,BX741,2025-11-19 19:00:00,2025-11-19 19:01:00,출발,I
아시아나항공,VTE,OZ9251,P03,280,E11-E20,Slave,BX741,2025-11-19 19:00:00,2025-11-19 19:01:00,출발,I
대한항공,MNL,KE623,P03,248,A B C D,Master,KE623,2025-11-19 19:05:00,2025-11-19 19:18:00,출발,I
대한항공,BKK,KE653,P03,277,A B C D,Master,KE653,2025-11-19 19:05:00,2025-11-19 19:23:00,출발,I
델타항공,BKK,DL7825,P03,277,A B C D,Slave,KE653,2025-11-19 19:05:00,2025-11-19 19:23:00,출발,I
케냐항공,BKK,KQ5159,P03,277,A B C D,Slave,KE653,2025-11-19 19:05:00,2025-11-19 19:23:00,출발,I
아시아나항공,KIX,OZ116,P01,6,A03-C34,Master,OZ116,2025-11-19 19:05:00,2025-11-19 19:09:00,출발,I
에어캐나다,KIX,AC6974,P01,6,A03-C34,Slave,OZ116,2025-11-19 19:05:00,2025-11-19 19:09:00,출발,I
에티오피아항공,KIX,ET1290,P01,6,A03-C34,Slave,OZ116,2025-11-19 19:05:00,2025-11-19 19:09:00,출발,I
에티하드 항공,KIX,EY8450,P01,6,A03-C34,Slave,OZ116,2025-11-19 19:05:00,2025-11-19 19:09:00,출발,I
전일본공수,KIX,NH6956,P01,6,A03-C34,Slave,OZ116,2025-11-19 19:05:00,2025-11-19 19:09:00,출발,I
제주항공,KIX,7C1395,P01,34,L13-L36,Master,7C1395,2025-11-19 19:10:00,2025-11-19 19:10:00,출발,I
한 에어,KIX,H19877,P01,34,L13-L36,Slave,7C1395,2025-11-19 19:10:00,2025-11-19 19:10:00,출발,I
산동항공,TAO,SC4616,P01,36,N11-N15,Master,SC4616,2025-11-19 19:10:00,2025-11-19 18:59:00,출발,I
아시아나항공,TAO,OZ6713,P01,36,N11-N15,Slave,SC4616,2025-11-19 19:10:00,2025-11-19 18:59:00,출발,I
중국국제항공,TAO,CA8860,P01,36,N11-N15,Slave,SC4616,2025-11-19 19:10:00,2025-11-19 18:59:00,출발,I
아메리칸항공,DFW,AA280,P01,49,M09-M17,Master,AA280,2025-11-19 19:15:00,2025-11-19 19:04:00,출발,I
대한항공,DFW,KE5032,P01,49,M09-M17,Slave,AA280,2025-11-19 19:15:00,2025-11-19 19:04:00,출발,I
말레이시아 항공,DFW,MH9427,P01,49,M09-M17,Slave,AA280,2025-11-19 19:15:00,2025-11-19 19:04:00,출발,I
아시아나항공,MNL,OZ703,P01,12,A03-C34,Master,OZ703,2025-11-19 19:20:00,2025-11-19 19:22:00,출발,I
에어로케이항공,KIX,RF314,P02,107,K24-K27,Master,RF314,2025-11-19 19:25:00,2025-11-19 19:17:00,출발,I
제주항공,CNX,7C2515,P02,108,L13-L36,Master,7C2515,2025-11-19 19:10:00,2025-11-19 19:22:00,출발,I
한 에어,CNX,H19914,P02,108,L13-L36,Slave,7C2515,2025-11-19 19:10:00,2025-11-19 19:22:00,출발,I
아시아나항공,HKG,OZ745,P01,15,A03-C34,Master,OZ745,2025-11-19 19:25:00,2025-11-19 19:32:00,출발,I
홍콩항공,HKG,HX1565,P01,15,A03-C34,Slave,OZ745,2025-11-19 19:25:00,2025-11-19 19:32:00,출발,I
유나이티드항공,HKG,UA7308,P01,15,A03-C34,Slave,OZ745,2025-11-19 19:25:00,2025-11-19 19:32:00,출발,I
아시아나항공,SGN,OZ735,P01,18,A03-C34,Master,OZ735,2025-11-19 19:25:00,2025-11-19 19:25:00,출발,I
에어캐나다,SGN,AC6982,P01,18,A03-C34,Slave,OZ735,2025-11-19 19:25:00,2025-11-19 19:25:00,출발,I
에티하드 항공,SGN,EY8464,P01,18,A03-C34,Slave,OZ735,2025-11-19 19:25:00,2025-11-19 19:25:00,출발,I
델타항공,ATL,DL026,P03,265,K21-L15,Master,DL026,2025-11-19 19:25:00,2025-11-19 19:17:00,출발,I
대한항공,ATL,KE5035,P03,265,K21-L15,Slave,DL026,2025-11-19 19:25:00,2025-11-19 19:17:00,출발,I
아시아나항공,HAN,OZ733,P01,23,A03-C34,Master,OZ733,2025-11-19 19:30:00,2025-11-19 19:27:00,출발,I
에어캐나다,HAN,AC6984,P01,23,A03-C34,Slave,OZ733,2025-11-19 19:30:00,2025-11-19 19:27:00,출발,I
유나이티드항공,HAN,UA7314,P01,23,A03-C34,Slave,OZ733,2025-11-19 19:30:00,2025-11-19 19:27:00,출발,I
델타항공,MSP,DL170,P03,252,K21-L15,Master,DL170,2025-11-19 19:30:00,2025-11-19 19:21:00,출발,I
대한항공,MSP,KE5033,P03,252,K21-L15,Slave,DL170,2025-11-19 19:30:00,2025-11-19 19:21:00,출발,I
제주항공,BKK,7C2503,P01,45,L13-L36,Master,7C2503,2025-11-19 19:30:00,2025-11-19 19:30:00,출발,I
한 에어,BKK,H19984,P01,45,L13-L36,Slave,7C2503,2025-11-19 19:30:00,2025-11-19 19:30:00,출발,I
아시아나항공,KTI,OZ739,P01,11,A03-C34,Master,OZ739,2025-11-19 19:35:00,2025-11-19 19:47:00,출발,I
유나이티드항공,KTI,UA7300,P01,11,A03-C34,Slave,OZ739,2025-11-19 19:35:00,2025-11-19 19:47:00,출발,I
대한항공,PUS,KE1409,P03,219,-,Master,KE1409,2025-11-19 19:35:00,2025-11-19 19:26:00,출발,D
델타항공,PUS,DL7887,P03,219,-,Slave,KE1409,2025-11-19 19:35:00,2025-11-19 19:26:00,출발,D
KLM네덜란드항공,PUS,KL3396,P03,219,-,Slave,KE1409,2025-11-19 19:35:00,2025-11-19 19:26:00,출발,D
에어 프랑스,PUS,AF5391,P03,219,-,Slave,KE1409,2025-11-19 19:35:00,2025-11-19 19:26:00,출발,D
대한항공,SGN,KE479,P03,235,A B C D,Master,KE479,2025-11-19 19:35:00,2025-11-19 20:09:00,출발,I
델타항공,SGN,DL7919,P03,235,A B C D,Slave,KE479,2025-11-19 19:35:00,2025-11-19 20:09:00,출발,I
베트남항공,SGN,VN3407,P03,235,A B C D,Slave,KE479,2025-11-19 19:35:00,2025-11-19 20:09:00,출발,I
캐세이퍼시픽항공,HKG,CX419,P01,50,J01-J08,Master,CX419,2025-11-19 19:35:00,2025-11-19 19:39:00,출발,I
카타르항공,HKG,QR5845,P01,50,J01-J08,Slave,CX419,2025-11-19 19:35:00,2025-11-19 19:39:00,출발,I
아메리칸항공,HKG,AA8912,P01,50,J01-J08,Slave,CX419,2025-11-19 19:35:00,2025-11-19 19:39:00,출발,I
대한항공,LAX,KE011,P03,225,A B C D,Master,KE011,2025-11-19 19:40:00,2025-11-19 19:41:00,출발,I
아에로멕시코,LAX,AM6704,P03,225,A B C D,Slave,KE011,2025-11-19 19:40:00,2025-11-19 19:41:00,출발,I
델타항공,LAX,DL7833,P03,225,A B C D,Slave,KE011,2025-11-19 19:40:00,2025-11-19 19:41:00,출발,I
란항공,LAX,LA8426,P03,225,A B C D,Slave,KE011,2025-11-19 19:40:00,2025-11-19 19:41:00,출발,I
진에어,CXR,LJ087,P03,249,G17-H40,Master,LJ087,2025-11-19 19:40:00,2025-11-19 20:21:00,출발,I
대한항공,BNE,KE407,P03,257,A B C D,Master,KE407,2025-11-19 19:40:00,2025-11-19 19:45:00,출발,I
에어 프랑스,BNE,AF7880,P03,257,A B C D,Slave,KE407,2025-11-19 19:40:00,2025-11-19 19:45:00,출발,I
KLM네덜란드항공,BNE,KL9162,P03,257,A B C D,Slave,KE407,2025-11-19 19:40:00,2025-11-19 19:45:00,출발,I
몽골항공,BNE,OM6531,P03,257,A B C D,Slave,KE407,2025-11-19 19:40:00,2025-11-19 19:45:00,출발,I
버진 애트란틱항공,BNE,VS5525,P03,257,A B C D,Slave,KE407,2025-11-19 19:40:00,2025-11-19 19:45:00,출발,I
대한항공,GUM,KE8425,P03,221,A B C D,Master,KE8425,2025-11-19 19:45:00,2025-11-19 19:41:00,출발,I
대한항공,JFK,KE085,P03,232,A B C D,Master,KE085,2025-11-19 19:30:00,2025-11-19 20:00:00,출발,I
델타항공,JFK,DL7843,P03,232,A B C D,Slave,KE085,2025-11-19 19:30:00,2025-11-19 20:00:00,출발,I
에바항공,TPE,BR159,P01,30,D19-D27,Master,BR159,2025-11-19 19:45:00,2025-11-19 20:01:00,출발,I
에어캐나다,TPE,AC6534,P01,30,D19-D27,Slave,BR159,2025-11-19 19:45:00,2025-11-19 20:01:00,출발,I
에어 뉴질랜드,TPE,NZ4925,P01,30,D19-D27,Slave,BR159,2025-11-19 19:45:00,2025-11-19 20:01:00,출발,I
타이항공,TPE,TG6393,P01,30,D19-D27,Slave,BR159,2025-11-19 19:45:00,2025-11-19 20:01:00,출발,I
유니항공,TPE,B77025,P01,30,D19-D27,Slave,BR159,2025-11-19 19:45:00,2025-11-19 20:01:00,출발,I
아시아나항공,TPE,OZ6871,P01,30,D19-D27,Slave,BR159,2025-11-19 19:45:00,2025-11-19 20:01:00,출발,I
티웨이항공,BKK,TW101,P02,112,F19-F36,Master,TW101,2025-11-19 19:50:00,2025-11-19 19:53:00,출발,I
제주항공,BKI,7C2605,P02,131,L13-L36,Master,7C2605,2025-11-19 19:50:00,2025-11-19 19:57:00,출발,I
한 에어,BKI,H19875,P02,131,L13-L36,Slave,7C2605,2025-11-19 19:50:00,2025-11-19 19:57:00,출발,I
진에어,GUM,LJ917,P03,243,G17-H40,Master,LJ917,2025-11-19 19:55:00,2025-11-19 19:59:00,출발,I
아시아나항공,PVG,OZ367,P01,16,A03-C34,Master,OZ367,2025-11-19 20:00:00,2025-11-19 20:05:00,출발,I
길상항공,PVG,HO3109,P01,16,A03-C34,Slave,OZ367,2025-11-19 20:00:00,2025-11-19 20:05:00,출발,I
아시아나항공,SYD,OZ601,P01,17,A03-C34,Master,OZ601,2025-11-19 20:00:00,2025-11-19 20:17:00,출발,I
에티하드 항공,SYD,EY8462,P01,17,A03-C34,Slave,OZ601,2025-11-19 20:00:00,2025-11-19 20:17:00,출발,I
터키항공,SYD,TK8096,P01,17,A03-C34,Slave,OZ601,2025-11-19 20:00:00,2025-11-19 20:17:00,출발,I
대한항공,HKG,KE2011,P03,231,A B C D,Master,KE2011,2025-11-19 20:00:00,2025-11-19 20:13:00,출발,I
델타항공,HKG,DL7773,P03,231,A B C D,Slave,KE2011,2025-11-19 20:00:00,2025-11-19 20:13:00,출발,I
웨스트젯,HKG,WS6035,P03,231,A B C D,Slave,KE2011,2025-11-19 20:00:00,2025-11-19 20:13:00,출발,I
버진 애트란틱항공,HKG,VS5515,P03,231,A B C D,Slave,KE2011,2025-11-19 20:00:00,2025-11-19 20:13:00,출발,I
에어서울,CXR,RS527,P03,281,E01-E10,Master,RS527,2025-11-19 20:00:00,2025-11-19 20:31:00,출발,I
대한항공,MNL,KE625,P03,246,A B C D,Master,KE625,2025-11-19 20:05:00,2025-11-19 20:12:00,출발,I
샤먼항공,FOC,MF878,P03,250,J22-J26,Master,MF878,2025-11-19 20:05:00,2025-11-19 19:50:00,출발,I
델타항공,SEA,DL196,P03,253,K21-L15,Master,DL196,2025-11-19 20:05:00,2025-11-19 20:01:00,출발,I
대한항공,SEA,KE5019,P03,253,K21-L15,Slave,DL196,2025-11-19 20:05:00,2025-11-19 20:01:00,출발,I
티웨이항공,CXR,TW033,P02,115,F19-F36,Master,TW033,2025-11-19 20:10:00,2025-11-19 20:59:00,출발,I
에어서울,GUM,RS101,P03,276,E01-E10,Master,RS101,2025-11-19 19:45:00,2025-11-19 20:14:00,출발,I
중화항공,TPE,CI163,P03,255,J09-J15,Master,CI163,2025-11-19 20:15:00,2025-11-19 20:27:00,출발,I
대한항공,TPE,KE5693,P03,255,J09-J15,Slave,CI163,2025-11-19 20:15:00,2025-11-19 20:27:00,출발,I
델타항공,TPE,DL7720,P03,255,J09-J15,Slave,CI163,2025-11-19 20:15:00,2025-11-19 20:27:00,출발,I
하와이안 항공,TPE,HA2573,P03,255,J09-J15,Slave,CI163,2025-11-19 20:15:00,2025-11-19 20:27:00,출발,I
티웨이항공,DAD,TW013,P02,126,F19-F36,Master,TW013,2025-11-19 20:20:00,2025-11-19 20:29:00,출발,I
제주항공,CEB,7C2113,P01,35,L13-L36,Master,7C2113,2025-11-19 20:20:00,2025-11-19 20:30:00,출발,I
한 에어,CEB,H19789,P01,35,L13-L36,Slave,7C2113,2025-11-19 20:20:00,2025-11-19 20:30:00,출발,I
이스타항공,MDC,ZE535,P02,118,H24-J25,Master,ZE535,2025-11-19 20:25:00,2025-11-19 20:16:00,출발,I
춘추항공,YTY,9C6182,P02,129,H19-H23,Master,9C6182,2025-11-19 20:30:00,2025-11-19 20:24:00,출발,I
아시아나항공,HNL,OZ232,P01,21,A03-C34,Master,OZ232,2025-11-19 20:20:00,2025-11-19 20:42:00,출발,I
타이항공,HNL,TG6733,P01,21,A03-C34,Slave,OZ232,2025-11-19 20:20:00,2025-11-19 20:42:00,출발,I
싱가포르항공,HNL,SQ5732,P01,21,A03-C34,Slave,OZ232,2025-11-19 20:20:00,2025-11-19 20:42:00,출발,I
대한항공,HNL,KE053,P03,267,A B C D,Master,KE053,2025-11-19 20:35:00,2025-11-19 20:40:00,출발,I
델타항공,HNL,DL7939,P03,267,A B C D,Slave,KE053,2025-11-19 20:35:00,2025-11-19 20:40:00,출발,I
하와이안 항공,HNL,HA6019,P03,267,A B C D,Slave,KE053,2025-11-19 20:35:00,2025-11-19 20:40:00,출발,I
대한항공,BKK,KE659,P03,275,A B C D,Master,KE659,2025-11-19 20:35:00,2025-11-19 20:41:00,출발,I
델타항공,BKK,DL7917,P03,275,A B C D,Slave,KE659,2025-11-19 20:35:00,2025-11-19 20:41:00,출발,I
하와이안 항공,BKK,HA6011,P03,275,A B C D,Slave,KE659,2025-11-19 20:35:00,2025-11-19 20:41:00,출발,I
필리핀항공,MNL,PR403,P01,33,M23-M35,Master,PR403,2025-11-19 20:35:00,2025-11-19 20:22:00,출발,I
제주항공,VTE,7C2401,P01,37,L13-L36,Master,7C2401,2025-11-19 20:35:00,2025-11-19 20:43:00,출발,I
한 에어,VTE,H19983,P01,37,L13-L36,Slave,7C2401,2025-11-19 20:35:00,2025-11-19 20:43:00,출발,I
대한항공,HND,KE751,P03,245,A B C D,Master,KE751,2025-11-19 20:40:00,2025-11-19 20:37:00,출발,I
버진 애트란틱항공,HND,VS5529,P03,245,A B C D,Slave,KE751,2025-11-19 20:40:00,2025-11-19 20:37:00,출발,I
에어 프랑스,HND,AF5366,P03,245,A B C D,Slave,KE751,2025-11-19 20:40:00,2025-11-19 20:37:00,출발,I
일본항공,HND,JL5256,P03,245,A B C D,Slave,KE751,2025-11-19 20:40:00,2025-11-19 20:37:00,출발,I
아시아나항공,UBN,OZ567,P01,28,A03-C34,Master,OZ567,2025-11-19 20:45:00,2025-11-19 20:49:00,출발,I
에티하드 항공,UBN,EY8460,P01,28,A03-C34,Slave,OZ567,2025-11-19 20:45:00,2025-11-19 20:49:00,출발,I
이스타항공,CXR,ZE561,P02,104,H24-J25,Master,ZE561,2025-11-19 20:50:00,2025-11-19 21:29:00,출발,I
중국동방항공,NKG,MU2922,P02,125,H11-H18,Master,MU2922,2025-11-19 20:50:00,2025-11-19 20:44:00,출발,I
대한항공,NKG,KE5895,P02,125,H11-H18,Slave,MU2922,2025-11-19 20:50:00,2025-11-19 20:44:00,출발,I
대한항공,BKK,KE655,P03,220,A B C D,Master,KE655,2025-11-19 20:50:00,2025-11-19 20:53:00,출발,I
웨스트젯,BKK,WS6078,P03,220,A B C D,Slave,KE655,2025-11-19 20:50:00,2025-11-19 20:53:00,출발,I
델타항공,BKK,DL7921,P03,220,A B C D,Slave,KE655,2025-11-19 20:50:00,2025-11-19 20:53:00,출발,I
대한항공,PEK,KE863,P03,254,A B C D,Master,KE863,2025-11-19 20:50:00,2025-11-19 20:57:00,출발,I
샤먼항공,PEK,MF9096,P03,254,A B C D,Slave,KE863,2025-11-19 20:50:00,2025-11-19 20:57:00,출발,I
이스타항공,DAD,ZE593,P02,114,H24-J25,Master,ZE593,2025-11-19 20:55:00,2025-11-19 21:00:00,출발,I
피치항공,KIX,MM710,P02,110,K19-K24,Master,MM710,2025-11-19 21:00:00,2025-11-19 21:17:00,출발,I
아시아나항공,CAN,OZ357,P01,22,A03-C34,Master,OZ357,2025-11-19 21:00:00,2025-11-19 21:04:00,출발,I
심천항공,CAN,ZH3292,P01,22,A03-C34,Slave,OZ357,2025-11-19 21:00:00,2025-11-19 21:04:00,출발,I
대한항공,LAS,KE005,P03,233,A B C D,Master,KE005,2025-11-19 21:00:00,2025-11-19 20:58:00,출발,I
델타항공,LAS,DL7831,P03,233,A B C D,Slave,KE005,2025-11-19 21:00:00,2025-11-19 20:58:00,출발,I
아시아나항공,LAX,OZ204,P01,10,A03-C34,Master,OZ204,2025-11-19 20:40:00,2025-11-19 21:27:00,출발,I
싱가포르항공,LAX,SQ5704,P01,10,A03-C34,Slave,OZ204,2025-11-19 20:40:00,2025-11-19 21:27:00,출발,I
타이항공,LAX,TG6743,P01,10,A03-C34,Slave,OZ204,2025-11-19 20:40:00,2025-11-19 21:27:00,출발,I
유나이티드항공,LAX,UA7287,P01,10,A03-C34,Slave,OZ204,2025-11-19 20:40:00,2025-11-19 21:27:00,출발,I
코파항공,LAX,CM8001,P01,10,A03-C34,Slave,OZ204,2025-11-19 20:40:00,2025-11-19 21:27:00,출발,I
중국남방항공,PVG,CZ370,P02,123,E19-E36,Master,CZ370,2025-11-19 21:05:00,2025-11-19 21:00:00,출발,I
아시아나항공,SFO,OZ212,P01,14,A03-C34,Master,OZ212,2025-11-19 20:50:00,2025-11-19 21:20:00,출발,I
싱가포르항공,SFO,SQ5712,P01,14,A03-C34,Slave,OZ212,2025-11-19 20:50:00,2025-11-19 21:20:00,출발,I
타이항공,SFO,TG6747,P01,14,A03-C34,Slave,OZ212,2025-11-19 20:50:00,2025-11-19 21:20:00,출발,I
유나이티드항공,SFO,UA7289,P01,14,A03-C34,Slave,OZ212,2025-11-19 20:50:00,2025-11-19 21:20:00,출발,I
산동항공,TAO,SC4618,P01,43,N04-N15,Master,SC4618,2025-11-19 21:10:00,2025-11-19 20:55:00,출발,I
중국국제항공,TAO,CA8880,P01,43,N04-N15,Slave,SC4618,2025-11-19 21:10:00,2025-11-19 20:55:00,출발,I
아시아나항공,TAO,OZ6707,P01,43,N04-N15,Slave,SC4618,2025-11-19 21:10:00,2025-11-19 20:55:00,출발,I
제주항공,KWL,7C8611,P01,38,L13-L36,Master,7C8611,2025-11-19 21:15:00,2025-11-19 21:10:00,출발,I
한 에어,KWL,H19857,P01,38,L13-L36,Slave,7C8611,2025-11-19 21:15:00,2025-11-19 21:10:00,출발,I
제주항공,DAD,7C2217,P02,103,L13-L36,Master,7C2217,2025-11-19 21:20:00,2025-11-19 21:37:00,출발,I
한 에어,DAD,H19847,P02,103,L13-L36,Slave,7C2217,2025-11-19 21:20:00,2025-11-19 21:37:00,출발,I
제주항공,HAN,7C2201,P01,12,L13-L36,Master,7C2201,2025-11-19 21:20:00,2025-11-19 21:31:00,출발,I
한 에어,HAN,H19825,P01,12,L13-L36,Slave,7C2201,2025-11-19 21:20:00,2025-11-19 21:31:00,출발,I
제주항공,CRK,7C2107,P01,11,L13-L36,Master,7C2107,2025-11-19 21:25:00,2025-11-19 21:40:00,출발,I
한 에어,CRK,H19855,P01,11,L13-L36,Slave,7C2107,2025-11-19 21:25:00,2025-11-19 21:40:00,출발,I
중국남방항공,CGQ,CZ638,P02,124,E19-E36,Master,CZ638,2025-11-19 21:25:00,2025-11-19 21:12:00,출발,I
진에어,KWL,LJ883,P03,251,G17-H40,Master,LJ883,2025-11-19 21:25:00,2025-11-19 21:20:00,출발,I
에어서울,DAD,RS511,P03,279,E01-E10,Master,RS511,2025-11-19 20:55:00,2025-11-19 21:49:00,출발,I
알래스카 항공,HNL,AS860,P01,48,D01-D08,Master,AS860,2025-11-19 21:25:00,2025-11-19 21:16:00,출발,I
하와이안 항공,HNL,HA860,P01,48,D01-D08,Slave,AS860,2025-11-19 21:25:00,2025-11-19 21:16:00,출발,I
아시아나항공,HND,OZ178,P01,18,A03-C34,Master,OZ178,2025-11-19 21:30:00,2025-11-19 21:37:00,출발,I
전일본공수,HND,NH6896,P01,18,A03-C34,Slave,OZ178,2025-11-19 21:30:00,2025-11-19 21:37:00,출발,I
아시아나항공,CRK,OZ707,P01,8,A03-C34,Master,OZ707,2025-11-19 21:30:00,2025-11-19 21:40:00,출발,I
세부퍼시픽항공,CEB,5J131,P02,106,M19-M24,Master,5J131,2025-11-19 21:35:00,2025-11-19 21:27:00,출발,I
진에어,CRK,LJ037,P03,252,G17-H40,Master,LJ037,2025-11-19 21:35:00,2025-11-19 21:37:00,출발,I
대한항공,CRK,KE5763,P03,252,G17-H40,Slave,LJ037,2025-11-19 21:35:00,2025-11-19 21:37:00,출발,I
에어부산,TAG,BX7135,P03,277,E11-E20,Master,BX7135,2025-11-19 21:35:00,2025-11-19 21:34:00,출발,I
티웨이항공,SYD,TW501,P02,113,F19-F36,Master,TW501,2025-11-19 21:40:00,2025-11-19 21:43:00,출발,I
아시아나항공,CEB,OZ709,P01,9,A03-C34,Master,OZ709,2025-11-19 21:10:00,2025-11-19 21:55:00,출발,I
홍콩익스프레스,HKG,UO627,P02,112,K29-K34,Master,UO627,2025-11-19 21:50:00,2025-11-19 22:08:00,출발,I
중국남방항공,SHE,CZ672,P02,122,E19-E36,Master,CZ672,2025-11-19 21:50:00,2025-11-19 21:37:00,출발,I
젯스타,SYD,JQ048,P02,109,H01-H08,Master,JQ048,2025-11-19 21:50:00,2025-11-19 22:04:00,출발,I
핀에어,SYD,AY6439,P02,109,H01-H08,Slave,JQ048,2025-11-19 21:50:00,2025-11-19 22:04:00,출발,I
콴타스항공,SYD,QF5508,P02,109,H01-H08,Slave,JQ048,2025-11-19 21:50:00,2025-11-19 22:04:00,출발,I
에어프레미아,EWR,YP131,P01,39,K01-K16,Master,YP131,2025-11-19 21:55:00,2025-11-19 22:12:00,출발,I
티웨이항공,SYX,TW621,P02,127,F19-F36,Master,TW621,2025-11-19 22:05:00,2025-11-19 22:01:00,출발,I
산동항공,TNA,SC8004,P01,34,N04-N15,Master,SC8004,2025-11-19 22:05:00,2025-11-19 21:54:00,출발,I
아시아나항공,TNA,OZ6705,P01,34,N04-N15,Slave,SC8004,2025-11-19 22:05:00,2025-11-19 21:54:00,출발,I
중국국제항공,TNA,CA8876,P01,34,N04-N15,Slave,SC8004,2025-11-19 22:05:00,2025-11-19 21:54:00,출발,I
사천항공,DYG,3U3708,P01,47,M05-M09,Master,3U3708,2025-11-19 22:05:00,2025-11-19 21:49:00,출발,I
제주항공,CXR,7C2303,P01,17,L13-L36,Master,7C2303,2025-11-19 21:50:00,2025-11-19 22:05:00,출발,I
한 에어,CXR,H19879,P01,17,L13-L36,Slave,7C2303,2025-11-19 21:50:00,2025-11-19 22:05:00,출발,I
산동항공,TAO,SC4620,P01,45,N04-N15,Master,SC4620,2025-11-19 22:10:00,2025-11-19 22:03:00,출발,I
중국국제항공,TAO,CA8882,P01,45,N04-N15,Slave,SC4620,2025-11-19 22:10:00,2025-11-19 22:03:00,출발,I
아시아나항공,TAO,OZ6703,P01,45,N04-N15,Slave,SC4620,2025-11-19 22:10:00,2025-11-19 22:03:00,출발,I
에어프레미아,LAX,YP103,P01,32,K01-K16,Master,YP103,2025-11-19 22:20:00,2025-11-19 22:16:00,출발,I
에미레이트항공,DXB,EK325,P01,41,J01-J16,Master,EK325,2025-11-19 22:20:00,2025-11-19 22:10:00,출발,I
비엣젯항공,SGN,VJ861,P02,111,E06-E18,Master,VJ861,2025-11-19 21:15:00,2025-11-19 23:05:00,출발,I
비엣젯항공,DAD,VJ875,P02,104,E06-E18,Master,VJ875,2025-11-19 22:40:00,2025-11-19 22:47:00,출발,I
중국남방항공,CGO,CZ6010,P02,125,E19-E36,Master,CZ6010,2025-11-19 22:45:00,2025-11-19 22:36:00,출발,I
피치항공,HND,MM808,P02,110,K19-K24,Master,MM808,2025-11-19 22:50:00,2025-11-19 22:46:00,출발,I
에어프레미아,HNL,YP151,P01,27,K01-K16,Master,YP151,2025-11-19 22:50:00,2025-11-19 22:46:00,출발,I
대한항공,YVR,KE075,P03,224,A B C D,Master,KE075,2025-11-19 22:55:00,2025-11-19 22:48:00,출발,I
웨스트젯,YVR,WS6059,P03,224,A B C D,Slave,KE075,2025-11-19 22:55:00,2025-11-19 22:48:00,출발,I
스쿠트 항공,SIN,TR897,P02,108,D09-D16,Master,TR897,2025-11-19 23:00:00,2025-11-19 23:05:00,출발,I
핀에어,HEL,AY042,P01,50,M29-M34,Master,AY042,2025-11-19 23:00:00,2025-11-19 22:55:00,출발,I
대한항공,SIN,KE647,P03,234,A B C D,Master,KE647,2025-11-19 23:15:00,2025-11-19 23:11:00,출발,I
델타항공,SIN,DL7823,P03,234,A B C D,Slave,KE647,2025-11-19 23:15:00,2025-11-19 23:11:00,출발,I
스리랑카항공,SIN,UL3815,P03,234,A B C D,Slave,KE647,2025-11-19 23:15:00,2025-11-19 23:11:00,출발,I
웨스트젯,SIN,WS6065,P03,234,A B C D,Slave,KE647,2025-11-19 23:15:00,2025-11-19 23:11:00,출발,I
싱가포르항공,SIN,SQ605,P01,33,F01-F08,Master,SQ605,2025-11-19 23:15:00,2025-11-19 23:34:00,출발,I
에어캐나다,SIN,AC5880,P01,33,F01-F08,Slave,SQ605,2025-11-19 23:15:00,2025-11-19 23:34:00,출발,I
에어인디아 리미티드,SIN,AI8169,P01,33,F01-F08,Slave,SQ605,2025-11-19 23:15:00,2025-11-19 23:34:00,출발,I
버진 오스트레일리아,SIN,VA5675,P01,33,F01-F08,Slave,SQ605,2025-11-19 23:15:00,2025-11-19 23:34:00,출발,I
아시아나항공,SIN,OZ6783,P01,33,F01-F08,Slave,SQ605,2025-11-19 23:15:00,2025-11-19 23:34:00,출발,I
에미레이트항공,DXB,EK323,P01,43,J01-J16,Master,EK323,2025-11-19 23:40:00,2025-11-19 23:37:00,출발,I
대한항공,DXB,KE5951,P01,43,J01-J16,Slave,EK323,2025-11-19 23:40:00,2025-11-19 23:37:00,출발,I
스칸디나비아항공,CPH,SK988,P03,278,K21-K29,Master,SK988,2025-11-19 23:45:00,2025-11-19 23:35:00,출발,I
몽골항공,UBN,OM308,P01,21,K29-K34,Master,OM308,2025-11-19 23:55:00,2025-11-19 23:44:00,출발,I
에티오피아항공,ADD,ET673,P01,12,F09-F16,Master,ET673,2025-11-20 00:05:00,2025-11-20 00:16:00,출발,I
아시아나항공,ADD,OZ9760,P01,12,F09-F16,Slave,ET673,2025-11-20 00:05:00,2025-11-20 00:16:00,출발,I
전일본공수,ADD,NH5341,P01,12,F09-F16,Slave,ET673,2025-11-20 00:05:00,2025-11-20 00:16:00,출발,I
르완다에어,ADD,WB1217,P01,12,F09-F16,Slave,ET673,2025-11-20 00:05:00,2025-11-20 00:16:00,출발,I
에티하드 항공,AUH,EY827,P01,30,J26-J35,Master,EY827,2025-11-20 00:05:00,2025-11-19 23:55:00,출발,I
이집트항공,AUH,MS8413,P01,30,J26-J35,Slave,EY827,2025-11-20 00:05:00,2025-11-19 23:55:00,출발,I
오만항공,AUH,WY5127,P01,30,J26-J35,Slave,EY827,2025-11-20 00:05:00,2025-11-19 23:55:00,출발,I
플라이나스,AUH,XY3859,P01,30,J26-J35,Slave,EY827,2025-11-20 00:05:00,2025-11-19 23:55:00,출발,I
로얄 요르단 항공,AUH,RJ3632,P01,30,J26-J35,Slave,EY827,2025-11-20 00:05:00,2025-11-19 23:55:00,출발,I
아시아나항공,AUH,OZ6968,P01,30,J26-J35,Slave,EY827,2025-11-20 00:05:00,2025-11-19 23:55:00,출발,I
말레이시아 항공,KUL,MH039,P01,24,M20-M25,Master,MH039,2025-11-20 00:10:00,2025-11-20 00:10:00,출발,I
카타르항공,KUL,QR4497,P01,24,M20-M25,Slave,MH039,2025-11-20 00:10:00,2025-11-20 00:10:00,출발,I
터키항공,IST,TK091,P01,31,D26-D36,Master,TK091,2025-11-20 00:10:00,2025-11-20 00:00:00,출발,I
아시아나항공,IST,OZ6931,P01,31,D26-D36,Slave,TK091,2025-11-20 00:10:00,2025-11-20 00:00:00,출발,I
카타르항공,DOH,QR859,P01,46,H05-H18,Master,QR859,2025-11-20 00:20:00,2025-11-20 00:23:00,출발,I
영국항공,DOH,BA2293,P01,46,H05-H18,Slave,QR859,2025-11-20 00:20:00,2025-11-20 00:23:00,출발,I
란항공,DOH,LA6037,P01,46,H05-H18,Slave,QR859,2025-11-20 00:20:00,2025-11-20 00:23:00,출발,I
로얄 에어 모로코,DOH,AT5713,P01,46,H05-H18,Slave,QR859,2025-11-20 00:20:00,2025-11-20 00:23:00,출발,I
아시아나항공,DOH,OZ6889,P01,46,H05-H18,Slave,QR859,2025-11-20 00:20:00,2025-11-20 00:23:00,출발,I
르완다에어,DOH,WB1570,P01,46,H05-H18,Slave,QR859,2025-11-20 00:20:00,2025-11-20 00:23:00,출발,I
이베리아항공,DOH,IB6329,P01,46,H05-H18,Slave,QR859,2025-11-20 00:20:00,2025-11-20 00:23:00,출발,I
이스타항공,PVG,ZE871,P02,105,H31-H36,Master,ZE871,2025-11-20 00:30:00,2025-11-20 00:23:00,출발,I
타이거에어 타이완,TPE,IT603,P02,111,M01-M05,Master,IT603,2025-11-20 00:30:00,2025-11-20 00:33:00,출발,I
세부퍼시픽항공,MNL,5J187,P02,110,M27-M34,Master,5J187,2025-11-20 02:15:00,2025-11-20 02:05:00,출발,I
홍콩익스프레스,HKG,UO615,P02,114,K29-K34,Master,UO615,2025-11-20 02:20:00,2025-11-20 02:07:00,출발,I
캐세이퍼시픽항공,HKG,CX5615,P02,114,K29-K34,Slave,UO615,2025-11-20 02:20:00,2025-11-20 02:07:00,출발,I
비엣젯항공,PQC,VJ975,P02,111,E06-E18,Master,VJ975,2025-11-20 01:45:00,2025-11-20 02:51:00,출발,I
비엣젯항공,PQC,VJ979,P02,113,E12-E36,Master,VJ979,2025-11-20 02:20:00,2025-11-20 03:50:00,출발,I
비엣젯항공,PQC,VJ977,P02,107,E12-E36,Master,VJ977,2025-11-20 05:00:00,2025-11-20 04:50:00,출발,I
베트남항공,CXR,VN441,P02,110,D12-D16,Master,VN441,2025-11-20 06:15:00,2025-11-20 06:12:00,출발,I
대한항공,CXR,KE5679,P02,110,D12-D16,Slave,VN441,2025-11-20 06:15:00,2025-11-20 06:12:00,출발,I
비엣젯항공,DAD,VJ881,P02,127,E12-E36,Master,VJ881,2025-11-20 06:15:00,2025-11-20 06:10:00,출발,I
에어로케이항공,KIX,RF316,P02,108,K24-K27,Master,RF316,2025-11-20 06:20:00,2025-11-20 06:19:00,출발,I
바틱 에어 말레이시아,BKI,OD823,P01,46,J27-J30,Master,OD823,2025-11-20 06:20:00,2025-11-20 06:21:00,출발,I
제주항공,FUK,7C1401,P01,35,L13-L36,Master,7C1401,2025-11-20 06:30:00,2025-11-20 06:32:00,출발,I
한 에어,FUK,H19827,P01,35,L13-L36,Slave,7C1401,2025-11-20 06:30:00,2025-11-20 06:32:00,출발,I
비엣젯항공,CXR,VJ837,P02,104,E12-E36,Master,VJ837,2025-11-20 06:20:00,2025-11-20 06:53:00,출발,I
비엣젯항공,CXR,VJ835,P02,112,E12-E36,Master,VJ835,2025-11-20 06:45:00,2025-11-20 07:09:00,출발,I
이스타항공,YNT,ZE817,P02,124,H24-J25,Master,ZE817,2025-11-20 06:45:00,2025-11-20 06:53:00,출발,I
중국동방항공,YNT,MU5050,P02,121,H01-H18,Master,MU5050,2025-11-20 06:50:00,2025-11-20 06:47:00,출발,I
대한항공,YNT,KE5845,P02,121,H01-H18,Slave,MU5050,2025-11-20 06:50:00,2025-11-20 06:47:00,출발,I
진에어,FUK,LJ261,P03,264,G17-H40,Master,LJ261,2025-11-20 06:50:00,2025-11-20 06:51:00,출발,I
바틱 에어 말레이시아,KUL,OD821,P01,43,J31-J35,Master,OD821,2025-11-20 06:50:00,2025-11-20 07:25:00,출발,I
아시아나항공,KIX,OZ112,P01,7,A03-C34,Master,OZ112,2025-11-20 06:45:00,2025-11-20 07:04:00,출발,I
에티하드 항공,KIX,EY8448,P01,7,A03-C34,Slave,OZ112,2025-11-20 06:45:00,2025-11-20 07:04:00,출발,I
전일본공수,KIX,NH6952,P01,7,A03-C34,Slave,OZ112,2025-11-20 06:45:00,2025-11-20 07:04:00,출발,I
세부퍼시픽항공,MNL,5J185,P02,103,M19-M24,Master,5J185,2025-11-20 07:00:00,2025-11-20 07:06:00,출발,I
에어아시아 버하드,BKI,AK1624,P02,117,J01-J05,Master,AK1624,2025-11-20 07:00:00,2025-11-20 06:59:00,출발,I
대한항공,PUS,KE1401,P03,220,-,Master,KE1401,2025-11-20 07:00:00,2025-11-20 06:59:00,출발,D
델타항공,PUS,DL7855,P03,220,-,Slave,KE1401,2025-11-20 07:00:00,2025-11-20 06:59:00,출발,D
제주항공,KIX,7C1301,P01,23,L13-L36,Master,7C1301,2025-11-20 07:00:00,2025-11-20 07:06:00,출발,I
한 에어,KIX,H19810,P01,23,L13-L36,Slave,7C1301,2025-11-20 07:00:00,2025-11-20 07:06:00,출발,I
제주항공,MYJ,7C1721,P01,38,L13-L36,Master,7C1721,2025-11-20 07:00:00,2025-11-20 07:04:00,출발,I
한 에어,MYJ,H19945,P01,38,L13-L36,Slave,7C1721,2025-11-20 07:00:00,2025-11-20 07:04:00,출발,I
필리핀항공,CEB,PR487,P01,48,M25-M36,Master,PR487,2025-11-20 07:05:00,2025-11-20 06:55:00,출발,I
제주항공,FSZ,7C1601,P02,131,L13-L36,Master,7C1601,2025-11-20 07:10:00,2025-11-20 07:14:00,출발,I
한 에어,FSZ,H19912,P02,131,L13-L36,Slave,7C1601,2025-11-20 07:10:00,2025-11-20 07:14:00,출발,I
비엣젯항공,HPH,VJ925,P02,123,E12-E36,Master,VJ925,2025-11-20 07:15:00,2025-11-20 07:13:00,출발,I
이스타항공,NRT,ZE605,P02,126,H24-J25,Master,ZE605,2025-11-20 07:15:00,2025-11-20 07:31:00,출발,I
에어부산,FUK,BX156,P03,278,E11-E20,Master,BX156,2025-11-20 07:15:00,2025-11-20 07:19:00,출발,I
아시아나항공,FUK,OZ9576,P03,278,E11-E20,Slave,BX156,2025-11-20 07:15:00,2025-11-20 07:19:00,출발,I
에어서울,KIX,RS711,P03,279,E01-E10,Master,RS711,2025-11-20 07:15:00,2025-11-20 07:19:00,출발,I
제주항공,TAG,7C2121,P01,34,L13-L36,Master,7C2121,2025-11-20 07:15:00,2025-11-20 07:12:00,출발,I
한 에어,TAG,H19792,P01,34,L13-L36,Slave,7C2121,2025-11-20 07:15:00,2025-11-20 07:12:00,출발,I
제주항공,CTS,7C1501,P02,105,L13-L36,Master,7C1501,2025-11-20 07:20:00,2025-11-20 07:25:00,출발,I
한 에어,CTS,H19794,P02,105,L13-L36,Slave,7C1501,2025-11-20 07:20:00,2025-11-20 07:25:00,출발,I
중국동방항공,KMG,MU2004,P02,122,H01-H18,Master,MU2004,2025-11-20 07:25:00,2025-11-20 07:20:00,출발,I
대한항공,KMG,KE5855,P02,122,H01-H18,Slave,MU2004,2025-11-20 07:25:00,2025-11-20 07:20:00,출발,I
진에어,NRT,LJ201,P03,253,G17-H40,Master,LJ201,2025-11-20 07:25:00,2025-11-20 07:28:00,출발,I
대한항공,NRT,KE5741,P03,253,G17-H40,Slave,LJ201,2025-11-20 07:25:00,2025-11-20 07:28:00,출발,I
피치항공,KIX,MM712,P02,109,K19-K23,Master,MM712,2025-11-20 07:30:00,2025-11-20 07:33:00,출발,I
아시아나항공,SGN,OZ731,P01,11,A03-C35,Master,OZ731,2025-11-20 07:30:00,2025-11-20 07:35:00,출발,I
에티하드 항공,SGN,EY8474,P01,11,A03-C35,Slave,OZ731,2025-11-20 07:30:00,2025-11-20 07:35:00,출발,I
필리핀항공,MNL,PR401,P01,50,M25-M36,Master,PR401,2025-11-20 07:30:00,2025-11-20 07:43:00,출발,I
에어아시아엑스,KUL,D7505,P02,107,J09-J16,Master,D7505,2025-11-20 07:35:00,2025-11-20 08:14:00,출발,I
아시아나항공,MNL,OZ701,P01,14,A03-C35,Master,OZ701,2025-11-20 07:35:00,2025-11-20 07:43:00,출발,I
에어부산,NRT,BX164,P03,277,E11-E20,Master,BX164,2025-11-20 07:35:00,2025-11-20 07:51:00,출발,I
대한항공,MNL,KE621,P03,233,A B C D,Master,KE621,2025-11-20 07:40:00,2025-11-20 07:41:00,출발,I
진에어,NGO,LJ345,P03,260,G17-H40,Master,LJ345,2025-11-20 07:40:00,2025-11-20 07:41:00,출발,I
대한항공,NGO,KE5079,P03,260,G17-H40,Slave,LJ345,2025-11-20 07:40:00,2025-11-20 07:41:00,출발,I
티웨이항공,DAD,TW007,P02,101,F19-F36,Master,TW007,2025-11-20 07:45:00,2025-11-20 07:42:00,출발,I
대한항공,UBN,KE2041,P03,257,A B C D,Master,KE2041,2025-11-20 07:45:00,2025-11-20 07:44:00,출발,I
몽골항공,UBN,OM5302,P03,257,A B C D,Slave,KE2041,2025-11-20 07:45:00,2025-11-20 07:44:00,출발,I
델타항공,UBN,DL7885,P03,257,A B C D,Slave,KE2041,2025-11-20 07:45:00,2025-11-20 07:44:00,출발,I
제주항공,HIJ,7C1615,P01,36,L13-L36,Master,7C1615,2025-11-20 07:45:00,2025-11-20 07:41:00,출발,I
한 에어,HIJ,H19988,P01,36,L13-L36,Slave,7C1615,2025-11-20 07:45:00,2025-11-20 07:41:00,출발,I
티웨이항공,KMJ,TW287,P02,115,F19-F36,Master,TW287,2025-11-20 07:50:00,2025-11-20 07:50:00,출발,I
대한항공,KMQ,KE2189,P03,243,A B C D,Master,KE2189,2025-11-20 07:50:00,2025-11-20 07:51:00,출발,I
델타항공,KMQ,DL7935,P03,243,A B C D,Slave,KE2189,2025-11-20 07:50:00,2025-11-20 07:51:00,출발,I
일본항공,KMQ,JL5228,P03,243,A B C D,Slave,KE2189,2025-11-20 07:50:00,2025-11-20 07:51:00,출발,I
대한항공,FUK,KE787,P03,248,A B C D,Master,KE787,2025-11-20 07:50:00,2025-11-20 07:53:00,출발,I
에어 프랑스,FUK,AF7895,P03,248,A B C D,Slave,KE787,2025-11-20 07:50:00,2025-11-20 07:53:00,출발,I
델타항공,FUK,DL7892,P03,248,A B C D,Slave,KE787,2025-11-20 07:50:00,2025-11-20 07:53:00,출발,I
일본항공,FUK,JL5220,P03,248,A B C D,Slave,KE787,2025-11-20 07:50:00,2025-11-20 07:53:00,출발,I
몽골항공,FUK,OM6709,P03,248,A B C D,Slave,KE787,2025-11-20 07:50:00,2025-11-20 07:53:00,출발,I
KLM네덜란드항공,FUK,KL4252,P03,248,A B C D,Slave,KE787,2025-11-20 07:50:00,2025-11-20 07:53:00,출발,I
진에어,RMQ,LJ735,P03,252,G17-H40,Master,LJ735,2025-11-20 07:50:00,2025-11-20 07:50:00,출발,I
티웨이항공,KIX,TW301,P02,102,F19-F36,Master,TW301,2025-11-20 07:55:00,2025-11-20 07:53:00,출발,I
대한항공,PEK,KE859,P03,219,A B C D,Master,KE859,2025-11-20 07:55:00,2025-11-20 07:52:00,출발,I
샤먼항공,PEK,MF9100,P03,219,A B C D,Slave,KE859,2025-11-20 07:55:00,2025-11-20 07:52:00,출발,I
아시아나항공,OKA,OZ172,P01,8,A03-C35,Master,OZ172,2025-11-20 07:55:00,2025-11-20 07:55:00,출발,I
전일본공수,OKA,NH6994,P01,8,A03-C35,Slave,OZ172,2025-11-20 07:55:00,2025-11-20 07:55:00,출발,I
대한항공,NGS,KE2191,P03,235,A B C D,Master,KE2191,2025-11-20 08:00:00,2025-11-20 08:04:00,출발,I
델타항공,NGS,DL7907,P03,235,A B C D,Slave,KE2191,2025-11-20 08:00:00,2025-11-20 08:04:00,출발,I
진에어,KIX,LJ231,P03,247,G17-H40,Master,LJ231,2025-11-20 08:00:00,2025-11-20 08:01:00,출발,I
대한항공,KIX,KE5071,P03,247,G17-H40,Slave,LJ231,2025-11-20 08:00:00,2025-11-20 08:01:00,출발,I
아시아나항공,TPE,OZ711,P01,27,A03-C35,Master,OZ711,2025-11-20 08:00:00,2025-11-20 08:03:00,출발,I
에바항공,TPE,BR2147,P01,27,A03-C35,Slave,OZ711,2025-11-20 08:00:00,2025-11-20 08:03:00,출발,I
에어서울,FUK,RS723,P03,276,E01-E10,Master,RS723,2025-11-20 07:20:00,2025-11-20 08:00:00,출발,I
진에어,NRT,LJ217,P03,265,G17-H40,Master,LJ217,2025-11-20 08:05:00,2025-11-20 08:04:00,출발,I
제주항공,KIX,7C1391,P01,45,L13-L36,Master,7C1391,2025-11-20 08:05:00,2025-11-20 08:09:00,출발,I
한 에어,KIX,H19854,P01,45,L13-L36,Slave,7C1391,2025-11-20 08:05:00,2025-11-20 08:09:00,출발,I
제주항공,NRT,7C1101,P02,119,L13-L36,Master,7C1101,2025-11-20 08:10:00,2025-11-20 08:11:00,출발,I
한 에어,NRT,H19800,P02,119,L13-L36,Slave,7C1101,2025-11-20 08:10:00,2025-11-20 08:11:00,출발,I
아시아나항공,NGO,OZ122,P01,16,A03-C35,Master,OZ122,2025-11-20 08:10:00,2025-11-20 08:12:00,출발,I
전일본공수,NGO,NH6964,P01,16,A03-C35,Slave,OZ122,2025-11-20 08:10:00,2025-11-20 08:12:00,출발,I
에티하드 항공,NGO,EY8457,P01,16,A03-C35,Slave,OZ122,2025-11-20 08:10:00,2025-11-20 08:12:00,출발,I
대한항공,HKG,KE2001,P03,221,A B C D,Master,KE2001,2025-11-20 08:10:00,2025-11-20 08:08:00,출발,I
델타항공,HKG,DL7771,P03,221,A B C D,Slave,KE2001,2025-11-20 08:10:00,2025-11-20 08:08:00,출발,I
웨스트젯,HKG,WS6075,P03,221,A B C D,Slave,KE2001,2025-11-20 08:10:00,2025-11-20 08:08:00,출발,I
제주항공,TAO,7C8401,P01,37,L13-L36,Master,7C8401,2025-11-20 08:10:00,2025-11-20 08:21:00,출발,I
한 에어,TAO,H19897,P01,37,L13-L36,Slave,7C8401,2025-11-20 08:10:00,2025-11-20 08:21:00,출발,I
대한항공,SZX,KE835,P03,239,A B C D,Master,KE835,2025-11-20 08:15:00,2025-11-20 08:22:00,출발,I
아시아나항공,PEK,OZ331,P01,21,A03-C35,Master,OZ331,2025-11-20 08:20:00,2025-11-20 08:19:00,출발,I
중국국제항공,PEK,CA5002,P01,21,A03-C35,Slave,OZ331,2025-11-20 08:20:00,2025-11-20 08:19:00,출발,I
에어서울,GUM,RS103,P03,279,E01-E10,Master,RS103,2025-11-20 08:20:00,2025-11-20 08:30:00,출발,I
아시아나항공,CAN,OZ369,P01,40,A03-C35,Master,OZ369,2025-11-20 08:20:00,2025-11-20 08:19:00,출발,I
심천항공,CAN,ZH3308,P01,40,A03-C35,Slave,OZ369,2025-11-20 08:20:00,2025-11-20 08:19:00,출발,I
대한항공,PVG,KE881,P03,218,A B C D,Master,KE881,2025-11-20 08:25:00,2025-11-20 08:34:00,출발,I
중국동방항공,PVG,MU8930,P03,218,A B C D,Slave,KE881,2025-11-20 08:25:00,2025-11-20 08:34:00,출발,I
상하이항공,PVG,FM8752,P03,218,A B C D,Slave,KE881,2025-11-20 08:25:00,2025-11-20 08:34:00,출발,I
샤먼항공,PVG,MF9086,P03,218,A B C D,Slave,KE881,2025-11-20 08:25:00,2025-11-20 08:34:00,출발,I
대한항공,UKB,KE2171,P03,249,A B C D,Master,KE2171,2025-11-20 08:25:00,2025-11-20 08:19:00,출발,I
중국동방항공,TAO,MU2044,P02,132,H01-H18,Master,MU2044,2025-11-20 08:30:00,2025-11-20 08:22:00,출발,I
대한항공,TAO,KE5869,P02,132,H01-H18,Slave,MU2044,2025-11-20 08:30:00,2025-11-20 08:22:00,출발,I
상하이항공,TAO,FM3076,P02,132,H01-H18,Slave,MU2044,2025-11-20 08:30:00,2025-11-20 08:22:00,출발,I
대한항공,HAN,KE441,P03,232,A B C D,Master,KE441,2025-11-20 08:00:00,2025-11-20 08:43:00,출발,I
델타항공,HAN,DL7805,P03,232,A B C D,Slave,KE441,2025-11-20 08:00:00,2025-11-20 08:43:00,출발,I
베트남항공,HAN,VN3415,P03,232,A B C D,Slave,KE441,2025-11-20 08:00:00,2025-11-20 08:43:00,출발,I
웨스트젯,HAN,WS6067,P03,232,A B C D,Slave,KE441,2025-11-20 08:00:00,2025-11-20 08:43:00,출발,I
에어마카오,MFM,NX825,P01,41,N01-N05,Master,NX825,2025-11-20 08:30:00,2025-11-20 08:30:00,출발,I
아시아나항공,MFM,OZ6865,P01,41,N01-N05,Slave,NX825,2025-11-20 08:30:00,2025-11-20 08:30:00,출발,I
티웨이항공,NRT,TW241,P02,129,F19-F36,Master,TW241,2025-11-20 08:35:00,2025-11-20 08:34:00,출발,I
진에어,CTS,LJ301,P03,250,G17-H40,Master,LJ301,2025-11-20 08:35:00,2025-11-20 08:47:00,출발,I
대한항공,CTS,KE5061,P03,250,G17-H40,Slave,LJ301,2025-11-20 08:35:00,2025-11-20 08:47:00,출발,I
이스타항공,NRT,ZE601,P02,118,H24-J25,Master,ZE601,2025-11-20 08:40:00,2025-11-20 08:37:00,출발,I
이스타항공,FUK,ZE645,P02,125,H24-J25,Master,ZE645,2025-11-20 08:40:00,2025-11-20 08:40:00,출발,I
대한항공,KOJ,KE2179,P03,222,A B C D,Master,KE2179,2025-11-20 08:45:00,2025-11-20 08:46:00,출발,I
일본항공,KOJ,JL5248,P03,222,A B C D,Slave,KE2179,2025-11-20 08:45:00,2025-11-20 08:46:00,출발,I
델타항공,KOJ,DL7899,P03,222,A B C D,Slave,KE2179,2025-11-20 08:45:00,2025-11-20 08:46:00,출발,I
대한항공,SHE,KE831,P03,238,A B C D,Master,KE831,2025-11-20 08:45:00,2025-11-20 08:44:00,출발,I
중국동방항공,SHE,MU8962,P03,238,A B C D,Slave,KE831,2025-11-20 08:45:00,2025-11-20 08:44:00,출발,I
에어프레미아,NRT,YP731,P01,32,K01-K05,Master,YP731,2025-11-20 08:45:00,2025-11-20 08:41:00,출발,I
대한항공,KIX,KE723,P03,261,A B C D,Master,KE723,2025-11-20 08:50:00,2025-11-20 09:00:00,출발,I
몽골항공,KIX,OM6703,P03,261,A B C D,Slave,KE723,2025-11-20 08:50:00,2025-11-20 09:00:00,출발,I
델타항공,KIX,DL7785,P03,261,A B C D,Slave,KE723,2025-11-20 08:50:00,2025-11-20 09:00:00,출발,I
일본항공,KIX,JL5210,P03,261,A B C D,Slave,KE723,2025-11-20 08:50:00,2025-11-20 09:00:00,출발,I
싱가포르항공,SIN,SQ607,P01,46,F01-F08,Master,SQ607,2025-11-20 08:50:00,2025-11-20 09:05:00,출발,I
에어인디아 리미티드,SIN,AI8171,P01,46,F01-F08,Slave,SQ607,2025-11-20 08:50:00,2025-11-20 09:05:00,출발,I
아시아나항공,SIN,OZ6781,P01,46,F01-F08,Slave,SQ607,2025-11-20 08:50:00,2025-11-20 09:05:00,출발,I
버진 오스트레일리아,SIN,VA5677,P01,46,F01-F08,Slave,SQ607,2025-11-20 08:50:00,2025-11-20 09:05:00,출발,I
중국동방항공,PVG,MU5052,P02,121,H01-H18,Master,MU5052,2025-11-20 08:55:00,2025-11-20 08:50:00,출발,I
대한항공,PVG,KE5879,P02,121,H01-H18,Slave,MU5052,2025-11-20 08:55:00,2025-11-20 08:50:00,출발,I
상하이항공,PVG,FM3070,P02,121,H01-H18,Slave,MU5052,2025-11-20 08:55:00,2025-11-20 08:50:00,출발,I
아시아나항공,TSN,OZ327,P01,20,A03-C35,Master,OZ327,2025-11-20 08:55:00,2025-11-20 09:02:00,출발,I
중국국제항공,TSN,CA5014,P01,20,A03-C35,Slave,OZ327,2025-11-20 08:55:00,2025-11-20 09:02:00,출발,I
대한항공,TAO,KE841,P03,234,A B C D,Master,KE841,2025-11-20 08:55:00,2025-11-20 08:59:00,출발,I
중국동방항공,TAO,MU8940,P03,234,A B C D,Slave,KE841,2025-11-20 08:55:00,2025-11-20 08:59:00,출발,I
대한항공,CSX,KE819,P03,246,A B C D,Master,KE819,2025-11-20 08:55:00,2025-11-20 09:06:00,출발,I
샤먼항공,CSX,MF9082,P03,246,A B C D,Slave,KE819,2025-11-20 08:55:00,2025-11-20 09:06:00,출발,I
중국동방항공,CSX,MU8944,P03,246,A B C D,Slave,KE819,2025-11-20 08:55:00,2025-11-20 09:06:00,출발,I
진에어,KIX,LJ233,P03,251,G17-H40,Master,LJ233,2025-11-20 08:55:00,2025-11-20 08:58:00,출발,I
대한항공,CAN,KE867,P03,278,A B C D,Master,KE867,2025-11-20 08:55:00,2025-11-20 08:58:00,출발,I
아시아나항공,NRT,OZ102,P01,10,A03-C35,Master,OZ102,2025-11-20 09:00:00,2025-11-20 09:03:00,출발,I
에티하드 항공,NRT,EY8453,P01,10,A03-C35,Slave,OZ102,2025-11-20 09:00:00,2025-11-20 09:03:00,출발,I
전일본공수,NRT,NH6972,P01,10,A03-C35,Slave,OZ102,2025-11-20 09:00:00,2025-11-20 09:03:00,출발,I
에어 뉴질랜드,NRT,NZ4060,P01,10,A03-C35,Slave,OZ102,2025-11-20 09:00:00,2025-11-20 09:03:00,출발,I
유나이티드항공,NRT,UA7318,P01,10,A03-C35,Slave,OZ102,2025-11-20 09:00:00,2025-11-20 09:03:00,출발,I
아시아나항공,JFK,OZ222,P01,15,A03-C35,Master,OZ222,2025-11-20 09:00:00,2025-11-20 09:13:00,출발,I
코파항공,JFK,CM8004,P01,15,A03-C35,Slave,OZ222,2025-11-20 09:00:00,2025-11-20 09:13:00,출발,I
싱가포르항공,JFK,SQ5722,P01,15,A03-C35,Slave,OZ222,2025-11-20 09:00:00,2025-11-20 09:13:00,출발,I
타이항공,JFK,TG6745,P01,15,A03-C35,Slave,OZ222,2025-11-20 09:00:00,2025-11-20 09:13:00,출발,I
유나이티드항공,JFK,UA7293,P01,15,A03-C35,Slave,OZ222,2025-11-20 09:00:00,2025-11-20 09:13:00,출발,I
아시아나항공,FRA,OZ541,P01,17,A03-C35,Master,OZ541,2025-11-20 09:00:00,2025-11-20 09:07:00,출발,I
대한항공,HFE,KE155,P03,220,A B C D,Master,KE155,2025-11-20 09:00:00,2025-11-20 08:58:00,출발,I
대한항공,TPE,KE2021,P03,268,A B C D,Master,KE2021,2025-11-20 09:00:00,2025-11-20 09:08:00,출발,I
델타항공,TPE,DL7775,P03,268,A B C D,Slave,KE2021,2025-11-20 09:00:00,2025-11-20 09:08:00,출발,I
중화항공,TPE,CI9065,P03,268,A B C D,Slave,KE2021,2025-11-20 09:00:00,2025-11-20 09:08:00,출발,I
아시아나항공,HKG,OZ721,P01,28,A03-C35,Master,OZ721,2025-11-20 09:00:00,2025-11-20 09:01:00,출발,I
홍콩항공,HKG,HX1551,P01,28,A03-C35,Slave,OZ721,2025-11-20 09:00:00,2025-11-20 09:01:00,출발,I
유나이티드항공,HKG,UA7306,P01,28,A03-C35,Slave,OZ721,2025-11-20 09:00:00,2025-11-20 09:01:00,출발,I
이스타항공,KIX,ZE611,P02,114,H24-J25,Master,ZE611,2025-11-20 09:05:00,2025-11-20 09:03:00,출발,I
아시아나항공,CGQ,OZ303,P01,18,A03-C35,Master,OZ303,2025-11-20 09:05:00,2025-11-20 09:04:00,출발,I
중국남방항공,CGQ,CZ4202,P01,18,A03-C35,Slave,OZ303,2025-11-20 09:05:00,2025-11-20 09:04:00,출발,I
대한항공,CGO,KE133,P03,245,A B C D,Master,KE133,2025-11-20 09:05:00,2025-11-20 09:32:00,출발,I
제주항공,KIX,7C1303,P02,103,L13-L36,Master,7C1303,2025-11-20 09:10:00,2025-11-20 09:11:00,출발,I
한 에어,KIX,H19812,P02,103,L13-L36,Slave,7C1303,2025-11-20 09:10:00,2025-11-20 09:11:00,출발,I
이스타항공,CTS,ZE625,P02,126,H24-J25,Master,ZE625,2025-11-20 09:10:00,2025-11-20 09:09:00,출발,I
아시아나항공,HAN,OZ729,P01,22,A03-C35,Master,OZ729,2025-11-20 09:10:00,2025-11-20 09:15:00,출발,I
대한항공,BOS,KE091,P03,254,A B C D,Master,KE091,2025-11-20 09:10:00,2025-11-20 09:16:00,출발,I
델타항공,BOS,DL7839,P03,254,A B C D,Slave,KE091,2025-11-20 09:10:00,2025-11-20 09:16:00,출발,I
에어서울,TAK,RS741,P03,263,E01-E10,Master,RS741,2025-11-20 08:45:00,2025-11-20 09:09:00,출발,I
에어부산,KIX,BX172,P03,277,E11-E20,Master,BX172,2025-11-20 09:10:00,2025-11-20 09:06:00,출발,I
대한항공,GUM,KE415,P03,258,A B C D,Master,KE415,2025-11-20 09:15:00,2025-11-20 09:24:00,출발,I
델타항공,GUM,DL7827,P03,258,A B C D,Slave,KE415,2025-11-20 09:15:00,2025-11-20 09:24:00,출발,I
대한항공,BKK,KE657,P03,275,A B C D,Master,KE657,2025-11-20 09:15:00,2025-11-20 09:24:00,출발,I
델타항공,BKK,DL7894,P03,275,A B C D,Slave,KE657,2025-11-20 09:15:00,2025-11-20 09:24:00,출발,I
하와이안 항공,BKK,HA6009,P03,275,A B C D,Slave,KE657,2025-11-20 09:15:00,2025-11-20 09:24:00,출발,I
티웨이항공,KLO,TW125,P02,122,F19-F36,Master,TW125,2025-11-20 09:20:00,2025-11-20 09:18:00,출발,I
에어서울,NRT,RS701,P03,276,E01-E10,Master,RS701,2025-11-20 09:20:00,2025-11-20 09:35:00,출발,I
에어 아스타나,NQZ,KC210,P01,47,N06-N10,Master,KC210,2025-11-20 09:05:00,2025-11-20 09:35:00,출발,I
아시아나항공,NQZ,OZ6963,P01,47,N06-N10,Slave,KC210,2025-11-20 09:05:00,2025-11-20 09:35:00,출발,I
캐세이퍼시픽항공,NQZ,CX6228,P01,47,N06-N10,Slave,KC210,2025-11-20 09:05:00,2025-11-20 09:35:00,출발,I
아시아나항공,YNZ,OZ337,P01,9,A03-C35,Master,OZ337,2025-11-20 09:20:00,2025-11-20 09:14:00,출발,I
중국남방항공,PKX,CZ316,P02,123,E19-E36,Master,CZ316,2025-11-20 09:25:00,2025-11-20 09:44:00,출발,I
대한항공,XIY,KE811,P03,225,A B C D,Master,KE811,2025-11-20 09:15:00,2025-11-20 09:53:00,출발,I
중국동방항공,XIY,MU8946,P03,225,A B C D,Slave,KE811,2025-11-20 09:15:00,2025-11-20 09:53:00,출발,I
아시아나항공,IST,OZ551,P01,19,A03-C35,Master,OZ551,2025-11-20 09:35:00,2025-11-20 09:52:00,출발,I
터키항공,IST,TK8091,P01,19,A03-C35,Slave,OZ551,2025-11-20 09:35:00,2025-11-20 09:52:00,출발,I
델타항공,DTW,DL158,P03,256,K21-K30,Master,DL158,2025-11-20 09:35:00,2025-11-20 09:25:00,출발,I
대한항공,DTW,KE7273,P03,256,K21-K30,Slave,DL158,2025-11-20 09:35:00,2025-11-20 09:25:00,출발,I
아시아나항공,DLC,OZ301,P01,26,A03-C35,Master,OZ301,2025-11-20 09:35:00,2025-11-20 09:33:00,출발,I
중국국제항공,DLC,CA5012,P01,26,A03-C35,Slave,OZ301,2025-11-20 09:35:00,2025-11-20 09:33:00,출발,I
타이항공,BKK,TG659,P01,31,M05-M18,Master,TG659,2025-11-20 09:35:00,2025-11-20 09:29:00,출발,I
티웨이항공,FRA,TW403,P01,35,F19-F36,Master,TW403,2025-11-20 09:35:00,2025-11-20 10:01:00,출발,I
제주항공,NGO,7C1201,P02,110,L13-L36,Master,7C1201,2025-11-20 09:40:00,2025-11-20 09:44:00,출발,I
한 에어,NGO,H19790,P02,110,L13-L36,Slave,7C1201,2025-11-20 09:40:00,2025-11-20 09:44:00,출발,I
대한항공,PUS,KE1403,P03,219,-,Master,KE1403,2025-11-20 09:40:00,2025-11-20 09:44:00,출발,D
에어 프랑스,PUS,AF5391,P03,219,-,Slave,KE1403,2025-11-20 09:40:00,2025-11-20 09:44:00,출발,D
델타항공,PUS,DL7923,P03,219,-,Slave,KE1403,2025-11-20 09:40:00,2025-11-20 09:44:00,출발,D
가루다인도네시아,PUS,GA9989,P03,219,-,Slave,KE1403,2025-11-20 09:40:00,2025-11-20 09:44:00,출발,D
델타항공,PUS,DL7931,P03,219,-,Slave,KE1403,2025-11-20 09:40:00,2025-11-20 09:44:00,출발,D
진에어,TPE,LJ731,P03,255,G17-H40,Master,LJ731,2025-11-20 09:40:00,2025-11-20 09:48:00,출발,I
대한항공,TPE,KE5755,P03,255,G17-H40,Slave,LJ731,2025-11-20 09:40:00,2025-11-20 09:48:00,출발,I
진에어,GUM,LJ913,P03,264,G17-H40,Master,LJ913,2025-11-20 09:40:00,2025-11-20 09:45:00,출발,I
대한항공,GUM,KE5775,P03,264,G17-H40,Slave,LJ913,2025-11-20 09:40:00,2025-11-20 09:45:00,출발,I
파라타항공,NRT,WE501,P01,43,F09-F17,Master,WE501,2025-11-20 09:40:00,2025-11-20 09:39:00,출발,I
대한항공,ATL,KE035,P03,253,A B C D,Master,KE035,2025-11-20 09:45:00,2025-11-20 09:46:00,출발,I
델타항공,ATL,DL7851,P03,253,A B C D,Slave,KE035,2025-11-20 09:45:00,2025-11-20 09:46:00,출발,I
진에어,ISG,LJ361,P03,260,G17-H40,Master,LJ361,2025-11-20 09:50:00,2025-11-20 09:54:00,출발,I
제주항공,HKG,7C6021,P01,38,L13-L36,Master,7C6021,2025-11-20 09:50:00,2025-11-20 09:48:00,출발,I
한 에어,HKG,H19990,P01,38,L13-L36,Slave,7C6021,2025-11-20 09:50:00,2025-11-20 09:48:00,출발,I
이스타항공,KIX,ZE615,P02,124,H24-J25,Master,ZE615,2025-11-20 09:55:00,2025-11-20 09:50:00,출발,I
아시아나항공,SZX,OZ371,P01,14,A03-C35,Master,OZ371,2025-11-20 09:55:00,2025-11-20 09:59:00,출발,I
심천항공,SZX,ZH3302,P01,14,A03-C35,Slave,OZ371,2025-11-20 09:55:00,2025-11-20 09:59:00,출발,I
대한항공,NRT,KE703,P03,236,A B C D,Master,KE703,2025-11-20 09:55:00,2025-11-20 09:48:00,출발,I
아에로멕시코,NRT,AM6750,P03,236,A B C D,Slave,KE703,2025-11-20 09:55:00,2025-11-20 09:48:00,출발,I
델타항공,NRT,DL7779,P03,236,A B C D,Slave,KE703,2025-11-20 09:55:00,2025-11-20 09:48:00,출발,I
에어 타히티 누이,NRT,TN1577,P03,236,A B C D,Slave,KE703,2025-11-20 09:55:00,2025-11-20 09:48:00,출발,I
일본항공,NRT,JL5202,P03,236,A B C D,Slave,KE703,2025-11-20 09:55:00,2025-11-20 09:48:00,출발,I
티웨이항공,SHE,TW613,P02,101,F19-F36,Master,TW613,2025-11-20 10:00:00,2025-11-20 10:27:00,출발,I
대한항공,JFK,KE081,P03,266,A B C D,Master,KE081,2025-11-20 10:00:00,2025-11-20 10:34:00,출발,I
델타항공,JFK,DL7841,P03,266,A B C D,Slave,KE081,2025-11-20 10:00:00,2025-11-20 10:34:00,출발,I
우즈베키스탄항공,TAS,HY514,P01,39,K10-K18,Master,HY514,2025-11-20 10:00:00,2025-11-20 09:59:00,출발,I
대한항공,TAS,KE5943,P01,39,K10-K18,Slave,HY514,2025-11-20 10:00:00,2025-11-20 09:59:00,출발,I
아시아나항공,TAS,OZ9243,P01,39,K10-K18,Slave,HY514,2025-11-20 10:00:00,2025-11-20 09:59:00,출발,I
캐세이퍼시픽항공,HKG,CX417,P01,50,J01-J08,Master,CX417,2025-11-20 10:00:00,2025-11-20 09:51:00,출발,I
콴타스항공,HKG,QF8228,P01,50,J01-J08,Slave,CX417,2025-11-20 10:00:00,2025-11-20 09:51:00,출발,I
카타르항공,HKG,QR3488,P01,50,J01-J08,Slave,CX417,2025-11-20 10:00:00,2025-11-20 09:51:00,출발,I
대한항공,FOC,KE127,P03,221,A B C D,Master,KE127,2025-11-20 10:05:00,2025-11-20 10:33:00,출발,I
샤먼항공,FOC,MF9594,P03,221,A B C D,Slave,KE127,2025-11-20 10:05:00,2025-11-20 10:33:00,출발,I
대한항공,YYZ,KE077,P03,241,A B C D,Master,KE077,2025-11-20 10:05:00,2025-11-20 10:10:00,출발,I
웨스트젯,YYZ,WS6063,P03,241,A B C D,Slave,KE077,2025-11-20 10:05:00,2025-11-20 10:10:00,출발,I
대한항공,CTS,KE765,P03,242,A B C D,Master,KE765,2025-11-20 10:05:00,2025-11-20 10:07:00,출발,I
델타항공,CTS,DL7898,P03,242,A B C D,Slave,KE765,2025-11-20 10:05:00,2025-11-20 10:07:00,출발,I
KLM네덜란드항공,CTS,KL4255,P03,242,A B C D,Slave,KE765,2025-11-20 10:05:00,2025-11-20 10:07:00,출발,I
버진 애트란틱항공,CTS,VS5511,P03,242,A B C D,Slave,KE765,2025-11-20 10:05:00,2025-11-20 10:07:00,출발,I
일본항공,CTS,JL5208,P03,242,A B C D,Slave,KE765,2025-11-20 10:05:00,2025-11-20 10:07:00,출발,I
대한항공,XMN,KE125,P03,249,A B C D,Master,KE125,2025-11-20 10:05:00,2025-11-20 10:09:00,출발,I
샤먼항공,XMN,MF9018,P03,249,A B C D,Slave,KE125,2025-11-20 10:05:00,2025-11-20 10:09:00,출발,I
대한항공,KIJ,KE2197,P03,265,A B C D,Master,KE2197,2025-11-20 10:05:00,2025-11-20 10:05:00,출발,I
일본항공,KIJ,JL5226,P03,265,A B C D,Slave,KE2197,2025-11-20 10:05:00,2025-11-20 10:05:00,출발,I
델타항공,KIJ,DL7901,P03,265,A B C D,Slave,KE2197,2025-11-20 10:05:00,2025-11-20 10:05:00,출발,I
베트남항공,DAD,VN431,P02,106,D01-D17,Master,VN431,2025-11-20 10:10:00,2025-11-20 10:14:00,출발,I
아시아나항공,XIY,OZ347,P01,11,A03-C35,Master,OZ347,2025-11-20 10:10:00,2025-11-20 10:09:00,출발,I
심천항공,XIY,ZH3304,P01,11,A03-C35,Slave,OZ347,2025-11-20 10:10:00,2025-11-20 10:09:00,출발,I
이스타항공,TKS,ZE671,P02,112,H24-J25,Master,ZE671,2025-11-20 10:10:00,2025-11-20 10:05:00,출발,I
제주항공,SPN,7C3211,P02,115,L13-L36,Master,7C3211,2025-11-20 10:10:00,2025-11-20 10:06:00,출발,I
진에어,OKA,LJ341,P03,279,G17-H40,Master,LJ341,2025-11-20 10:10:00,2025-11-20 10:32:00,출발,I
대한항공,OKA,KE5745,P03,279,G17-H40,Slave,LJ341,2025-11-20 10:10:00,2025-11-20 10:32:00,출발,I
티웨이항공,FUK,TW201,P01,48,F19-F36,Master,TW201,2025-11-20 10:10:00,2025-11-20 10:11:00,출발,I
제주항공,KIX,7C1315,P02,108,L13-L36,Master,7C1315,2025-11-20 10:15:00,2025-11-20 10:30:00,출발,I
한 에어,KIX,H19940,P02,108,L13-L36,Slave,7C1315,2025-11-20 10:15:00,2025-11-20 10:30:00,출발,I
대한항공,TSN,KE805,P03,218,A B C D,Master,KE805,2025-11-20 10:15:00,2025-11-20 10:24:00,출발,I
샤먼항공,TSN,MF9098,P03,218,A B C D,Slave,KE805,2025-11-20 10:15:00,2025-11-20 10:24:00,출발,I
티웨이항공,NRT,TW243,P02,128,F19-F36,Master,TW243,2025-11-20 10:20:00,2025-11-20 10:45:00,출발,I
티웨이항공,CTS,TW263,P02,130,F19-F36,Master,TW263,2025-11-20 10:20:00,2025-11-20 10:31:00,출발,I
대한항공,DFW,KE031,P03,231,A B C D,Master,KE031,2025-11-20 10:20:00,2025-11-20 10:16:00,출발,I
델타항공,DFW,DL7869,P03,231,A B C D,Slave,KE031,2025-11-20 10:20:00,2025-11-20 10:16:00,출발,I
진에어,NRT,LJ205,P03,278,G17-H40,Master,LJ205,2025-11-20 10:20:00,2025-11-20 10:16:00,출발,I
제주항공,DAD,7C2211,P01,36,L13-L36,Master,7C2211,2025-11-20 10:25:00,2025-11-20 10:32:00,출발,I
한 에어,DAD,H19837,P01,36,L13-L36,Slave,7C2211,2025-11-20 10:25:00,2025-11-20 10:32:00,출발,I
제주항공,WEH,7C8501,P01,34,L13-L36,Master,7C8501,2025-11-20 10:30:00,2025-11-20 10:45:00,출발,I
한 에어,WEH,H19899,P01,34,L13-L36,Slave,7C8501,2025-11-20 10:30:00,2025-11-20 10:45:00,출발,I
피치항공,KIX,MM714,P02,105,K19-K23,Master,MM714,2025-11-20 10:35:00,2025-11-20 10:49:00,출발,I
베트남항공,SGN,VN409,P02,111,D01-D17,Master,VN409,2025-11-20 10:35:00,2025-11-20 10:56:00,출발,I
베트남항공,HAN,VN417,P02,113,D01-D17,Master,VN417,2025-11-20 10:35:00,2025-11-20 10:40:00,출발,I
제주항공,FUK,7C1403,P02,131,L13-L36,Master,7C1403,2025-11-20 10:35:00,2025-11-20 10:35:00,출발,I
한 에어,FUK,H19829,P02,131,L13-L36,Slave,7C1403,2025-11-20 10:35:00,2025-11-20 10:35:00,출발,I
대한항공,IAD,KE093,P03,224,A B C D,Master,KE093,2025-11-20 10:15:00,2025-11-20 10:48:00,출발,I
델타항공,IAD,DL7857,P03,224,A B C D,Slave,KE093,2025-11-20 10:15:00,2025-11-20 10:48:00,출발,I
대한항공,NGO,KE741,P03,243,A B C D,Master,KE741,2025-11-20 10:35:00,2025-11-20 10:41:00,출발,I
델타항공,NGO,DL7791,P03,243,A B C D,Slave,KE741,2025-11-20 10:35:00,2025-11-20 10:41:00,출발,I
일본항공,NGO,JL5216,P03,243,A B C D,Slave,KE741,2025-11-20 10:35:00,2025-11-20 10:41:00,출발,I
몽골항공,NGO,OM6715,P03,243,A B C D,Slave,KE741,2025-11-20 10:35:00,2025-11-20 10:41:00,출발,I
KLM네덜란드항공,NGO,KL4251,P03,243,A B C D,Slave,KE741,2025-11-20 10:35:00,2025-11-20 10:41:00,출발,I
가루다인도네시아,CGK,GA879,P03,252,J31-J38,Master,GA879,2025-11-20 10:35:00,2025-11-20 10:50:00,출발,I
대한항공,CGK,KE5643,P03,252,J31-J38,Slave,GA879,2025-11-20 10:35:00,2025-11-20 10:50:00,출발,I
사우디아항공,CGK,SV6753,P03,252,J31-J38,Slave,GA879,2025-11-20 10:35:00,2025-11-20 10:50:00,출발,I
제주항공,NRT,7C1103,P01,27,L13-L36,Master,7C1103,2025-11-20 10:35:00,2025-11-20 10:39:00,출발,I
한 에어,NRT,H19802,P01,27,L13-L36,Slave,7C1103,2025-11-20 10:35:00,2025-11-20 10:39:00,출발,I
제주항공,TPE,7C6101,P02,102,L13-L36,Master,7C6101,2025-11-20 10:40:00,2025-11-20 11:03:00,출발,I
한 에어,TPE,H19972,P02,102,L13-L36,Slave,7C6101,2025-11-20 10:40:00,2025-11-20 11:03:00,출발,I
대한항공,MFM,KE2015,P03,222,A B C D,Master,KE2015,2025-11-20 10:40:00,2025-11-20 10:46:00,출발,I
델타항공,MFM,DL7903,P03,222,A B C D,Slave,KE2015,2025-11-20 10:40:00,2025-11-20 10:46:00,출발,I
대한항공,LHR,KE907,P03,248,A B C D,Master,KE907,2025-11-20 10:40:00,2025-11-20 10:42:00,출발,I
버진 애트란틱항공,LHR,VS5501,P03,248,A B C D,Slave,KE907,2025-11-20 10:40:00,2025-11-20 10:42:00,출발,I
비엣젯항공,SGN,VJ863,P02,125,E07-E18,Master,VJ863,2025-11-20 10:50:00,2025-11-20 11:32:00,출발,I
대한항공,FUK,KE791,P03,233,A B C D,Master,KE791,2025-11-20 10:50:00,2025-11-20 11:01:00,출발,I
KLM네덜란드항공,FUK,KL3394,P03,233,A B C D,Slave,KE791,2025-11-20 10:50:00,2025-11-20 11:01:00,출발,I
일본항공,FUK,JL5272,P03,233,A B C D,Slave,KE791,2025-11-20 10:50:00,2025-11-20 11:01:00,출발,I
델타항공,FUK,DL7801,P03,233,A B C D,Slave,KE791,2025-11-20 10:50:00,2025-11-20 11:01:00,출발,I
타이항공,BKK,TG657,P01,30,M05-M18,Master,TG657,2025-11-20 10:50:00,2025-11-20 10:53:00,출발,I
라오항공,VTE,QV924,P01,42,J31-J34,Master,QV924,2025-11-20 10:50:00,2025-11-20 10:59:00,출발,I
아시아나항공,PRG,OZ545,P01,6,A03-C35,Master,OZ545,2025-11-20 10:50:00,2025-11-20 10:53:00,출발,I
아시아나항공,PVG,OZ363,P01,8,A03-C35,Master,OZ363,2025-11-20 10:50:00,2025-11-20 11:01:00,출발,I
길상항공,PVG,HO3111,P01,8,A03-C35,Slave,OZ363,2025-11-20 10:50:00,2025-11-20 11:01:00,출발,I
중국남방항공,CAN,CZ340,P02,129,E19-E36,Master,CZ340,2025-11-20 10:55:00,2025-11-20 10:48:00,출발,I
사천항공,CAN,3U7034,P02,129,E19-E36,Slave,CZ340,2025-11-20 10:55:00,2025-11-20 10:48:00,출발,I
제주항공,MFM,7C6001,P01,45,L13-L36,Master,7C6001,2025-11-20 11:00:00,2025-11-20 11:17:00,출발,I
한 에어,MFM,H19960,P01,45,L13-L36,Slave,7C6001,2025-11-20 11:00:00,2025-11-20 11:17:00,출발,I
제주항공,OIT,7C1811,P02,104,L13-L36,Master,7C1811,2025-11-20 11:05:00,2025-11-20 11:03:00,출발,I
한 에어,OIT,H19772,P02,104,L13-L36,Slave,7C1811,2025-11-20 11:05:00,2025-11-20 11:03:00,출발,I
비엣젯항공,HAN,VJ961,P02,117,E07-E18,Master,VJ961,2025-11-20 11:05:00,2025-11-20 11:12:00,출발,I
대한항공,KIX,KE727,P03,247,A B C D,Master,KE727,2025-11-20 11:05:00,2025-11-20 11:05:00,출발,I
델타항공,KIX,DL7789,P03,247,A B C D,Slave,KE727,2025-11-20 11:05:00,2025-11-20 11:05:00,출발,I
일본항공,KIX,JL5270,P03,247,A B C D,Slave,KE727,2025-11-20 11:05:00,2025-11-20 11:05:00,출발,I
말레이시아 항공,KUL,MH067,P01,49,M19-M25,Master,MH067,2025-11-20 11:05:00,2025-11-20 11:20:00,출발,I
카타르항공,KUL,QR5459,P01,49,M19-M25,Slave,MH067,2025-11-20 11:05:00,2025-11-20 11:20:00,출발,I
스리랑카항공,KUL,UL2767,P01,49,M19-M25,Slave,MH067,2025-11-20 11:05:00,2025-11-20 11:20:00,출발,I
대한항공,KUL,KE5671,P01,49,M19-M25,Slave,MH067,2025-11-20 11:05:00,2025-11-20 11:20:00,출발,I
대한항공,PVG,KE887,P03,235,A B C D,Master,KE887,2025-11-20 11:10:00,2025-11-20 11:13:00,출발,I
중국동방항공,PVG,MU8934,P03,235,A B C D,Slave,KE887,2025-11-20 11:10:00,2025-11-20 11:13:00,출발,I
상하이항공,PVG,FM8756,P03,235,A B C D,Slave,KE887,2025-11-20 11:10:00,2025-11-20 11:13:00,출발,I
샤먼항공,PVG,MF9090,P03,235,A B C D,Slave,KE887,2025-11-20 11:10:00,2025-11-20 11:13:00,출발,I
대한항공,DAD,KE457,P03,263,A B C D,Master,KE457,2025-11-20 11:10:00,2025-11-20 11:17:00,출발,I
델타항공,DAD,DL7809,P03,263,A B C D,Slave,KE457,2025-11-20 11:10:00,2025-11-20 11:17:00,출발,I
베트남항공,DAD,VN3443,P03,263,A B C D,Slave,KE457,2025-11-20 11:10:00,2025-11-20 11:17:00,출발,I
중국국제항공,PEK,CA710,P01,37,M26-M36,Master,CA710,2025-11-20 11:10:00,2025-11-20 11:16:00,출발,I
아시아나항공,PEK,OZ6805,P01,37,M26-M36,Slave,CA710,2025-11-20 11:10:00,2025-11-20 11:16:00,출발,I
아시아나항공,BCN,OZ511,P01,12,A03-C35,Master,OZ511,2025-11-20 11:15:00,2025-11-20 11:19:00,출발,I
에어부산,FUK,BX158,P03,280,E11-E20,Master,BX158,2025-11-20 11:15:00,2025-11-20 11:09:00,출발,I
아시아나항공,FUK,OZ9578,P03,280,E11-E20,Slave,BX158,2025-11-20 11:15:00,2025-11-20 11:09:00,출발,I
타이에어아시아엑스,DMK,XJ701,P02,109,J09-J16,Master,XJ701,2025-11-20 11:20:00,2025-11-20 11:25:00,출발,I
중국남방항공,DLC,CZ686,P02,132,E19-E36,Master,CZ686,2025-11-20 11:20:00,2025-11-20 11:33:00,출발,I
이스타항공,OKA,ZE631,P02,119,H24-J25,Master,ZE631,2025-11-20 11:25:00,2025-11-20 11:33:00,출발,I
티웨이항공,FCO,TW405,P01,40,F19-F36,Master,TW405,2025-11-20 11:00:00,2025-11-20 11:33:00,출발,I
제주항공,UBN,7C5203,P02,122,L13-L36,Master,7C5203,2025-11-20 11:30:00,2025-11-20 11:42:00,출발,I
한 에어,UBN,H19752,P02,122,L13-L36,Slave,7C5203,2025-11-20 11:30:00,2025-11-20 11:42:00,출발,I
대한항공,ORD,KE037,P03,246,A B C D,Master,KE037,2025-11-20 10:40:00,2025-11-20 11:38:00,출발,I
델타항공,ORD,DL7863,P03,246,A B C D,Slave,KE037,2025-11-20 10:40:00,2025-11-20 11:38:00,출발,I
에바항공,TPE,BR169,P01,38,D19-D25,Master,BR169,2025-11-20 11:40:00,2025-11-20 11:47:00,출발,I
유니항공,TPE,B77027,P01,38,D19-D25,Slave,BR169,2025-11-20 11:40:00,2025-11-20 11:47:00,출발,I
아시아나항공,TPE,OZ6873,P01,38,D19-D25,Slave,BR169,2025-11-20 11:40:00,2025-11-20 11:47:00,출발,I
에어캐나다,TPE,AC6539,P01,38,D19-D25,Slave,BR169,2025-11-20 11:40:00,2025-11-20 11:47:00,출발,I
에어 뉴질랜드,TPE,NZ4929,P01,38,D19-D25,Slave,BR169,2025-11-20 11:40:00,2025-11-20 11:47:00,출발,I
타이항공,TPE,TG6397,P01,38,D19-D25,Slave,BR169,2025-11-20 11:40:00,2025-11-20 11:47:00,출발,I
에어 아스타나,ALA,KC910,P01,47,N01-N06,Master,KC910,2025-11-20 11:40:00,2025-11-20 11:49:00,출발,I
아시아나항공,ALA,OZ6961,P01,47,N01-N06,Slave,KC910,2025-11-20 11:40:00,2025-11-20 11:49:00,출발,I
캐세이퍼시픽항공,ALA,CX6227,P01,47,N01-N06,Slave,KC910,2025-11-20 11:40:00,2025-11-20 11:49:00,출발,I
중국동방항공,WUX,MU2990,P02,126,H01-H18,Master,MU2990,2025-11-20 11:45:00,2025-11-20 11:44:00,출발,I
산동항공,TNA,SC8002,P01,41,N07-N15,Master,SC8002,2025-11-20 11:45:00,2025-11-20 11:53:00,출발,I
아시아나항공,TNA,OZ6701,P01,41,N07-N15,Slave,SC8002,2025-11-20 11:45:00,2025-11-20 11:53:00,출발,I
중국국제항공,TNA,CA8874,P01,41,N07-N15,Slave,SC8002,2025-11-20 11:45:00,2025-11-20 11:53:00,출발,I
에어로케이항공,HUN,RF5193,P02,110,K24-K27,Master,RF5193,2025-11-20 11:50:00,2025-11-20 11:51:00,출발,I
티웨이항공,OKA,TW281,P02,127,F19-F36,Master,TW281,2025-11-20 11:50:00,2025-11-20 11:52:00,출발,I
중국동방항공,YNT,MU550,P02,121,H01-H18,Master,MU550,2025-11-20 11:55:00,2025-11-20 11:51:00,출발,I
대한항공,YNT,KE5847,P02,121,H01-H18,Slave,MU550,2025-11-20 11:55:00,2025-11-20 11:51:00,출발,I
중국동방항공,TAO,MU2040,P02,130,H01-H18,Master,MU2040,2025-11-20 12:00:00,2025-11-20 11:58:00,출발,I
대한항공,TAO,KE5853,P02,130,H01-H18,Slave,MU2040,2025-11-20 12:00:00,2025-11-20 11:58:00,출발,I
상하이항공,TAO,FM3078,P02,130,H01-H18,Slave,MU2040,2025-11-20 12:00:00,2025-11-20 11:58:00,출발,I
중화항공,KHH,CI165,P03,253,J01-J09,Master,CI165,2025-11-20 12:00:00,2025-11-20 12:07:00,출발,I
대한항공,KHH,KE5699,P03,253,J01-J09,Slave,CI165,2025-11-20 12:00:00,2025-11-20 12:07:00,출발,I
진에어,FUK,LJ263,P03,255,G17-H40,Master,LJ263,2025-11-20 12:00:00,2025-11-20 11:58:00,출발,I
대한항공,FUK,KE5075,P03,255,G17-H40,Slave,LJ263,2025-11-20 12:00:00,2025-11-20 11:58:00,출발,I
대한항공,CDG,KE901,P03,268,A B C D,Master,KE901,2025-11-20 12:05:00,2025-11-20 12:06:00,출발,I
에어 프랑스,CDG,AF5093,P03,268,A B C D,Slave,KE901,2025-11-20 12:05:00,2025-11-20 12:06:00,출발,I
에어인디아 리미티드,DEL,AI313,P01,33,M01-M08,Master,AI313,2025-11-20 12:05:00,2025-11-20 11:51:00,출발,I
아시아나항공,DEL,OZ6377,P01,33,M01-M08,Slave,AI313,2025-11-20 12:05:00,2025-11-20 11:51:00,출발,I
타이비엣젯항공,BKK,VZ851,P02,103,D01-D05,Master,VZ851,2025-11-20 12:10:00,2025-11-20 12:08:00,출발,I
티웨이항공,KIX,TW303,P02,106,F19-F36,Master,TW303,2025-11-20 12:10:00,2025-11-20 12:14:00,출발,I
대한항공,MAD,KE913,P03,225,A B C D,Master,KE913,2025-11-20 12:10:00,2025-11-20 12:18:00,출발,I
아르헨티나 항공,MAD,AR7865,P03,225,A B C D,Slave,KE913,2025-11-20 12:10:00,2025-11-20 12:18:00,출발,I
에어 유로파,MAD,UX3600,P03,225,A B C D,Slave,KE913,2025-11-20 12:10:00,2025-11-20 12:18:00,출발,I
대한항공,AMS,KE925,P03,257,A B C D,Master,KE925,2025-11-20 12:10:00,2025-11-20 12:25:00,출발,I
KLM네덜란드항공,AMS,KL200,P03,257,A B C D,Slave,KE925,2025-11-20 12:10:00,2025-11-20 12:25:00,출발,I
에어서울,DYG,RS811,P03,279,E01-E10,Master,RS811,2025-11-20 12:10:00,2025-11-20 12:28:00,출발,I
중국남방항공,PVG,CZ314,P02,123,E19-E36,Master,CZ314,2025-11-20 12:15:00,2025-11-20 12:04:00,출발,I
중국동방항공,NKG,MU580,P02,124,H01-H18,Master,MU580,2025-11-20 12:15:00,2025-11-20 12:11:00,출발,I
대한항공,NKG,KE5859,P02,124,H01-H18,Slave,MU580,2025-11-20 12:15:00,2025-11-20 12:11:00,출발,I
중국동방항공,HGH,MU5072,P02,128,H01-H18,Master,MU5072,2025-11-20 12:20:00,2025-11-20 12:23:00,출발,I
대한항공,HGH,KE5877,P02,128,H01-H18,Slave,MU5072,2025-11-20 12:20:00,2025-11-20 12:23:00,출발,I
아시아나항공,HRB,OZ339,P01,18,A03-C34,Master,OZ339,2025-11-20 12:20:00,2025-11-20 12:22:00,출발,I
산동항공,TAO,SC4610,P01,34,N07-N15,Master,SC4610,2025-11-20 12:20:00,2025-11-20 12:17:00,출발,I
아시아나항공,TAO,OZ6709,P01,34,N07-N15,Slave,SC4610,2025-11-20 12:20:00,2025-11-20 12:17:00,출발,I
중국국제항공,TAO,CA8888,P01,34,N07-N15,Slave,SC4610,2025-11-20 12:20:00,2025-11-20 12:17:00,출발,I
아시아나항공,LHR,OZ521,P01,10,A03-C34,Master,OZ521,2025-11-20 12:25:00,2025-11-20 12:43:00,출발,I
홍콩익스프레스,HKG,UO619,P02,113,K29-K34,Master,UO619,2025-11-20 12:25:00,2025-11-20 12:17:00,출발,I
캐세이퍼시픽항공,HKG,CX5619,P02,113,K29-K34,Slave,UO619,2025-11-20 12:25:00,2025-11-20 12:17:00,출발,I
아시아나항공,NKG,OZ349,P01,14,A03-C34,Master,OZ349,2025-11-20 12:30:00,2025-11-20 12:35:00,출발,I
심천항공,NKG,ZH3294,P01,14,A03-C34,Slave,OZ349,2025-11-20 12:30:00,2025-11-20 12:35:00,출발,I
길상항공,NKG,HO3103,P01,14,A03-C34,Slave,OZ349,2025-11-20 12:30:00,2025-11-20 12:35:00,출발,I
아시아나항공,HGH,OZ359,P01,23,A03-C34,Master,OZ359,2025-11-20 12:30:00,2025-11-20 12:30:00,출발,I
중국국제항공,HGH,CA5018,P01,23,A03-C34,Slave,OZ359,2025-11-20 12:30:00,2025-11-20 12:30:00,출발,I
길상항공,HGH,HO3101,P01,23,A03-C34,Slave,OZ359,2025-11-20 12:30:00,2025-11-20 12:30:00,출발,I
중화항공,TPE,CI161,P03,252,J10-J19,Master,CI161,2025-11-20 12:30:00,2025-11-20 12:25:00,출발,I
에어 프랑스,TPE,AF4160,P03,252,J10-J19,Slave,CI161,2025-11-20 12:30:00,2025-11-20 12:25:00,출발,I
델타항공,TPE,DL7718,P03,252,J10-J19,Slave,CI161,2025-11-20 12:30:00,2025-11-20 12:25:00,출발,I
하와이안 항공,TPE,HA2571,P03,252,J10-J19,Slave,CI161,2025-11-20 12:30:00,2025-11-20 12:25:00,출발,I
대한항공,TPE,KE5691,P03,252,J10-J19,Slave,CI161,2025-11-20 12:30:00,2025-11-20 12:25:00,출발,I
싱가포르항공,SIN,SQ611,P01,46,F01-F08,Master,SQ611,2025-11-20 12:35:00,2025-11-20 12:49:00,출발,I
버진 오스트레일리아,SIN,VA5681,P01,46,F01-F08,Slave,SQ611,2025-11-20 12:35:00,2025-11-20 12:49:00,출발,I
에어인디아 리미티드,SIN,AI8173,P01,46,F01-F08,Slave,SQ611,2025-11-20 12:35:00,2025-11-20 12:49:00,출발,I
아시아나항공,SIN,OZ6725,P01,46,F01-F08,Slave,SQ611,2025-11-20 12:35:00,2025-11-20 12:49:00,출발,I
이스타항공,FUK,ZE647,P02,114,H24-J25,Master,ZE647,2025-11-20 12:40:00,2025-11-20 12:36:00,출발,I
제주항공,KOJ,7C1823,P01,17,L13-L36,Master,7C1823,2025-11-20 12:40:00,2025-11-20 12:38:00,출발,I
한 에어,KOJ,H19895,P01,17,L13-L36,Slave,7C1823,2025-11-20 12:40:00,2025-11-20 12:38:00,출발,I
에어 프랑스,CDG,AF267,P03,254,L22-M05,Master,AF267,2025-11-20 12:40:00,2025-11-20 12:53:00,출발,I
KLM네덜란드항공,CDG,KL2345,P03,254,L22-M05,Slave,AF267,2025-11-20 12:40:00,2025-11-20 12:53:00,출발,I
대한항공,CDG,KE5901,P03,254,L22-M05,Slave,AF267,2025-11-20 12:40:00,2025-11-20 12:53:00,출발,I
에어부산,KIX,BX174,P03,276,E11-E20,Master,BX174,2025-11-20 12:40:00,2025-11-20 12:39:00,출발,I
아시아나항공,LAX,OZ202,P01,7,A03-C34,Master,OZ202,2025-11-20 12:40:00,2025-11-20 12:36:00,출발,I
코파항공,LAX,CM8000,P01,7,A03-C34,Slave,OZ202,2025-11-20 12:40:00,2025-11-20 12:36:00,출발,I
싱가포르항공,LAX,SQ5702,P01,7,A03-C34,Slave,OZ202,2025-11-20 12:40:00,2025-11-20 12:36:00,출발,I
타이항공,LAX,TG6737,P01,7,A03-C34,Slave,OZ202,2025-11-20 12:40:00,2025-11-20 12:36:00,출발,I
유나이티드항공,LAX,UA7285,P01,7,A03-C34,Slave,OZ202,2025-11-20 12:40:00,2025-11-20 12:36:00,출발,I
중국남방항공,SHE,CZ682,P02,131,E19-E36,Master,CZ682,2025-11-20 12:45:00,2025-11-20 12:36:00,출발,I
대한항공,BUD,KE963,P03,267,A B C D,Master,KE963,2025-11-20 12:15:00,2025-11-20 12:59:00,출발,I
유나이티드항공,SFO,UA806,P01,31,E01-E08,Master,UA806,2025-11-20 12:45:00,2025-11-20 12:35:00,출발,I
아시아나항공,SFO,OZ6620,P01,31,E01-E08,Slave,UA806,2025-11-20 12:45:00,2025-11-20 12:35:00,출발,I
중국국제항공,TSN,CA172,P01,43,M19-M36,Master,CA172,2025-11-20 12:45:00,2025-11-20 13:12:00,출발,I
아시아나항공,TSN,OZ6811,P01,43,M19-M36,Slave,CA172,2025-11-20 12:45:00,2025-11-20 13:12:00,출발,I
아시아나항공,PEK,OZ333,P01,11,A03-C34,Master,OZ333,2025-11-20 12:50:00,2025-11-20 13:13:00,출발,I
중국국제항공,PEK,CA5004,P01,11,A03-C34,Slave,OZ333,2025-11-20 12:50:00,2025-11-20 13:13:00,출발,I
대한항공,DLC,KE873,P03,245,A B C D,Master,KE873,2025-11-20 12:50:00,2025-11-20 12:56:00,출발,I
중국동방항공,DLC,MU8958,P03,245,A B C D,Slave,KE873,2025-11-20 12:50:00,2025-11-20 12:56:00,출발,I
중국동방항공,PVG,MU5042,P02,125,H01-H18,Master,MU5042,2025-11-20 12:55:00,2025-11-20 13:05:00,출발,I
대한항공,PVG,KE5857,P02,125,H01-H18,Slave,MU5042,2025-11-20 12:55:00,2025-11-20 13:05:00,출발,I
상하이항공,PVG,FM3068,P02,125,H01-H18,Slave,MU5042,2025-11-20 12:55:00,2025-11-20 13:05:00,출발,I
대한항공,TAO,KE843,P03,248,A B C D,Master,KE843,2025-11-20 12:55:00,2025-11-20 12:54:00,출발,I
중국동방항공,TAO,MU8938,P03,248,A B C D,Slave,KE843,2025-11-20 12:55:00,2025-11-20 12:54:00,출발,I
필리핀에어아시아,MNL,Z2885,P02,112,K19-K22,Master,Z2885,2025-11-20 13:00:00,2025-11-20 13:05:00,출발,I
대한항공,DXB,KE951,P03,232,A B C D,Master,KE951,2025-11-20 13:00:00,2025-11-20 13:19:00,출발,I
에미레이트항공,DXB,EK3483,P03,232,A B C D,Slave,KE951,2025-11-20 13:00:00,2025-11-20 13:19:00,출발,I
사우디아항공,DXB,SV6612,P03,232,A B C D,Slave,KE951,2025-11-20 13:00:00,2025-11-20 13:19:00,출발,I
에어서울,GUM,RS105,P03,278,E01-E10,Master,RS105,2025-11-20 13:00:00,2025-11-20 13:08:00,출발,I
집에어,NRT,ZG046,P02,111,M10-M16,Master,ZG046,2025-11-20 13:05:00,2025-11-20 13:17:00,출발,I
제주항공,MYJ,7C1703,P01,22,L13-L36,Master,7C1703,2025-11-20 13:05:00,2025-11-20 13:06:00,출발,I
한 에어,MYJ,H19841,P01,22,L13-L36,Slave,7C1703,2025-11-20 13:05:00,2025-11-20 13:06:00,출발,I
대한항공,DEL,KE497,P03,275,A B C D,Master,KE497,2025-11-20 12:45:00,2025-11-20 13:50:00,출발,I
델타항공,DEL,DL7817,P03,275,A B C D,Slave,KE497,2025-11-20 12:45:00,2025-11-20 13:50:00,출발,I
아시아나항공,CTS,OZ174,P01,15,A03-C34,Master,OZ174,2025-11-20 13:10:00,2025-11-20 13:09:00,출발,I
에티오피아항공,CTS,ET1294,P01,15,A03-C34,Slave,OZ174,2025-11-20 13:10:00,2025-11-20 13:09:00,출발,I
전일본공수,CTS,NH6998,P01,15,A03-C34,Slave,OZ174,2025-11-20 13:10:00,2025-11-20 13:09:00,출발,I
아시아나항공,FUK,OZ134,P01,19,A03-C34,Master,OZ134,2025-11-20 13:10:00,2025-11-20 13:09:00,출발,I
에어캐나다,FUK,AC6998,P01,19,A03-C34,Slave,OZ134,2025-11-20 13:10:00,2025-11-20 13:09:00,출발,I
에티오피아항공,FUK,ET1444,P01,19,A03-C34,Slave,OZ134,2025-11-20 13:10:00,2025-11-20 13:09:00,출발,I
에티하드 항공,FUK,EY8467,P01,19,A03-C34,Slave,OZ134,2025-11-20 13:10:00,2025-11-20 13:09:00,출발,I
전일본공수,FUK,NH6960,P01,19,A03-C34,Slave,OZ134,2025-11-20 13:10:00,2025-11-20 13:09:00,출발,I
터키항공,FUK,TK8094,P01,19,A03-C34,Slave,OZ134,2025-11-20 13:10:00,2025-11-20 13:09:00,출발,I
중국국제항공,PEK,CA124,P01,35,M19-M36,Master,CA124,2025-11-20 13:10:00,2025-11-20 13:37:00,출발,I
아시아나항공,PEK,OZ6807,P01,35,M19-M36,Slave,CA124,2025-11-20 13:10:00,2025-11-20 13:37:00,출발,I
산동항공,PEK,SC124,P01,35,M19-M36,Slave,CA124,2025-11-20 13:10:00,2025-11-20 13:37:00,출발,I
중국동방항공,TAO,MU2034,P02,129,H01-H18,Master,MU2034,2025-11-20 13:15:00,2025-11-20 13:16:00,출발,I
대한항공,TAO,KE5843,P02,129,H01-H18,Slave,MU2034,2025-11-20 13:15:00,2025-11-20 13:16:00,출발,I
상하이항공,TAO,FM3080,P02,129,H01-H18,Slave,MU2034,2025-11-20 13:15:00,2025-11-20 13:16:00,출발,I
제주항공,OKA,7C1801,P02,115,L13-L36,Master,7C1801,2025-11-20 13:20:00,2025-11-20 13:18:00,출발,I
한 에어,OKA,H19843,P02,115,L13-L36,Slave,7C1801,2025-11-20 13:20:00,2025-11-20 13:18:00,출발,I
중국남방항공,HRB,CZ684,P02,132,E19-E36,Master,CZ684,2025-11-20 13:20:00,2025-11-20 13:13:00,출발,I
샤먼항공,XMN,MF872,P03,250,J22-J27,Master,MF872,2025-11-20 13:20:00,2025-11-20 13:05:00,출발,I
에어프레미아,LAX,YP101,P01,27,K01-K08,Master,YP101,2025-11-20 13:20:00,2025-11-20 13:16:00,출발,I
몽골항공,UBN,OM302,P01,30,K09-K16,Master,OM302,2025-11-20 13:20:00,2025-11-20 13:38:00,출발,I
티웨이항공,KHH,TW671,P02,108,F19-F36,Master,TW671,2025-11-20 13:25:00,2025-11-20 13:19:00,출발,I
대한항공,NRT,KE711,P03,249,A B C D,Master,KE711,2025-11-20 13:25:00,2025-11-20 13:22:00,출발,I
델타항공,NRT,DL7895,P03,249,A B C D,Slave,KE711,2025-11-20 13:25:00,2025-11-20 13:22:00,출발,I
일본항공,NRT,JL5250,P03,249,A B C D,Slave,KE711,2025-11-20 13:25:00,2025-11-20 13:22:00,출발,I
에어 타히티 누이,NRT,TN1575,P03,249,A B C D,Slave,KE711,2025-11-20 13:25:00,2025-11-20 13:22:00,출발,I
아에로멕시코,NRT,AM6705,P03,249,A B C D,Slave,KE711,2025-11-20 13:25:00,2025-11-20 13:22:00,출발,I
에어 프랑스,NRT,AF7904,P03,249,A B C D,Slave,KE711,2025-11-20 13:25:00,2025-11-20 13:22:00,출발,I
루프트한자 독일항공,FRA,LH713,P01,32,J26-J35,Master,LH713,2025-11-20 13:05:00,2025-11-20 13:26:00,출발,I
중국국제항공,HGH,CA140,P01,36,M19-M36,Master,CA140,2025-11-20 13:35:00,2025-11-20 13:29:00,출발,I
아시아나항공,HGH,OZ6827,P01,36,M19-M36,Slave,CA140,2025-11-20 13:35:00,2025-11-20 13:29:00,출발,I
산동항공,HGH,SC126,P01,36,M19-M36,Slave,CA140,2025-11-20 13:35:00,2025-11-20 13:29:00,출발,I
제주항공,HIJ,7C1617,P02,102,L13-L36,Master,7C1617,2025-11-20 13:40:00,2025-11-20 13:46:00,출발,I
한 에어,HIJ,H19755,P02,102,L13-L36,Slave,7C1617,2025-11-20 13:40:00,2025-11-20 13:46:00,출발,I
에어재팬,NRT,NQ122,P02,109,D28-D34,Master,NQ122,2025-11-20 13:40:00,2025-11-20 13:42:00,출발,I
아시아나항공,TPE,OZ713,P01,9,A03-C34,Master,OZ713,2025-11-20 13:40:00,2025-11-20 13:39:00,출발,I
에바항공,TPE,BR2149,P01,9,A03-C34,Slave,OZ713,2025-11-20 13:40:00,2025-11-20 13:39:00,출발,I
대한항공,HKG,KE2005,P03,221,A B C D,Master,KE2005,2025-11-20 13:45:00,2025-11-20 13:45:00,출발,I
델타항공,HKG,DL7909,P03,221,A B C D,Slave,KE2005,2025-11-20 13:45:00,2025-11-20 13:45:00,출발,I
캐세이퍼시픽항공,HKG,CX453,P01,45,J07-J16,Master,CX453,2025-11-20 13:45:00,2025-11-20 13:56:00,출발,I
아메리칸항공,HKG,AA8905,P01,45,J07-J16,Slave,CX453,2025-11-20 13:45:00,2025-11-20 13:56:00,출발,I
콴타스항공,HKG,QF8232,P01,45,J07-J16,Slave,CX453,2025-11-20 13:45:00,2025-11-20 13:56:00,출발,I
제주항공,HKD,7C1513,P01,20,L13-L36,Master,7C1513,2025-11-20 13:50:00,2025-11-20 13:48:00,출발,I
한 에어,HKD,H19765,P01,20,L13-L36,Slave,7C1513,2025-11-20 13:50:00,2025-11-20 13:48:00,출발,I
중국남방항공,SZX,CZ3090,P02,122,E19-E36,Master,CZ3090,2025-11-20 13:55:00,2025-11-20 13:50:00,출발,I
카놋샤크,TAS,HH822,P01,49,E10-E16,Master,HH822,2025-11-20 13:55:00,2025-11-20 13:52:00,출발,I
중국동방항공,WEH,MU2018,P02,130,H01-H18,Master,MU2018,2025-11-20 14:00:00,2025-11-20 13:58:00,출발,I
대한항공,WEH,KE5849,P02,130,H01-H18,Slave,MU2018,2025-11-20 14:00:00,2025-11-20 13:58:00,출발,I
대한항공,PUS,KE1405,P03,235,-,Master,KE1405,2025-11-20 14:00:00,2025-11-20 13:56:00,출발,D
가루다인도네시아,PUS,GA9991,P03,235,-,Slave,KE1405,2025-11-20 14:00:00,2025-11-20 13:56:00,출발,D
에어 프랑스,PUS,AF5368,P03,235,-,Slave,KE1405,2025-11-20 14:00:00,2025-11-20 13:56:00,출발,D
델타항공,PUS,DL7889,P03,235,-,Slave,KE1405,2025-11-20 14:00:00,2025-11-20 13:56:00,출발,D
진에어,FUK,LJ269,P03,255,G17-H40,Master,LJ269,2025-11-20 14:00:00,2025-11-20 14:09:00,출발,I
중국국제항공,CKG,CA440,P01,33,M19-M36,Master,CA440,2025-11-20 14:00:00,2025-11-20 14:05:00,출발,I
아시아나항공,CKG,OZ6847,P01,33,M19-M36,Slave,CA440,2025-11-20 14:00:00,2025-11-20 14:05:00,출발,I
산동항공,CKG,SC128,P01,33,M19-M36,Slave,CA440,2025-11-20 14:00:00,2025-11-20 14:05:00,출발,I
산동항공,TAO,SC4612,P01,38,N07-N15,Master,SC4612,2025-11-20 14:00:00,2025-11-20 13:56:00,출발,I
아시아나항공,TAO,OZ6711,P01,38,N07-N15,Slave,SC4612,2025-11-20 14:00:00,2025-11-20 13:56:00,출발,I
중국국제항공,TAO,CA8856,P01,38,N07-N15,Slave,SC4612,2025-11-20 14:00:00,2025-11-20 13:56:00,출발,I
아시아나항공,FCO,OZ561,P01,24,A03-C34,Master,OZ561,2025-11-20 14:05:00,2025-11-20 14:12:00,출발,I
에어마카오,MFM,NX821,P01,41,N01-N05,Master,NX821,2025-11-20 14:05:00,2025-11-20 14:04:00,출발,I
아시아나항공,MFM,OZ6867,P01,41,N01-N05,Slave,NX821,2025-11-20 14:05:00,2025-11-20 14:04:00,출발,I
제주항공,KIX,7C1393,P02,119,L13-L36,Master,7C1393,2025-11-20 14:10:00,2025-11-20 14:08:00,출발,I
한 에어,KIX,H19871,P02,119,L13-L36,Slave,7C1393,2025-11-20 14:10:00,2025-11-20 14:08:00,출발,I
아시아나항공,PVG,OZ365,P01,8,A03-C34,Master,OZ365,2025-11-20 14:10:00,2025-11-20 14:22:00,출발,I
길상항공,PVG,HO3107,P01,8,A03-C34,Slave,OZ365,2025-11-20 14:10:00,2025-11-20 14:22:00,출발,I
대한항공,RMQ,KE2031,P03,243,A B C D,Master,KE2031,2025-11-20 14:15:00,2025-11-20 14:22:00,출발,I
중국동방항공,XIY,MU5022,P02,117,H01-H18,Master,MU5022,2025-11-20 14:20:00,2025-11-20 14:23:00,출발,I
대한항공,XIY,KE5871,P02,117,H01-H18,Slave,MU5022,2025-11-20 14:20:00,2025-11-20 14:23:00,출발,I
상하이항공,XIY,FM3082,P02,117,H01-H18,Slave,MU5022,2025-11-20 14:20:00,2025-11-20 14:23:00,출발,I
에어서울,KIX,RS713,P03,279,E01-E10,Master,RS713,2025-11-20 13:10:00,2025-11-20 14:16:00,출발,I
중국국제항공,YNJ,CA144,P01,28,M19-M36,Master,CA144,2025-11-20 14:20:00,2025-11-20 14:22:00,출발,I
아시아나항공,YNJ,OZ6825,P01,28,M19-M36,Slave,CA144,2025-11-20 14:20:00,2025-11-20 14:22:00,출발,I
티웨이항공,RMQ,TW669,P02,110,F19-F36,Master,TW669,2025-11-20 14:25:00,2025-11-20 14:29:00,출발,I
대한항공,SHE,KE833,P03,241,A B C D,Master,KE833,2025-11-20 14:25:00,2025-11-20 14:22:00,출발,I
중국동방항공,SHE,MU8964,P03,241,A B C D,Slave,KE833,2025-11-20 14:25:00,2025-11-20 14:22:00,출발,I
에어서울,FUK,RS727,P03,281,E01-E10,Master,RS727,2025-11-20 14:25:00,2025-11-20 14:31:00,출발,I
대한항공,LAX,KE017,P03,231,A B C D,Master,KE017,2025-11-20 14:30:00,2025-11-20 14:32:00,출발,I
아에로멕시코,LAX,AM6702,P03,231,A B C D,Slave,KE017,2025-11-20 14:30:00,2025-11-20 14:32:00,출발,I
델타항공,LAX,DL7835,P03,231,A B C D,Slave,KE017,2025-11-20 14:30:00,2025-11-20 14:32:00,출발,I
란항공,LAX,LA8428,P03,231,A B C D,Slave,KE017,2025-11-20 14:30:00,2025-11-20 14:32:00,출발,I
사천항공,TFU,3U3974,P01,47,M05-M09,Master,3U3974,2025-11-20 14:30:00,2025-11-20 14:44:00,출발,I
이스타항공,CTS,ZE623,P02,104,H24-J25,Master,ZE623,2025-11-20 14:35:00,2025-11-20 14:39:00,출발,I
중국남방항공,YNJ,CZ6074,P02,123,E19-E36,Master,CZ6074,2025-11-20 14:35:00,2025-11-20 14:23:00,출발,I
대한항공,OKA,KE2147,P03,222,A B C D,Master,KE2147,2025-11-20 14:35:00,2025-11-20 14:39:00,출발,I
델타항공,OKA,DL7795,P03,222,A B C D,Slave,KE2147,2025-11-20 14:35:00,2025-11-20 14:39:00,출발,I
버진 애트란틱항공,OKA,VS5513,P03,222,A B C D,Slave,KE2147,2025-11-20 14:35:00,2025-11-20 14:39:00,출발,I
에어 프랑스,OKA,AF5375,P03,222,A B C D,Slave,KE2147,2025-11-20 14:35:00,2025-11-20 14:39:00,출발,I
KLM네덜란드항공,OKA,KL9164,P03,222,A B C D,Slave,KE2147,2025-11-20 14:35:00,2025-11-20 14:39:00,출발,I
일본항공,OKA,JL5274,P03,222,A B C D,Slave,KE2147,2025-11-20 14:35:00,2025-11-20 14:39:00,출발,I
대한항공,SIN,KE643,P03,233,A B C D,Master,KE643,2025-11-20 14:35:00,2025-11-20 14:45:00,출발,I
델타항공,SIN,DL7819,P03,233,A B C D,Slave,KE643,2025-11-20 14:35:00,2025-11-20 14:45:00,출발,I
홍콩항공,HKG,HX629,P01,42,M12-M16,Master,HX629,2025-11-20 14:35:00,2025-11-20 14:36:00,출발,I
아시아나항공,HKG,OZ9293,P01,42,M12-M16,Slave,HX629,2025-11-20 14:35:00,2025-11-20 14:36:00,출발,I
티웨이항공,FUK,TW205,P02,107,F19-F36,Master,TW205,2025-11-20 14:45:00,2025-11-20 14:51:00,출발,I
제주항공,NRT,7C1107,P02,124,L13-L36,Master,7C1107,2025-11-20 14:50:00,2025-11-20 15:08:00,출발,I
한 에어,NRT,H19905,P02,124,L13-L36,Slave,7C1107,2025-11-20 14:50:00,2025-11-20 15:08:00,출발,I
중국남방항공,CAN,CZ338,P02,125,E19-E36,Master,CZ338,2025-11-20 14:50:00,2025-11-20 14:54:00,출발,I
사천항공,CAN,3U7032,P02,125,E19-E36,Slave,CZ338,2025-11-20 14:50:00,2025-11-20 14:54:00,출발,I
중국국제항공,PKX,CA132,P01,34,M19-M36,Master,CA132,2025-11-20 14:50:00,2025-11-20 15:01:00,출발,I
제주항공,NGO,7C1203,P01,50,L13-L36,Master,7C1203,2025-11-20 14:50:00,2025-11-20 14:53:00,출발,I
한 에어,NGO,H19816,P01,50,L13-L36,Slave,7C1203,2025-11-20 14:50:00,2025-11-20 14:53:00,출발,I
중국국제항공,TFU,CA402,P01,37,M19-M36,Master,CA402,2025-11-20 14:55:00,2025-11-20 15:07:00,출발,I
아시아나항공,TFU,OZ6831,P01,37,M19-M36,Slave,CA402,2025-11-20 14:55:00,2025-11-20 15:07:00,출발,I
심천항공,SZX,ZH634,P01,43,M01-M06,Master,ZH634,2025-11-20 14:55:00,2025-11-20 14:47:00,출발,I
중국국제항공,SZX,CA3844,P01,43,M01-M06,Slave,ZH634,2025-11-20 14:55:00,2025-11-20 14:47:00,출발,I
아시아나항공,SZX,OZ6883,P01,43,M01-M06,Slave,ZH634,2025-11-20 14:55:00,2025-11-20 14:47:00,출발,I
아시아나항공,PEK,OZ335,P01,18,A03-C34,Master,OZ335,2025-11-20 15:00:00,2025-11-20 15:10:00,출발,I
심천항공,PEK,ZH3310,P01,18,A03-C34,Slave,OZ335,2025-11-20 15:00:00,2025-11-20 15:10:00,출발,I
중국국제항공,PEK,CA5006,P01,18,A03-C34,Slave,OZ335,2025-11-20 15:00:00,2025-11-20 15:10:00,출발,I
진에어,KIX,LJ235,P03,254,G17-H40,Master,LJ235,2025-11-20 15:00:00,2025-11-20 15:04:00,출발,I
캐세이퍼시픽항공,HKG,CX411,P01,40,J07-J16,Master,CX411,2025-11-20 15:00:00,2025-11-20 15:08:00,출발,I
아메리칸항공,HKG,AA8894,P01,40,J07-J16,Slave,CX411,2025-11-20 15:00:00,2025-11-20 15:08:00,출발,I
콴타스항공,HKG,QF8224,P01,40,J07-J16,Slave,CX411,2025-11-20 15:00:00,2025-11-20 15:08:00,출발,I
카타르항공,HKG,QR3499,P01,40,J07-J16,Slave,CX411,2025-11-20 15:00:00,2025-11-20 15:08:00,출발,I
이스타항공,KIX,ZE613,P02,103,H24-J25,Master,ZE613,2025-11-20 15:05:00,2025-11-20 15:12:00,출발,I
피치항공,KIX,MM718,P02,113,K19-K23,Master,MM718,2025-11-20 15:05:00,2025-11-20 15:02:00,출발,I
대한항공,CGK,KE437,P03,247,A B C D,Master,KE437,2025-11-20 15:05:00,2025-11-20 15:08:00,출발,I
델타항공,CGK,DL7913,P03,247,A B C D,Slave,KE437,2025-11-20 15:05:00,2025-11-20 15:08:00,출발,I
가루다인도네시아,CGK,GA9727,P03,247,A B C D,Slave,KE437,2025-11-20 15:05:00,2025-11-20 15:08:00,출발,I
에어부산,KIX,BX176,P03,278,E11-E20,Master,BX176,2025-11-20 15:05:00,2025-11-20 15:06:00,출발,I
대한항공,KIX,KE725,P03,246,A B C D,Master,KE725,2025-11-20 15:10:00,2025-11-20 15:17:00,출발,I
에어 프랑스,KIX,AF5374,P03,246,A B C D,Slave,KE725,2025-11-20 15:10:00,2025-11-20 15:17:00,출발,I
델타항공,KIX,DL7787,P03,246,A B C D,Slave,KE725,2025-11-20 15:10:00,2025-11-20 15:17:00,출발,I
일본항공,KIX,JL5212,P03,246,A B C D,Slave,KE725,2025-11-20 15:10:00,2025-11-20 15:17:00,출발,I
몽골항공,KIX,OM6705,P03,246,A B C D,Slave,KE725,2025-11-20 15:10:00,2025-11-20 15:17:00,출발,I
진에어,NRT,LJ207,P03,257,G17-H40,Master,LJ207,2025-11-20 15:15:00,2025-11-20 15:18:00,출발,I
이스타항공,NRT,ZE603,P02,115,H24-J25,Master,ZE603,2025-11-20 15:20:00,2025-11-20 15:28:00,출발,I
진에어,RMQ,LJ737,P03,253,G17-H40,Master,LJ737,2025-11-20 15:20:00,2025-11-20 15:18:00,출발,I
제주항공,FUK,7C1405,P01,32,L13-L36,Master,7C1405,2025-11-20 15:20:00,2025-11-20 15:21:00,출발,I
한 에어,FUK,H19831,P01,32,L13-L36,Slave,7C1405,2025-11-20 15:20:00,2025-11-20 15:21:00,출발,I
산동항공,TAO,SC4614,P01,30,N07-N15,Master,SC4614,2025-11-20 15:25:00,2025-11-20 15:18:00,출발,I
아시아나항공,TAO,OZ6715,P01,30,N07-N15,Slave,SC4614,2025-11-20 15:25:00,2025-11-20 15:18:00,출발,I
중국국제항공,TAO,CA8892,P01,30,N07-N15,Slave,SC4614,2025-11-20 15:25:00,2025-11-20 15:18:00,출발,I
티웨이항공,NRT,TW245,P02,102,F19-F36,Master,TW245,2025-11-20 15:30:00,2025-11-20 15:43:00,출발,I
티웨이항공,SIN,TW161,P02,112,F19-F36,Master,TW161,2025-11-20 15:30:00,2025-11-20 15:49:00,출발,I
아시아나항공,NRT,OZ106,P01,12,A03-C34,Master,OZ106,2025-11-20 15:35:00,2025-11-20 15:33:00,출발,I
에티하드 항공,NRT,EY8454,P01,12,A03-C34,Slave,OZ106,2025-11-20 15:35:00,2025-11-20 15:33:00,출발,I
전일본공수,NRT,NH6976,P01,12,A03-C34,Slave,OZ106,2025-11-20 15:35:00,2025-11-20 15:33:00,출발,I
에어 뉴질랜드,NRT,NZ4056,P01,12,A03-C34,Slave,OZ106,2025-11-20 15:35:00,2025-11-20 15:33:00,출발,I
유나이티드항공,NRT,UA7322,P01,12,A03-C34,Slave,OZ106,2025-11-20 15:35:00,2025-11-20 15:33:00,출발,I
아시아나항공,NGO,OZ124,P01,16,A03-C34,Master,OZ124,2025-11-20 15:35:00,2025-11-20 15:31:00,출발,I
에티하드 항공,NGO,EY8471,P01,16,A03-C34,Slave,OZ124,2025-11-20 15:35:00,2025-11-20 15:31:00,출발,I
전일본공수,NGO,NH6966,P01,16,A03-C34,Slave,OZ124,2025-11-20 15:35:00,2025-11-20 15:31:00,출발,I
터키항공,NGO,TK8092,P01,16,A03-C34,Slave,OZ124,2025-11-20 15:35:00,2025-11-20 15:31:00,출발,I
에어부산,NRT,BX166,P03,277,E11-E20,Master,BX166,2025-11-20 15:35:00,2025-11-20 15:28:00,출발,I
제주항공,DPS,7C2711,P01,46,L13-L36,Master,7C2711,2025-11-20 15:35:00,2025-11-20 15:51:00,출발,I
한 에어,DPS,H19950,P01,46,L13-L36,Slave,7C2711,2025-11-20 15:35:00,2025-11-20 15:51:00,출발,I
중국동방항공,PKX,MU2074,P02,121,H01-H18,Master,MU2074,2025-11-20 15:40:00,2025-11-20 15:34:00,출발,I
아시아나항공,CGK,OZ761,P01,6,A03-C34,Master,OZ761,2025-11-20 15:40:00,2025-11-20 15:42:00,출발,I
홍콩익스프레스,HKG,UO631,P02,111,K29-K34,Master,UO631,2025-11-20 15:45:00,2025-11-20 15:51:00,출발,I
티웨이항공,KIX,TW305,P02,105,F19-F36,Master,TW305,2025-11-20 15:50:00,2025-11-20 16:09:00,출발,I
대한항공,UKB,KE2173,P03,251,A B C D,Master,KE2173,2025-11-20 15:50:00,2025-11-20 15:56:00,출발,I
아시아나항공,HKT,OZ725,P01,15,A03-C34,Master,OZ725,2025-11-20 16:00:00,2025-11-20 16:01:00,출발,I
대한항공,KMJ,KE2155,P03,218,A B C D,Master,KE2155,2025-11-20 16:00:00,2025-11-20 16:02:00,출발,I
델타항공,KMJ,DL7918,P03,218,A B C D,Slave,KE2155,2025-11-20 16:00:00,2025-11-20 16:02:00,출발,I
대한항공,SFO,KE023,P03,242,A B C D,Master,KE023,2025-11-20 16:00:00,2025-11-20 15:51:00,출발,I
델타항공,SFO,DL7860,P03,242,A B C D,Slave,KE023,2025-11-20 16:00:00,2025-11-20 15:51:00,출발,I
제주항공,FSZ,7C1603,P02,126,L13-L36,Master,7C1603,2025-11-20 16:05:00,2025-11-20 16:11:00,출발,I
한 에어,FSZ,H19929,P02,126,L13-L36,Slave,7C1603,2025-11-20 16:05:00,2025-11-20 16:11:00,출발,I
중국동방항공,YNT,MU268,P02,131,H01-H18,Master,MU268,2025-11-20 16:05:00,2025-11-20 15:58:00,출발,I
대한항공,YNT,KE5851,P02,131,H01-H18,Slave,MU268,2025-11-20 16:05:00,2025-11-20 15:58:00,출발,I
미얀마국제항공,RGN,8M802,P01,38,J01-J05,Master,8M802,2025-11-20 16:05:00,2025-11-20 15:58:00,출발,I
아시아나항공,KIX,OZ114,P01,7,A03-C34,Master,OZ114,2025-11-20 16:05:00,2025-11-20 16:12:00,출발,I
에티하드 항공,KIX,EY8449,P01,7,A03-C34,Slave,OZ114,2025-11-20 16:05:00,2025-11-20 16:12:00,출발,I
전일본공수,KIX,NH6954,P01,7,A03-C34,Slave,OZ114,2025-11-20 16:05:00,2025-11-20 16:12:00,출발,I
중국동방항공,PVG,MU5012,P02,129,H01-H18,Master,MU5012,2025-11-20 16:10:00,2025-11-20 16:32:00,출발,I
대한항공,PVG,KE5883,P02,129,H01-H18,Slave,MU5012,2025-11-20 16:10:00,2025-11-20 16:32:00,출발,I
대한항공,SEA,KE041,P03,256,A B C D,Master,KE041,2025-11-20 16:10:00,2025-11-20 16:26:00,출발,I
델타항공,SEA,DL7837,P03,256,A B C D,Slave,KE041,2025-11-20 16:10:00,2025-11-20 16:26:00,출발,I
진에어,KKJ,LJ349,P03,264,G17-H40,Master,LJ349,2025-11-20 16:10:00,2025-11-20 16:13:00,출발,I
에어로 몽골리아,UBN,M0602,P01,36,K13-K16,Master,M0602,2025-11-20 16:10:00,2025-11-20 16:05:00,출발,I
중국남방항공,CAN,CZ3062,P02,122,E19-E36,Master,CZ3062,2025-11-20 16:15:00,2025-11-20 16:05:00,출발,I
사천항공,CAN,3U7024,P02,122,E19-E36,Slave,CZ3062,2025-11-20 16:15:00,2025-11-20 16:05:00,출발,I
제주항공,NRT,7C1121,P02,101,L13-L36,Master,7C1121,2025-11-20 16:20:00,2025-11-20 16:23:00,출발,I
한 에어,NRT,H19761,P02,101,L13-L36,Slave,7C1121,2025-11-20 16:20:00,2025-11-20 16:23:00,출발,I
제주항공,FUK,7C1407,P02,128,L13-L36,Master,7C1407,2025-11-20 16:20:00,2025-11-20 16:17:00,출발,I
한 에어,FUK,H19910,P02,128,L13-L36,Slave,7C1407,2025-11-20 16:20:00,2025-11-20 16:17:00,출발,I
중국동방항공,PVG,MU5034,P02,132,H01-H18,Master,MU5034,2025-11-20 16:20:00,2025-11-20 16:36:00,출발,I
상하이항공,PVG,FM3072,P02,132,H01-H18,Slave,MU5034,2025-11-20 16:20:00,2025-11-20 16:36:00,출발,I
대한항공,PVG,KE5885,P02,132,H01-H18,Slave,MU5034,2025-11-20 16:20:00,2025-11-20 16:36:00,출발,I
대한항공,DPS,KE431,P03,236,A B C D,Master,KE431,2025-11-20 16:20:00,2025-11-20 16:20:00,출발,I
델타항공,DPS,DL7803,P03,236,A B C D,Slave,KE431,2025-11-20 16:20:00,2025-11-20 16:20:00,출발,I
에어 프랑스,DPS,AF7906,P03,236,A B C D,Slave,KE431,2025-11-20 16:20:00,2025-11-20 16:20:00,출발,I
가루다인도네시아,DPS,GA9961,P03,236,A B C D,Slave,KE431,2025-11-20 16:20:00,2025-11-20 16:20:00,출발,I
대한항공,TPE,KE2027,P03,248,A B C D,Master,KE2027,2025-11-20 16:20:00,2025-11-20 16:18:00,출발,I
델타항공,TPE,DL7777,P03,248,A B C D,Slave,KE2027,2025-11-20 16:20:00,2025-11-20 16:18:00,출발,I
중화항공,TPE,CI9067,P03,248,A B C D,Slave,KE2027,2025-11-20 16:20:00,2025-11-20 16:18:00,출발,I
진에어,NGO,LJ347,P03,254,G17-H40,Master,LJ347,2025-11-20 16:25:00,2025-11-20 16:59:00,출발,I
대한항공,NGO,KE5081,P03,254,G17-H40,Slave,LJ347,2025-11-20 16:25:00,2025-11-20 16:59:00,출발,I
중국동방항공,TAO,MU560,P02,117,H01-H18,Master,MU560,2025-11-20 16:40:00,2025-11-20 16:43:00,출발,I
상하이항공,TAO,FM3084,P02,117,H01-H18,Slave,MU560,2025-11-20 16:40:00,2025-11-20 16:43:00,출발,I
대한항공,TAO,KE5841,P02,117,H01-H18,Slave,MU560,2025-11-20 16:40:00,2025-11-20 16:43:00,출발,I
대한항공,KUL,KE427,P03,255,A B C D,Master,KE427,2025-11-20 16:40:00,2025-11-20 16:44:00,출발,I
델타항공,KUL,DL7911,P03,255,A B C D,Slave,KE427,2025-11-20 16:40:00,2025-11-20 16:44:00,출발,I
말레이시아 항공,KUL,MH5621,P03,255,A B C D,Slave,KE427,2025-11-20 16:40:00,2025-11-20 16:44:00,출발,I
에어서울,NRT,RS703,P03,281,E01-E10,Master,RS703,2025-11-20 16:40:00,2025-11-20 16:45:00,출발,I
심천항공,SZX,ZH632,P01,33,M01-M06,Master,ZH632,2025-11-20 16:45:00,2025-11-20 16:49:00,출발,I
중국국제항공,SZX,CA3862,P01,33,M01-M06,Slave,ZH632,2025-11-20 16:45:00,2025-11-20 16:49:00,출발,I
아시아나항공,SZX,OZ6881,P01,33,M01-M06,Slave,ZH632,2025-11-20 16:45:00,2025-11-20 16:49:00,출발,I
아시아나항공,SIN,OZ751,P01,14,A03-C34,Master,OZ751,2025-11-20 16:20:00,2025-11-20 17:03:00,출발,I
에어캐나다,SIN,AC6994,P01,14,A03-C34,Slave,OZ751,2025-11-20 16:20:00,2025-11-20 17:03:00,출발,I
싱가포르항공,SIN,SQ5751,P01,14,A03-C34,Slave,OZ751,2025-11-20 16:20:00,2025-11-20 17:03:00,출발,I
에티오피아항공,NRT,ET672,P01,23,F12-F16,Master,ET672,2025-11-20 16:50:00,2025-11-20 17:06:00,출발,I
전일본공수,NRT,NH5340,P01,23,F12-F16,Slave,ET672,2025-11-20 16:50:00,2025-11-20 17:06:00,출발,I
에어부산,BKK,BX727,P03,280,E11-E20,Master,BX727,2025-11-20 16:50:00,2025-11-20 16:59:00,출발,I
제주항공,KIX,7C1305,P02,110,L13-L36,Master,7C1305,2025-11-20 16:55:00,2025-11-20 16:54:00,출발,I
한 에어,KIX,H19814,P02,110,L13-L36,Slave,7C1305,2025-11-20 16:55:00,2025-11-20 16:54:00,출발,I
대한항공,NRT,KE713,P03,225,A B C D,Master,KE713,2025-11-20 16:55:00,2025-11-20 17:13:00,출발,I
아에로멕시코,NRT,AM6752,P03,225,A B C D,Slave,KE713,2025-11-20 16:55:00,2025-11-20 17:13:00,출발,I
델타항공,NRT,DL7897,P03,225,A B C D,Slave,KE713,2025-11-20 16:55:00,2025-11-20 17:13:00,출발,I
일본항공,NRT,JL5252,P03,225,A B C D,Slave,KE713,2025-11-20 16:55:00,2025-11-20 17:13:00,출발,I
싱가포르항공,SIN,SQ601,P01,31,F01-F08,Master,SQ601,2025-11-20 16:55:00,2025-11-20 17:22:00,출발,I
에어인디아 리미티드,SIN,AI8167,P01,31,F01-F08,Slave,SQ601,2025-11-20 16:55:00,2025-11-20 17:22:00,출발,I
아시아나항공,SIN,OZ6789,P01,31,F01-F08,Slave,SQ601,2025-11-20 16:55:00,2025-11-20 17:22:00,출발,I
버진 오스트레일리아,SIN,VA5671,P01,31,F01-F08,Slave,SQ601,2025-11-20 16:55:00,2025-11-20 17:22:00,출발,I
아시아나항공,HKT,OZ747,P01,21,A03-C34,Master,OZ747,2025-11-20 17:00:00,2025-11-20 17:07:00,출발,I
타이항공,BKK,TG653,P01,41,M09-M18,Master,TG653,2025-11-20 17:00:00,2025-11-20 16:55:00,출발,I
이스타항공,BKK,ZE511,P02,108,H24-J25,Master,ZE511,2025-11-20 17:05:00,2025-11-20 17:09:00,출발,I
진에어,PQC,LJ091,P03,278,G17-H40,Master,LJ091,2025-11-20 17:05:00,2025-11-20 17:25:00,출발,I
대한항공,DPS,KE433,P03,224,A B C D,Master,KE433,2025-11-20 17:10:00,2025-11-20 17:21:00,출발,I
델타항공,DPS,DL7872,P03,224,A B C D,Slave,KE433,2025-11-20 17:10:00,2025-11-20 17:21:00,출발,I
가루다인도네시아,DPS,GA9965,P03,224,A B C D,Slave,KE433,2025-11-20 17:10:00,2025-11-20 17:21:00,출발,I
진에어,BKK,LJ001,P03,251,G17-H40,Master,LJ001,2025-11-20 17:10:00,2025-11-20 17:47:00,출발,I
대한항공,BKK,KE5065,P03,251,G17-H40,Slave,LJ001,2025-11-20 17:10:00,2025-11-20 17:47:00,출발,I
진에어,CNX,LJ009,P03,276,G17-H40,Master,LJ009,2025-11-20 16:50:00,2025-11-20 17:20:00,출발,I
대한항공,CNX,KE5089,P03,276,G17-H40,Slave,LJ009,2025-11-20 16:50:00,2025-11-20 17:20:00,출발,I
에어프레미아,BKK,YP601,P01,27,K01-K13,Master,YP601,2025-11-20 17:15:00,2025-11-20 17:17:00,출발,I
이스타항공,PQC,ZE581,P02,119,H24-J25,Master,ZE581,2025-11-20 17:20:00,2025-11-20 17:53:00,출발,I
대한항공,BKK,KE651,P03,232,A B C D,Master,KE651,2025-11-20 17:20:00,2025-11-20 17:37:00,출발,I
델타항공,BKK,DL7852,P03,232,A B C D,Slave,KE651,2025-11-20 17:20:00,2025-11-20 17:37:00,출발,I
진에어,FUK,LJ265,P03,239,G17-H40,Master,LJ265,2025-11-20 17:20:00,2025-11-20 17:31:00,출발,I
대한항공,FUK,KE5077,P03,239,G17-H40,Slave,LJ265,2025-11-20 17:20:00,2025-11-20 17:31:00,출발,I
이스타항공,CNX,ZE517,P02,114,H24-J25,Master,ZE517,2025-11-20 17:25:00,2025-11-20 17:12:00,출발,I
대한항공,HKT,KE677,P03,275,A B C D,Master,KE677,2025-11-20 17:25:00,2025-11-20 17:38:00,출발,I
델타항공,HKT,DL7929,P03,275,A B C D,Slave,KE677,2025-11-20 17:25:00,2025-11-20 17:38:00,출발,I
중국남방항공,DLC,CZ696,P02,125,E19-E36,Master,CZ696,2025-11-20 17:30:00,2025-11-20 17:23:00,출발,I
진에어,GUM,LJ919,P03,279,G17-H40,Master,LJ919,2025-11-20 17:35:00,2025-11-20 17:42:00,출발,I
춘추항공,PVG,9C8560,P02,113,H19-H23,Master,9C8560,2025-11-20 17:40:00,2025-11-20 17:45:00,출발,I
대한항공,GUM,KE417,P03,257,A B C D,Master,KE417,2025-11-20 17:45:00,2025-11-20 17:50:00,출발,I
델타항공,GUM,DL7864,P03,257,A B C D,Slave,KE417,2025-11-20 17:45:00,2025-11-20 17:50:00,출발,I
에어프레미아,DAD,YP621,P01,35,K01-K13,Master,YP621,2025-11-20 17:45:00,2025-11-20 17:55:00,출발,I
중국국제항공,PEK,CA126,P01,34,M19-M36,Master,CA126,2025-11-20 17:50:00,2025-11-20 17:37:00,출발,I
아시아나항공,PEK,OZ6803,P01,34,M19-M36,Slave,CA126,2025-11-20 17:50:00,2025-11-20 17:37:00,출발,I
산동항공,PEK,SC150,P01,34,M19-M36,Slave,CA126,2025-11-20 17:50:00,2025-11-20 17:37:00,출발,I
에티하드 항공,AUH,EY823,P01,39,J27-J35,Master,EY823,2025-11-20 17:50:00,2025-11-20 17:43:00,출발,I
플라이나스,AUH,XY3873,P01,39,J27-J35,Slave,EY823,2025-11-20 17:50:00,2025-11-20 17:43:00,출발,I
TAP포르투갈 항공,AUH,TP6923,P01,39,J27-J35,Slave,EY823,2025-11-20 17:50:00,2025-11-20 17:43:00,출발,I
아시아나항공,AUH,OZ6970,P01,39,J27-J35,Slave,EY823,2025-11-20 17:50:00,2025-11-20 17:43:00,출발,I
이집트항공,AUH,MS8089,P01,39,J27-J35,Slave,EY823,2025-11-20 17:50:00,2025-11-20 17:43:00,출발,I
이스라엘항공,AUH,LY9630,P01,39,J27-J35,Slave,EY823,2025-11-20 17:50:00,2025-11-20 17:43:00,출발,I
오만항공,AUH,WY5103,P01,39,J27-J35,Slave,EY823,2025-11-20 17:50:00,2025-11-20 17:43:00,출발,I
베트남항공,SGN,VN403,P02,123,D05-D17,Master,VN403,2025-11-20 17:55:00,2025-11-20 17:58:00,출발,I
진에어,TAG,LJ043,P03,260,G17-H40,Master,LJ043,2025-11-20 18:00:00,2025-11-20 18:09:00,출발,I
유나이티드항공,SFO,UA892,P01,32,D19-E08,Master,UA892,2025-11-20 18:00:00,2025-11-20 18:13:00,출발,I
아시아나항공,SFO,OZ6614,P01,32,D19-E08,Slave,UA892,2025-11-20 18:00:00,2025-11-20 18:13:00,출발,I
제주항공,PQC,7C2315,P01,45,L13-L36,Master,7C2315,2025-11-20 18:00:00,2025-11-20 18:28:00,출발,I
한 에어,PQC,H19889,P01,45,L13-L36,Slave,7C2315,2025-11-20 18:00:00,2025-11-20 18:28:00,출발,I
베트남항공,HAN,VN415,P02,109,D05-D17,Master,VN415,2025-11-20 18:05:00,2025-11-20 18:10:00,출발,I
티웨이항공,FUK,TW207,P02,124,F19-F36,Master,TW207,2025-11-20 18:05:00,2025-11-20 18:06:00,출발,I
대한항공,CXR,KE467,P03,263,A B C D,Master,KE467,2025-11-20 18:05:00,2025-11-20 17:59:00,출발,I
델타항공,CXR,DL7813,P03,263,A B C D,Slave,KE467,2025-11-20 18:05:00,2025-11-20 17:59:00,출발,I
베트남항공,CXR,VN3409,P03,263,A B C D,Slave,KE467,2025-11-20 18:05:00,2025-11-20 17:59:00,출발,I
아시아나항공,BKK,OZ741,P01,8,A03-C34,Master,OZ741,2025-11-20 18:05:00,2025-11-20 18:10:00,출발,I
에어캐나다,BKK,AC6996,P01,8,A03-C34,Slave,OZ741,2025-11-20 18:05:00,2025-11-20 18:10:00,출발,I
에티오피아항공,BKK,ET1298,P01,8,A03-C34,Slave,OZ741,2025-11-20 18:05:00,2025-11-20 18:10:00,출발,I
오스트리아 항공,BKK,OS8052,P01,8,A03-C34,Slave,OZ741,2025-11-20 18:05:00,2025-11-20 18:10:00,출발,I
타이항공,BKK,TG6727,P01,8,A03-C34,Slave,OZ741,2025-11-20 18:05:00,2025-11-20 18:10:00,출발,I
이스타항공,FUK,ZE649,P02,118,H24-J25,Master,ZE649,2025-11-20 18:15:00,2025-11-20 18:18:00,출발,I
대한항공,PQC,KE485,P03,234,A B C D,Master,KE485,2025-11-20 18:15:00,2025-11-20 18:17:00,출발,I
델타항공,PQC,DL7865,P03,234,A B C D,Slave,KE485,2025-11-20 18:15:00,2025-11-20 18:17:00,출발,I
베트남항공,PQC,VN3413,P03,234,A B C D,Slave,KE485,2025-11-20 18:15:00,2025-11-20 18:17:00,출발,I
제주항공,SIN,7C2623,P01,28,L13-L36,Master,7C2623,2025-11-20 18:20:00,2025-11-20 18:37:00,출발,I
한 에어,SIN,H19894,P01,28,L13-L36,Slave,7C2623,2025-11-20 18:20:00,2025-11-20 18:37:00,출발,I
상하이항공,PVG,FM828,P02,126,H11-H18,Master,FM828,2025-11-20 18:25:00,2025-11-20 18:31:00,출발,I
중국동방항공,PVG,MU8604,P02,126,H11-H18,Slave,FM828,2025-11-20 18:25:00,2025-11-20 18:31:00,출발,I
대한항공,PVG,KE5893,P02,126,H11-H18,Slave,FM828,2025-11-20 18:25:00,2025-11-20 18:31:00,출발,I
대한항공,PUS,KE1407,P03,249,-,Master,KE1407,2025-11-20 18:25:00,2025-11-20 18:28:00,출발,D
ITA항공,PUS,AZ2780,P03,249,-,Slave,KE1407,2025-11-20 18:25:00,2025-11-20 18:28:00,출발,D
가루다인도네시아,PUS,GA9963,P03,249,-,Slave,KE1407,2025-11-20 18:25:00,2025-11-20 18:28:00,출발,D
KLM네덜란드항공,PUS,KL4249,P03,249,-,Slave,KE1407,2025-11-20 18:25:00,2025-11-20 18:28:00,출발,D
델타항공,PUS,DL7879,P03,249,-,Slave,KE1407,2025-11-20 18:25:00,2025-11-20 18:28:00,출발,D
델타항공,ATL,DL188,P03,253,K21-L15,Master,DL188,2025-11-20 18:00:00,2025-11-20 18:24:00,출발,I
대한항공,ATL,KE5039,P03,253,K21-L15,Slave,DL188,2025-11-20 18:00:00,2025-11-20 18:24:00,출발,I
대한항공,AKL,KE411,P03,277,A B C D,Master,KE411,2025-11-20 18:25:00,2025-11-20 18:26:00,출발,I
KLM네덜란드항공,AKL,KL4245,P03,277,A B C D,Slave,KE411,2025-11-20 18:25:00,2025-11-20 18:26:00,출발,I
버진 애트란틱항공,AKL,VS5527,P03,277,A B C D,Slave,KE411,2025-11-20 18:25:00,2025-11-20 18:26:00,출발,I
제주항공,MNL,7C2103,P01,38,L13-L36,Master,7C2103,2025-11-20 18:05:00,2025-11-20 18:28:00,출발,I
한 에어,MNL,H19753,P01,38,L13-L36,Slave,7C2103,2025-11-20 18:05:00,2025-11-20 18:28:00,출발,I
티웨이항공,BKI,TW153,P02,115,F19-F36,Master,TW153,2025-11-20 18:30:00,2025-11-20 18:35:00,출발,I
대한항공,SIN,KE645,P03,233,A B C D,Master,KE645,2025-11-20 18:30:00,2025-11-20 18:53:00,출발,I
몽골항공,SIN,OM6231,P03,233,A B C D,Slave,KE645,2025-11-20 18:30:00,2025-11-20 18:53:00,출발,I
웨스트젯,SIN,WS6031,P03,233,A B C D,Slave,KE645,2025-11-20 18:30:00,2025-11-20 18:53:00,출발,I
델타항공,SIN,DL7821,P03,233,A B C D,Slave,KE645,2025-11-20 18:30:00,2025-11-20 18:53:00,출발,I
대한항공,YVR,KE071,P03,267,A B C D,Master,KE071,2025-11-20 18:30:00,2025-11-20 18:35:00,출발,I
웨스트젯,YVR,WS6061,P03,267,A B C D,Slave,KE071,2025-11-20 18:30:00,2025-11-20 18:35:00,출발,I
아시아나항공,NRT,OZ108,P01,18,A03-C34,Master,OZ108,2025-11-20 18:40:00,2025-11-20 18:39:00,출발,I
에티하드 항공,NRT,EY8455,P01,18,A03-C34,Slave,OZ108,2025-11-20 18:40:00,2025-11-20 18:39:00,출발,I
전일본공수,NRT,NH6978,P01,18,A03-C34,Slave,OZ108,2025-11-20 18:40:00,2025-11-20 18:39:00,출발,I
유나이티드항공,NRT,UA7297,P01,18,A03-C34,Slave,OZ108,2025-11-20 18:40:00,2025-11-20 18:39:00,출발,I
대한항공,FUK,KE781,P03,219,A B C D,Master,KE781,2025-11-20 18:40:00,2025-11-20 18:38:00,출발,I
델타항공,FUK,DL7797,P03,219,A B C D,Slave,KE781,2025-11-20 18:40:00,2025-11-20 18:38:00,출발,I
일본항공,FUK,JL5224,P03,219,A B C D,Slave,KE781,2025-11-20 18:40:00,2025-11-20 18:38:00,출발,I
KLM네덜란드항공,FUK,KL4258,P03,219,A B C D,Slave,KE781,2025-11-20 18:40:00,2025-11-20 18:38:00,출발,I
몽골항공,FUK,OM6711,P03,219,A B C D,Slave,KE781,2025-11-20 18:40:00,2025-11-20 18:38:00,출발,I
버진 애트란틱항공,FUK,VS5509,P03,219,A B C D,Slave,KE781,2025-11-20 18:40:00,2025-11-20 18:38:00,출발,I
에어 프랑스,FUK,AF7894,P03,219,A B C D,Slave,KE781,2025-11-20 18:40:00,2025-11-20 18:38:00,출발,I
ITA항공,FUK,AZ2788,P03,219,A B C D,Slave,KE781,2025-11-20 18:40:00,2025-11-20 18:38:00,출발,I
대한항공,TAE,KE1431,P03,250,1층,Master,KE1431,2025-11-20 18:40:00,2025-11-20 18:41:00,출발,D
ITA항공,TAE,AZ2782,P03,250,1층,Slave,KE1431,2025-11-20 18:40:00,2025-11-20 18:41:00,출발,D
가루다인도네시아,TAE,GA9999,P03,250,1층,Slave,KE1431,2025-11-20 18:40:00,2025-11-20 18:41:00,출발,D
에어 프랑스,TAE,AF7883,P03,250,1층,Slave,KE1431,2025-11-20 18:40:00,2025-11-20 18:41:00,출발,D
델타항공,TAE,DL7845,P03,250,1층,Slave,KE1431,2025-11-20 18:40:00,2025-11-20 18:41:00,출발,D
청도항공,TAO,QW9902,P01,41,N01-N05,Master,QW9902,2025-11-20 18:40:00,2025-11-20 18:37:00,출발,I
아시아나항공,DAD,OZ755,P01,11,A03-C34,Master,OZ755,2025-11-20 18:45:00,2025-11-20 18:49:00,출발,I
에어캐나다,DAD,AC6973,P01,11,A03-C34,Slave,OZ755,2025-11-20 18:45:00,2025-11-20 18:49:00,출발,I
대한항공,NRT,KE705,P03,220,A B C D,Master,KE705,2025-11-20 18:45:00,2025-11-20 19:06:00,출발,I
아에로멕시코,NRT,AM6700,P03,220,A B C D,Slave,KE705,2025-11-20 18:45:00,2025-11-20 19:06:00,출발,I
델타항공,NRT,DL7781,P03,220,A B C D,Slave,KE705,2025-11-20 18:45:00,2025-11-20 19:06:00,출발,I
일본항공,NRT,JL5206,P03,220,A B C D,Slave,KE705,2025-11-20 18:45:00,2025-11-20 19:06:00,출발,I
버진 애트란틱항공,NRT,VS5503,P03,220,A B C D,Slave,KE705,2025-11-20 18:45:00,2025-11-20 19:06:00,출발,I
에어 프랑스,NRT,AF5376,P03,220,A B C D,Slave,KE705,2025-11-20 18:45:00,2025-11-20 19:06:00,출발,I
대한항공,DAD,KE459,P03,222,A B C D,Master,KE459,2025-11-20 18:30:00,2025-11-20 19:18:00,출발,I
델타항공,DAD,DL7811,P03,222,A B C D,Slave,KE459,2025-11-20 18:30:00,2025-11-20 19:18:00,출발,I
웨스트젯,DAD,WS6041,P03,222,A B C D,Slave,KE459,2025-11-20 18:30:00,2025-11-20 19:18:00,출발,I
버진 애트란틱항공,DAD,VS5521,P03,222,A B C D,Slave,KE459,2025-11-20 18:30:00,2025-11-20 19:18:00,출발,I
베트남항공,DAD,VN3441,P03,222,A B C D,Slave,KE459,2025-11-20 18:30:00,2025-11-20 19:18:00,출발,I
대한항공,KIX,KE721,P03,238,A B C D,Master,KE721,2025-11-20 18:45:00,2025-11-20 18:55:00,출발,I
델타항공,KIX,DL7783,P03,238,A B C D,Slave,KE721,2025-11-20 18:45:00,2025-11-20 18:55:00,출발,I
일본항공,KIX,JL5214,P03,238,A B C D,Slave,KE721,2025-11-20 18:45:00,2025-11-20 18:55:00,출발,I
버진 애트란틱항공,KIX,VS5505,P03,238,A B C D,Slave,KE721,2025-11-20 18:45:00,2025-11-20 18:55:00,출발,I
대한항공,CNX,KE683,P03,241,A B C D,Master,KE683,2025-11-20 18:45:00,2025-11-20 18:54:00,출발,I
델타항공,CNX,DL7924,P03,241,A B C D,Slave,KE683,2025-11-20 18:45:00,2025-11-20 18:54:00,출발,I
대한항공,HAN,KE447,P03,258,A B C D,Master,KE447,2025-11-20 18:45:00,2025-11-20 18:51:00,출발,I
버진 애트란틱항공,HAN,VS5517,P03,258,A B C D,Slave,KE447,2025-11-20 18:45:00,2025-11-20 18:51:00,출발,I
베트남항공,HAN,VN3411,P03,258,A B C D,Slave,KE447,2025-11-20 18:45:00,2025-11-20 18:51:00,출발,I
웨스트젯,HAN,WS6037,P03,258,A B C D,Slave,KE447,2025-11-20 18:45:00,2025-11-20 18:51:00,출발,I
델타항공,HAN,DL7807,P03,258,A B C D,Slave,KE447,2025-11-20 18:45:00,2025-11-20 18:51:00,출발,I
티웨이항공,HKG,TW643,P02,106,F19-F36,Master,TW643,2025-11-20 18:50:00,2025-11-20 18:56:00,출발,I
대한항공,NGO,KE743,P03,221,A B C D,Master,KE743,2025-11-20 18:50:00,2025-11-20 18:56:00,출발,I
델타항공,NGO,DL7793,P03,221,A B C D,Slave,KE743,2025-11-20 18:50:00,2025-11-20 18:56:00,출발,I
일본항공,NGO,JL5218,P03,221,A B C D,Slave,KE743,2025-11-20 18:50:00,2025-11-20 18:56:00,출발,I
KLM네덜란드항공,NGO,KL9848,P03,221,A B C D,Slave,KE743,2025-11-20 18:50:00,2025-11-20 18:56:00,출발,I
몽골항공,NGO,OM6717,P03,221,A B C D,Slave,KE743,2025-11-20 18:50:00,2025-11-20 18:56:00,출발,I
버진 애트란틱항공,NGO,VS5507,P03,221,A B C D,Slave,KE743,2025-11-20 18:50:00,2025-11-20 18:56:00,출발,I
에어 프랑스,NGO,AF7907,P03,221,A B C D,Slave,KE743,2025-11-20 18:50:00,2025-11-20 18:56:00,출발,I
대한항공,KTI,KE689,P03,235,A B C D,Master,KE689,2025-11-20 18:50:00,2025-11-20 19:06:00,출발,I
델타항공,KTI,DL7871,P03,235,A B C D,Slave,KE689,2025-11-20 18:50:00,2025-11-20 19:06:00,출발,I
대한항공,SGN,KE475,P03,246,A B C D,Master,KE475,2025-11-20 18:50:00,2025-11-20 19:10:00,출발,I
델타항공,SGN,DL7925,P03,246,A B C D,Slave,KE475,2025-11-20 18:50:00,2025-11-20 19:10:00,출발,I
베트남항공,SGN,VN3401,P03,246,A B C D,Slave,KE475,2025-11-20 18:50:00,2025-11-20 19:10:00,출발,I
버진 애트란틱항공,SGN,VS5519,P03,246,A B C D,Slave,KE475,2025-11-20 18:50:00,2025-11-20 19:10:00,출발,I
웨스트젯,SGN,WS6039,P03,246,A B C D,Slave,KE475,2025-11-20 18:50:00,2025-11-20 19:10:00,출발,I
대한항공,CEB,KE601,P03,247,A B C D,Master,KE601,2025-11-20 18:50:00,2025-11-20 19:13:00,출발,I
대한항공,SYD,KE401,P03,218,A B C D,Master,KE401,2025-11-20 18:55:00,2025-11-20 19:16:00,출발,I
버진 애트란틱항공,SYD,VS5523,P03,218,A B C D,Slave,KE401,2025-11-20 18:55:00,2025-11-20 19:16:00,출발,I
에어 프랑스,SYD,AF7876,P03,218,A B C D,Slave,KE401,2025-11-20 18:55:00,2025-11-20 19:16:00,출발,I
KLM네덜란드항공,SYD,KL9160,P03,218,A B C D,Slave,KE401,2025-11-20 18:55:00,2025-11-20 19:16:00,출발,I
몽골항공,SYD,OM6521,P03,218,A B C D,Slave,KE401,2025-11-20 18:55:00,2025-11-20 19:16:00,출발,I
에어캐나다,YVR,AC064,P01,30,E03-E16,Master,AC064,2025-11-20 18:55:00,2025-11-20 18:45:00,출발,I
아시아나항공,YVR,OZ6102,P01,30,E03-E16,Slave,AC064,2025-11-20 18:55:00,2025-11-20 18:45:00,출발,I
싱가포르항공,YVR,SQ1002,P01,30,E03-E16,Slave,AC064,2025-11-20 18:55:00,2025-11-20 18:45:00,출발,I
티웨이항공,DAD,TW011,P02,128,F19-F36,Master,TW011,2025-11-20 19:00:00,2025-11-20 19:08:00,출발,I
대한항공,PVG,KE891,P03,264,A B C D,Master,KE891,2025-11-20 19:00:00,2025-11-20 19:00:00,출발,I
중국동방항공,PVG,MU8932,P03,264,A B C D,Slave,KE891,2025-11-20 19:00:00,2025-11-20 19:00:00,출발,I
상하이항공,PVG,FM8754,P03,264,A B C D,Slave,KE891,2025-11-20 19:00:00,2025-11-20 19:00:00,출발,I
샤먼항공,PVG,MF9088,P03,264,A B C D,Slave,KE891,2025-11-20 19:00:00,2025-11-20 19:00:00,출발,I
에어부산,VTE,BX741,P03,278,E11-E20,Master,BX741,2025-11-20 19:00:00,2025-11-20 19:05:00,출발,I
아시아나항공,VTE,OZ9251,P03,278,E11-E20,Slave,BX741,2025-11-20 19:00:00,2025-11-20 19:05:00,출발,I
대한항공,BKK,KE653,P03,256,A B C D,Master,KE653,2025-11-20 19:05:00,2025-11-20 19:20:00,출발,I
델타항공,BKK,DL7825,P03,256,A B C D,Slave,KE653,2025-11-20 19:05:00,2025-11-20 19:20:00,출발,I
케냐항공,BKK,KQ5159,P03,256,A B C D,Slave,KE653,2025-11-20 19:05:00,2025-11-20 19:20:00,출발,I
아시아나항공,KIX,OZ116,P01,9,A03-C34,Master,OZ116,2025-11-20 19:05:00,2025-11-20 19:11:00,출발,I
에티오피아항공,KIX,ET1290,P01,9,A03-C34,Slave,OZ116,2025-11-20 19:05:00,2025-11-20 19:11:00,출발,I
에티하드 항공,KIX,EY8450,P01,9,A03-C34,Slave,OZ116,2025-11-20 19:05:00,2025-11-20 19:11:00,출발,I
전일본공수,KIX,NH6956,P01,9,A03-C34,Slave,OZ116,2025-11-20 19:05:00,2025-11-20 19:11:00,출발,I
에어캐나다,KIX,AC6974,P01,9,A03-C34,Slave,OZ116,2025-11-20 19:05:00,2025-11-20 19:11:00,출발,I
제주항공,KIX,7C1395,P02,101,L13-L36,Master,7C1395,2025-11-20 19:10:00,2025-11-20 19:23:00,출발,I
한 에어,KIX,H19877,P02,101,L13-L36,Slave,7C1395,2025-11-20 19:10:00,2025-11-20 19:23:00,출발,I
산동항공,TAO,SC4616,P01,36,N11-N15,Master,SC4616,2025-11-20 19:10:00,2025-11-20 18:55:00,출발,I
아시아나항공,TAO,OZ6713,P01,36,N11-N15,Slave,SC4616,2025-11-20 19:10:00,2025-11-20 18:55:00,출발,I
중국국제항공,TAO,CA8860,P01,36,N11-N15,Slave,SC4616,2025-11-20 19:10:00,2025-11-20 18:55:00,출발,I
제주항공,CNX,7C2515,P01,37,L13-L36,Master,7C2515,2025-11-20 19:10:00,2025-11-20 19:21:00,출발,I
한 에어,CNX,H19914,P01,37,L13-L36,Slave,7C2515,2025-11-20 19:10:00,2025-11-20 19:21:00,출발,I
아메리칸항공,DFW,AA280,P01,49,M09-M17,Master,AA280,2025-11-20 19:15:00,2025-11-20 19:04:00,출발,I
대한항공,DFW,KE5032,P01,49,M09-M17,Slave,AA280,2025-11-20 19:15:00,2025-11-20 19:04:00,출발,I
말레이시아 항공,DFW,MH9427,P01,49,M09-M17,Slave,AA280,2025-11-20 19:15:00,2025-11-20 19:04:00,출발,I
아시아나항공,MNL,OZ703,P01,12,A03-C34,Master,OZ703,2025-11-20 19:20:00,2025-11-20 19:23:00,출발,I
에어로케이항공,KIX,RF314,P02,107,K24-K27,Master,RF314,2025-11-20 19:25:00,2025-11-20 19:21:00,출발,I
아시아나항공,SGN,OZ735,P01,14,A03-C34,Master,OZ735,2025-11-20 19:25:00,2025-11-20 19:31:00,출발,I
에어캐나다,SGN,AC6982,P01,14,A03-C34,Slave,OZ735,2025-11-20 19:25:00,2025-11-20 19:31:00,출발,I
에티하드 항공,SGN,EY8464,P01,14,A03-C34,Slave,OZ735,2025-11-20 19:25:00,2025-11-20 19:31:00,출발,I
델타항공,ATL,DL026,P03,265,K21-L15,Master,DL026,2025-11-20 19:25:00,2025-11-20 19:28:00,출발,I
대한항공,ATL,KE5035,P03,265,K21-L15,Slave,DL026,2025-11-20 19:25:00,2025-11-20 19:28:00,출발,I
아시아나항공,HKG,OZ745,P01,7,A03-C34,Master,OZ745,2025-11-20 19:25:00,2025-11-20 19:30:00,출발,I
홍콩항공,HKG,HX1565,P01,7,A03-C34,Slave,OZ745,2025-11-20 19:25:00,2025-11-20 19:30:00,출발,I
유나이티드항공,HKG,UA7308,P01,7,A03-C34,Slave,OZ745,2025-11-20 19:25:00,2025-11-20 19:30:00,출발,I
제주항공,BKK,7C2503,P02,114,L13-L36,Master,7C2503,2025-11-20 19:30:00,2025-11-20 19:35:00,출발,I
한 에어,BKK,H19984,P02,114,L13-L36,Slave,7C2503,2025-11-20 19:30:00,2025-11-20 19:35:00,출발,I
대한항공,MNL,KE623,P03,225,A B C D,Master,KE623,2025-11-20 19:05:00,2025-11-20 19:34:00,출발,I
아시아나항공,HAN,OZ733,P01,24,A03-C34,Master,OZ733,2025-11-20 19:30:00,2025-11-20 19:33:00,출발,I
에어캐나다,HAN,AC6984,P01,24,A03-C34,Slave,OZ733,2025-11-20 19:30:00,2025-11-20 19:33:00,출발,I
유나이티드항공,HAN,UA7314,P01,24,A03-C34,Slave,OZ733,2025-11-20 19:30:00,2025-11-20 19:33:00,출발,I
대한항공,PUS,KE1409,P03,234,-,Master,KE1409,2025-11-20 19:35:00,2025-11-20 19:34:00,출발,D
에어 프랑스,PUS,AF5391,P03,234,-,Slave,KE1409,2025-11-20 19:35:00,2025-11-20 19:34:00,출발,D
델타항공,PUS,DL7887,P03,234,-,Slave,KE1409,2025-11-20 19:35:00,2025-11-20 19:34:00,출발,D
KLM네덜란드항공,PUS,KL3396,P03,234,-,Slave,KE1409,2025-11-20 19:35:00,2025-11-20 19:34:00,출발,D
대한항공,SGN,KE479,P03,260,A B C D,Master,KE479,2025-11-20 19:35:00,2025-11-20 20:12:00,출발,I
델타항공,SGN,DL7919,P03,260,A B C D,Slave,KE479,2025-11-20 19:35:00,2025-11-20 20:12:00,출발,I
베트남항공,SGN,VN3407,P03,260,A B C D,Slave,KE479,2025-11-20 19:35:00,2025-11-20 20:12:00,출발,I
캐세이퍼시픽항공,HKG,CX419,P01,47,J01-J08,Master,CX419,2025-11-20 19:35:00,2025-11-20 19:50:00,출발,I
아메리칸항공,HKG,AA8912,P01,47,J01-J08,Slave,CX419,2025-11-20 19:35:00,2025-11-20 19:50:00,출발,I
카타르항공,HKG,QR5845,P01,47,J01-J08,Slave,CX419,2025-11-20 19:35:00,2025-11-20 19:50:00,출발,I
진에어,CXR,LJ087,P03,249,G17-H40,Master,LJ087,2025-11-20 19:40:00,2025-11-20 20:27:00,출발,I
대한항공,JFK,KE085,P03,232,A B C D,Master,KE085,2025-11-20 19:30:00,2025-11-20 19:55:00,출발,I
델타항공,JFK,DL7843,P03,232,A B C D,Slave,KE085,2025-11-20 19:30:00,2025-11-20 19:55:00,출발,I
대한항공,GUM,KE8425,P03,239,A B C D,Master,KE8425,2025-11-20 19:45:00,2025-11-20 19:53:00,출발,I
에바항공,TPE,BR159,P01,39,D19-D27,Master,BR159,2025-11-20 19:45:00,2025-11-20 20:33:00,출발,I
에어캐나다,TPE,AC6534,P01,39,D19-D27,Slave,BR159,2025-11-20 19:45:00,2025-11-20 20:33:00,출발,I
에어 뉴질랜드,TPE,NZ4925,P01,39,D19-D27,Slave,BR159,2025-11-20 19:45:00,2025-11-20 20:33:00,출발,I
타이항공,TPE,TG6393,P01,39,D19-D27,Slave,BR159,2025-11-20 19:45:00,2025-11-20 20:33:00,출발,I
유니항공,TPE,B77025,P01,39,D19-D27,Slave,BR159,2025-11-20 19:45:00,2025-11-20 20:33:00,출발,I
아시아나항공,TPE,OZ6871,P01,39,D19-D27,Slave,BR159,2025-11-20 19:45:00,2025-11-20 20:33:00,출발,I
티웨이항공,BKK,TW101,P02,112,F19-F36,Master,TW101,2025-11-20 19:50:00,2025-11-20 19:58:00,출발,I
제주항공,BKI,7C2605,P02,131,L13-L36,Master,7C2605,2025-11-20 19:50:00,2025-11-20 19:52:00,출발,I
한 에어,BKI,H19875,P02,131,L13-L36,Slave,7C2605,2025-11-20 19:50:00,2025-11-20 19:52:00,출발,I
대한항공,LAX,KE011,P03,268,A B C D,Master,KE011,2025-11-20 19:40:00,2025-11-20 20:04:00,출발,I
아에로멕시코,LAX,AM6704,P03,268,A B C D,Slave,KE011,2025-11-20 19:40:00,2025-11-20 20:04:00,출발,I
델타항공,LAX,DL7833,P03,268,A B C D,Slave,KE011,2025-11-20 19:40:00,2025-11-20 20:04:00,출발,I
란항공,LAX,LA8426,P03,268,A B C D,Slave,KE011,2025-11-20 19:40:00,2025-11-20 20:04:00,출발,I
아시아나항공,SYD,OZ601,P01,17,A03-C34,Master,OZ601,2025-11-20 20:00:00,2025-11-20 20:12:00,출발,I
터키항공,SYD,TK8096,P01,17,A03-C34,Slave,OZ601,2025-11-20 20:00:00,2025-11-20 20:12:00,출발,I
에티하드 항공,SYD,EY8462,P01,17,A03-C34,Slave,OZ601,2025-11-20 20:00:00,2025-11-20 20:12:00,출발,I
대한항공,HKG,KE2011,P03,254,A B C D,Master,KE2011,2025-11-20 20:00:00,2025-11-20 20:03:00,출발,I
버진 애트란틱항공,HKG,VS5515,P03,254,A B C D,Slave,KE2011,2025-11-20 20:00:00,2025-11-20 20:03:00,출발,I
델타항공,HKG,DL7773,P03,254,A B C D,Slave,KE2011,2025-11-20 20:00:00,2025-11-20 20:03:00,출발,I
웨스트젯,HKG,WS6035,P03,254,A B C D,Slave,KE2011,2025-11-20 20:00:00,2025-11-20 20:03:00,출발,I
에어서울,GUM,RS101,P03,276,E01-E10,Master,RS101,2025-11-20 19:45:00,2025-11-20 20:01:00,출발,I
에어서울,CXR,RS527,P03,279,E01-E10,Master,RS527,2025-11-20 20:00:00,2025-11-20 20:39:00,출발,I
아시아나항공,PVG,OZ367,P01,8,A03-C34,Master,OZ367,2025-11-20 20:00:00,2025-11-20 20:01:00,출발,I
길상항공,PVG,HO3109,P01,8,A03-C34,Slave,OZ367,2025-11-20 20:00:00,2025-11-20 20:01:00,출발,I
대한항공,MNL,KE625,P03,243,A B C D,Master,KE625,2025-11-20 20:05:00,2025-11-20 20:07:00,출발,I
델타항공,MSP,DL170,P03,252,K21-L15,Master,DL170,2025-11-20 19:30:00,2025-11-20 19:56:00,출발,I
대한항공,MSP,KE5033,P03,252,K21-L15,Slave,DL170,2025-11-20 19:30:00,2025-11-20 19:56:00,출발,I
델타항공,SEA,DL196,P03,253,K21-L15,Master,DL196,2025-11-20 20:05:00,2025-11-20 20:05:00,출발,I
대한항공,SEA,KE5019,P03,253,K21-L15,Slave,DL196,2025-11-20 20:05:00,2025-11-20 20:05:00,출발,I
샤먼항공,FOC,MF878,P03,263,J22-J26,Master,MF878,2025-11-20 20:05:00,2025-11-20 19:55:00,출발,I
티웨이항공,CXR,TW033,P02,105,F19-F36,Master,TW033,2025-11-20 20:10:00,2025-11-20 21:04:00,출발,I
에어캐나다,YYZ,AC062,P01,31,E03-E16,Master,AC062,2025-11-20 20:10:00,2025-11-20 20:13:00,출발,I
아시아나항공,YYZ,OZ6114,P01,31,E03-E16,Slave,AC062,2025-11-20 20:10:00,2025-11-20 20:13:00,출발,I
중화항공,TPE,CI163,P03,250,J09-J15,Master,CI163,2025-11-20 20:15:00,2025-11-20 20:17:00,출발,I
대한항공,TPE,KE5693,P03,250,J09-J15,Slave,CI163,2025-11-20 20:15:00,2025-11-20 20:17:00,출발,I
델타항공,TPE,DL7720,P03,250,J09-J15,Slave,CI163,2025-11-20 20:15:00,2025-11-20 20:17:00,출발,I
하와이안 항공,TPE,HA2573,P03,250,J09-J15,Slave,CI163,2025-11-20 20:15:00,2025-11-20 20:17:00,출발,I
제주항공,CEB,7C2113,P02,102,L13-L36,Master,7C2113,2025-11-20 20:20:00,2025-11-20 20:21:00,출발,I
한 에어,CEB,H19789,P02,102,L13-L36,Slave,7C2113,2025-11-20 20:20:00,2025-11-20 20:21:00,출발,I
티웨이항공,DAD,TW013,P02,122,F19-F36,Master,TW013,2025-11-20 20:20:00,2025-11-20 20:26:00,출발,I
이스타항공,MDC,ZE535,P02,127,H24-J25,Master,ZE535,2025-11-20 20:25:00,2025-11-20 20:21:00,출발,I
대한항공,BKK,KE659,P03,224,A B C D,Master,KE659,2025-11-20 20:35:00,2025-11-20 20:35:00,출발,I
하와이안 항공,BKK,HA6011,P03,224,A B C D,Slave,KE659,2025-11-20 20:35:00,2025-11-20 20:35:00,출발,I
델타항공,BKK,DL7917,P03,224,A B C D,Slave,KE659,2025-11-20 20:35:00,2025-11-20 20:35:00,출발,I
대한항공,HNL,KE053,P03,255,A B C D,Master,KE053,2025-11-20 20:35:00,2025-11-20 20:47:00,출발,I
델타항공,HNL,DL7939,P03,255,A B C D,Slave,KE053,2025-11-20 20:35:00,2025-11-20 20:47:00,출발,I
하와이안 항공,HNL,HA6019,P03,255,A B C D,Slave,KE053,2025-11-20 20:35:00,2025-11-20 20:47:00,출발,I
알래스카 항공,SEA,AS872,P01,33,D01-D10,Master,AS872,2025-11-20 20:35:00,2025-11-20 20:25:00,출발,I
하와이안 항공,SEA,HA872,P01,33,D01-D10,Slave,AS872,2025-11-20 20:35:00,2025-11-20 20:25:00,출발,I
제주항공,VTE,7C2401,P01,41,L13-L36,Master,7C2401,2025-11-20 20:35:00,2025-11-20 20:41:00,출발,I
한 에어,VTE,H19983,P01,41,L13-L36,Slave,7C2401,2025-11-20 20:35:00,2025-11-20 20:41:00,출발,I
대한항공,HND,KE751,P03,251,A B C D,Master,KE751,2025-11-20 20:40:00,2025-11-20 20:41:00,출발,I
버진 애트란틱항공,HND,VS5529,P03,251,A B C D,Slave,KE751,2025-11-20 20:40:00,2025-11-20 20:41:00,출발,I
에어 프랑스,HND,AF5366,P03,251,A B C D,Slave,KE751,2025-11-20 20:40:00,2025-11-20 20:41:00,출발,I
일본항공,HND,JL5256,P03,251,A B C D,Slave,KE751,2025-11-20 20:40:00,2025-11-20 20:41:00,출발,I
에바항공,KHH,BR171,P01,42,F11-F16,Master,BR171,2025-11-20 20:40:00,2025-11-20 20:33:00,출발,I
에어캐나다,KHH,AC6538,P01,42,F11-F16,Slave,BR171,2025-11-20 20:40:00,2025-11-20 20:33:00,출발,I
아시아나항공,KHH,OZ6875,P01,42,F11-F16,Slave,BR171,2025-11-20 20:40:00,2025-11-20 20:33:00,출발,I
이스타항공,CXR,ZE561,P02,118,H24-J25,Master,ZE561,2025-11-20 20:50:00,2025-11-20 21:52:00,출발,I
중국동방항공,NKG,MU2922,P02,124,H11-H18,Master,MU2922,2025-11-20 20:50:00,2025-11-20 20:52:00,출발,I
대한항공,NKG,KE5895,P02,124,H11-H18,Slave,MU2922,2025-11-20 20:50:00,2025-11-20 20:52:00,출발,I
아시아나항공,SFO,OZ212,P01,15,A03-C34,Master,OZ212,2025-11-20 20:50:00,2025-11-20 20:55:00,출발,I
유나이티드항공,SFO,UA7289,P01,15,A03-C34,Slave,OZ212,2025-11-20 20:50:00,2025-11-20 20:55:00,출발,I
싱가포르항공,SFO,SQ5712,P01,15,A03-C34,Slave,OZ212,2025-11-20 20:50:00,2025-11-20 20:55:00,출발,I
타이항공,SFO,TG6747,P01,15,A03-C34,Slave,OZ212,2025-11-20 20:50:00,2025-11-20 20:55:00,출발,I
대한항공,BKK,KE655,P03,235,A B C D,Master,KE655,2025-11-20 20:50:00,2025-11-20 20:54:00,출발,I
델타항공,BKK,DL7921,P03,235,A B C D,Slave,KE655,2025-11-20 20:50:00,2025-11-20 20:54:00,출발,I
웨스트젯,BKK,WS6078,P03,235,A B C D,Slave,KE655,2025-11-20 20:50:00,2025-11-20 20:54:00,출발,I
대한항공,PEK,KE863,P03,245,A B C D,Master,KE863,2025-11-20 20:50:00,2025-11-20 21:01:00,출발,I
샤먼항공,PEK,MF9096,P03,245,A B C D,Slave,KE863,2025-11-20 20:50:00,2025-11-20 21:01:00,출발,I
아시아나항공,CAN,OZ355,P01,26,A03-C34,Master,OZ355,2025-11-20 20:50:00,2025-11-20 20:53:00,출발,I
심천항공,CAN,ZH3310,P01,26,A03-C34,Slave,OZ355,2025-11-20 20:50:00,2025-11-20 20:53:00,출발,I
아시아나항공,LAX,OZ204,P01,10,A03-C34,Master,OZ204,2025-11-20 20:40:00,2025-11-20 21:05:00,출발,I
코파항공,LAX,CM8001,P01,10,A03-C34,Slave,OZ204,2025-11-20 20:40:00,2025-11-20 21:05:00,출발,I
싱가포르항공,LAX,SQ5704,P01,10,A03-C34,Slave,OZ204,2025-11-20 20:40:00,2025-11-20 21:05:00,출발,I
유나이티드항공,LAX,UA7287,P01,10,A03-C34,Slave,OZ204,2025-11-20 20:40:00,2025-11-20 21:05:00,출발,I
타이항공,LAX,TG6743,P01,10,A03-C34,Slave,OZ204,2025-11-20 20:40:00,2025-11-20 21:05:00,출발,I
이스타항공,DAD,ZE593,P02,104,H24-J25,Master,ZE593,2025-11-20 20:55:00,2025-11-20 21:00:00,출발,I
피치항공,KIX,MM710,P02,113,K19-K24,Master,MM710,2025-11-20 21:00:00,2025-11-20 21:12:00,출발,I
아시아나항공,SEA,OZ272,P01,23,A03-C34,Master,OZ272,2025-11-20 21:00:00,2025-11-20 21:13:00,출발,I
싱가포르항공,SEA,SQ5772,P01,23,A03-C34,Slave,OZ272,2025-11-20 21:00:00,2025-11-20 21:13:00,출발,I
타이항공,SEA,TG6753,P01,23,A03-C34,Slave,OZ272,2025-11-20 21:00:00,2025-11-20 21:13:00,출발,I
유나이티드항공,SEA,UA7291,P01,23,A03-C34,Slave,OZ272,2025-11-20 21:00:00,2025-11-20 21:13:00,출발,I
진에어,GUM,LJ917,P03,257,G17-H40,Master,LJ917,2025-11-20 21:00:00,2025-11-20 20:57:00,출발,I
대한항공,LAS,KE005,P03,267,A B C D,Master,KE005,2025-11-20 21:00:00,2025-11-20 20:52:00,출발,I
델타항공,LAS,DL7831,P03,267,A B C D,Slave,KE005,2025-11-20 21:00:00,2025-11-20 20:52:00,출발,I
중국남방항공,PVG,CZ370,P02,121,E19-E36,Master,CZ370,2025-11-20 21:05:00,2025-11-20 20:51:00,출발,I
아시아나항공,CSX,OZ321,P01,16,A03-C34,Master,OZ321,2025-11-20 21:05:00,2025-11-20 21:04:00,출발,I
아시아나항공,CEB,OZ709,P01,18,A03-C34,Master,OZ709,2025-11-20 21:10:00,2025-11-20 21:11:00,출발,I
산동항공,TAO,SC4618,P01,32,N01-N15,Master,SC4618,2025-11-20 21:10:00,2025-11-20 21:06:00,출발,I
아시아나항공,TAO,OZ6707,P01,32,N01-N15,Slave,SC4618,2025-11-20 21:10:00,2025-11-20 21:06:00,출발,I
중국국제항공,TAO,CA8880,P01,32,N01-N15,Slave,SC4618,2025-11-20 21:10:00,2025-11-20 21:06:00,출발,I
필리핀항공,MNL,PR403,P01,48,M23-M36,Master,PR403,2025-11-20 20:35:00,2025-11-20 22:41:00,출발,I
비엣젯항공,SGN,VJ861,P02,130,E06-E18,Master,VJ861,2025-11-20 21:15:00,2025-11-20 22:11:00,출발,I
티웨이항공,YVR,TW531,P02,125,F19-F36,Master,TW531,2025-11-20 21:20:00,2025-11-20 21:19:00,출발,I
에어서울,DAD,RS511,P03,277,E01-E10,Master,RS511,2025-11-20 20:55:00,2025-11-20 22:02:00,출발,I
제주항공,DAD,7C2217,P01,38,L13-L36,Master,7C2217,2025-11-20 21:20:00,2025-11-20 21:47:00,출발,I
한 에어,DAD,H19847,P01,38,L13-L36,Slave,7C2217,2025-11-20 21:20:00,2025-11-20 21:47:00,출발,I
제주항공,HAN,7C2201,P01,46,L13-L36,Master,7C2201,2025-11-20 21:20:00,2025-11-20 21:18:00,출발,I
한 에어,HAN,H19825,P01,46,L13-L36,Slave,7C2201,2025-11-20 21:20:00,2025-11-20 21:18:00,출발,I
제주항공,CRK,7C2107,P02,103,L13-L36,Master,7C2107,2025-11-20 21:25:00,2025-11-20 21:26:00,출발,I
한 에어,CRK,H19855,P02,103,L13-L36,Slave,7C2107,2025-11-20 21:25:00,2025-11-20 21:26:00,출발,I
중국남방항공,CGQ,CZ638,P02,126,E19-E36,Master,CZ638,2025-11-20 21:25:00,2025-11-20 21:06:00,출발,I
젯스타,BNE,JQ054,P02,108,J27-J36,Master,JQ054,2025-11-20 21:30:00,2025-11-20 21:32:00,출발,I
콴타스항공,BNE,QF5506,P02,108,J27-J36,Slave,JQ054,2025-11-20 21:30:00,2025-11-20 21:32:00,출발,I
핀에어,BNE,AY6441,P02,108,J27-J36,Slave,JQ054,2025-11-20 21:30:00,2025-11-20 21:32:00,출발,I
아시아나항공,HND,OZ178,P01,11,A03-C34,Master,OZ178,2025-11-20 21:30:00,2025-11-20 21:32:00,출발,I
전일본공수,HND,NH6896,P01,11,A03-C34,Slave,OZ178,2025-11-20 21:30:00,2025-11-20 21:32:00,출발,I
아시아나항공,CRK,OZ707,P01,6,A03-C34,Master,OZ707,2025-11-20 21:30:00,2025-11-20 21:32:00,출발,I
세부퍼시픽항공,CEB,5J131,P02,109,M19-M24,Master,5J131,2025-11-20 21:35:00,2025-11-20 22:09:00,출발,I
진에어,CRK,LJ037,P03,256,G17-H40,Master,LJ037,2025-11-20 21:35:00,2025-11-20 21:36:00,출발,I
대한항공,CRK,KE5763,P03,256,G17-H40,Slave,LJ037,2025-11-20 21:35:00,2025-11-20 21:36:00,출발,I
에어부산,TAG,BX7135,P03,278,E11-E20,Master,BX7135,2025-11-20 21:35:00,2025-11-20 21:35:00,출발,I
산동항공,YNT,SC7684,P01,34,N01-N15,Master,SC7684,2025-11-20 21:45:00,2025-11-20 21:30:00,출발,I
아시아나항공,YNT,OZ6719,P01,34,N01-N15,Slave,SC7684,2025-11-20 21:45:00,2025-11-20 21:30:00,출발,I
중국국제항공,YNT,CA8877,P01,34,N01-N15,Slave,SC7684,2025-11-20 21:45:00,2025-11-20 21:30:00,출발,I
홍콩익스프레스,HKG,UO627,P02,107,K29-K34,Master,UO627,2025-11-20 21:50:00,2025-11-20 21:47:00,출발,I
제주항공,CXR,7C2303,P01,45,L13-L36,Master,7C2303,2025-11-20 21:50:00,2025-11-20 22:21:00,출발,I
한 에어,CXR,H19879,P01,45,L13-L36,Slave,7C2303,2025-11-20 21:50:00,2025-11-20 22:21:00,출발,I
에어프레미아,EWR,YP131,P01,27,K09-K16,Master,YP131,2025-11-20 21:55:00,2025-11-20 21:52:00,출발,I
산동항공,TNA,SC8004,P01,35,N01-N15,Master,SC8004,2025-11-20 22:05:00,2025-11-20 21:53:00,출발,I
아시아나항공,TNA,OZ6705,P01,35,N01-N15,Slave,SC8004,2025-11-20 22:05:00,2025-11-20 21:53:00,출발,I
중국국제항공,TNA,CA8876,P01,35,N01-N15,Slave,SC8004,2025-11-20 22:05:00,2025-11-20 21:53:00,출발,I
사천항공,DYG,3U3708,P01,47,M05-M09,Master,3U3708,2025-11-20 22:05:00,2025-11-20 21:44:00,출발,I
대한항공,CNS,KE9405,P03,247,A B C D,Master,KE9405,2025-11-20 22:10:00,2025-11-20 22:25:00,출발,I
산동항공,TAO,SC4620,P01,36,N01-N15,Master,SC4620,2025-11-20 22:10:00,2025-11-20 21:58:00,출발,I
아시아나항공,TAO,OZ6703,P01,36,N01-N15,Slave,SC4620,2025-11-20 22:10:00,2025-11-20 21:58:00,출발,I
중국국제항공,TAO,CA8882,P01,36,N01-N15,Slave,SC4620,2025-11-20 22:10:00,2025-11-20 21:58:00,출발,I
비엣젯항공,DAD,VJ875,P02,131,E06-E18,Master,VJ875,2025-11-20 22:40:00,2025-11-20 22:45:00,출발,I
피치항공,HND,MM808,P02,113,K19-K24,Master,MM808,2025-11-20 22:50:00,2025-11-20 22:50:00,출발,I
아시아나항공,CNS,OZ6017,P01,22,A03-C16,Master,OZ6017,2025-11-20 23:00:00,2025-11-20 22:57:00,출발,I
핀에어,HEL,AY042,P01,50,M28-M34,Master,AY042,2025-11-20 23:00:00,2025-11-20 22:49:00,출발,I
KLM네덜란드항공,AMS,KL856,P03,255,L22-M04,Master,KL856,2025-11-20 23:05:00,2025-11-20 23:08:00,출발,I
대한항공,AMS,KE5925,P03,255,L22-M04,Slave,KL856,2025-11-20 23:05:00,2025-11-20 23:08:00,출발,I
에어 프랑스,AMS,AF3112,P03,255,L22-M04,Slave,KL856,2025-11-20 23:05:00,2025-11-20 23:08:00,출발,I
대한항공,SIN,KE647,P03,248,A B C D,Master,KE647,2025-11-20 23:15:00,2025-11-20 23:32:00,출발,I
델타항공,SIN,DL7823,P03,248,A B C D,Slave,KE647,2025-11-20 23:15:00,2025-11-20 23:32:00,출발,I
스리랑카항공,SIN,UL3815,P03,248,A B C D,Slave,KE647,2025-11-20 23:15:00,2025-11-20 23:32:00,출발,I
웨스트젯,SIN,WS6065,P03,248,A B C D,Slave,KE647,2025-11-20 23:15:00,2025-11-20 23:32:00,출발,I
싱가포르항공,SIN,SQ605,P01,39,F01-F08,Master,SQ605,2025-11-20 23:15:00,2025-11-20 23:19:00,출발,I
에어캐나다,SIN,AC5880,P01,39,F01-F08,Slave,SQ605,2025-11-20 23:15:00,2025-11-20 23:19:00,출발,I
에어인디아 리미티드,SIN,AI8169,P01,39,F01-F08,Slave,SQ605,2025-11-20 23:15:00,2025-11-20 23:19:00,출발,I
아시아나항공,SIN,OZ6783,P01,39,F01-F08,Slave,SQ605,2025-11-20 23:15:00,2025-11-20 23:19:00,출발,I
버진 오스트레일리아,SIN,VA5675,P01,39,F01-F08,Slave,SQ605,2025-11-20 23:15:00,2025-11-20 23:19:00,출발,I
스쿠트 항공,SIN,TR897,P02,111,D09-D16,Master,TR897,2025-11-20 23:00:00,2025-11-20 23:41:00,출발,I
에미레이트항공,DXB,EK323,P01,43,J01-J13,Master,EK323,2025-11-20 23:40:00,2025-11-20 23:35:00,출발,I
대한항공,DXB,KE5951,P01,43,J01-J13,Slave,EK323,2025-11-20 23:40:00,2025-11-20 23:35:00,출발,I
몽골항공,UBN,OM308,P01,45,K30-K34,Master,OM308,2025-11-20 23:55:00,2025-11-20 23:45:00,출발,I
에티오피아항공,ADD,ET673,P01,12,F09-F16,Master,ET673,2025-11-21 00:05:00,2025-11-20 23:57:00,출발,I
아시아나항공,ADD,OZ9760,P01,12,F09-F16,Slave,ET673,2025-11-21 00:05:00,2025-11-20 23:57:00,출발,I
전일본공수,ADD,NH5341,P01,12,F09-F16,Slave,ET673,2025-11-21 00:05:00,2025-11-20 23:57:00,출발,I
르완다에어,ADD,WB1217,P01,12,F09-F16,Slave,ET673,2025-11-21 00:05:00,2025-11-20 23:57:00,출발,I
말레이시아 항공,KUL,MH039,P01,24,M21-M25,Master,MH039,2025-11-21 00:10:00,2025-11-21 00:07:00,출발,I
카타르항공,KUL,QR4497,P01,24,M21-M25,Slave,MH039,2025-11-21 00:10:00,2025-11-21 00:07:00,출발,I
터키항공,IST,TK091,P01,40,D27-D36,Master,TK091,2025-11-21 00:10:00,2025-11-21 00:03:00,출발,I
아시아나항공,IST,OZ6931,P01,40,D27-D36,Slave,TK091,2025-11-21 00:10:00,2025-11-21 00:03:00,출발,I
카타르항공,DOH,QR859,P01,46,H05-H18,Master,QR859,2025-11-21 00:20:00,2025-11-21 00:13:00,출발,I
이베리아항공,DOH,IB6329,P01,46,H05-H18,Slave,QR859,2025-11-21 00:20:00,2025-11-21 00:13:00,출발,I
영국항공,DOH,BA2293,P01,46,H05-H18,Slave,QR859,2025-11-21 00:20:00,2025-11-21 00:13:00,출발,I
란항공,DOH,LA6037,P01,46,H05-H18,Slave,QR859,2025-11-21 00:20:00,2025-11-21 00:13:00,출발,I
로얄 에어 모로코,DOH,AT5713,P01,46,H05-H18,Slave,QR859,2025-11-21 00:20:00,2025-11-21 00:13:00,출발,I
아시아나항공,DOH,OZ6889,P01,46,H05-H18,Slave,QR859,2025-11-21 00:20:00,2025-11-21 00:13:00,출발,I
르완다에어,DOH,WB1570,P01,46,H05-H18,Slave,QR859,2025-11-21 00:20:00,2025-11-21 00:13:00,출발,I
이스타항공,PVG,ZE871,P02,115,H31-H36,Master,ZE871,2025-11-21 00:30:00,2025-11-21 00:20:00,출발,I
타이거에어 타이완,TPE,IT603,P02,109,M01-M05,Master,IT603,2025-11-21 00:30:00,2025-11-21 01:14:00,출발,I
비엣젯항공,PQC,VJ975,P02,110,E06-E18,Master,VJ975,2025-11-21 01:45:00,2025-11-21 01:29:00,출발,I
세부퍼시픽항공,MNL,5J187,P02,111,M27-M34,Master,5J187,2025-11-21 02:15:00,2025-11-21 02:14:00,출발,I
홍콩익스프레스,HKG,UO615,P02,113,K29-K34,Master,UO615,2025-11-21 02:20:00,2025-11-21 02:06:00,출발,I
캐세이퍼시픽항공,HKG,CX5615,P02,113,K29-K34,Slave,UO615,2025-11-21 02:20:00,2025-11-21 02:06:00,출발,I
비엣젯항공,PQC,VJ979,P02,114,E06-E18,Master,VJ979,2025-11-21 02:20:00,2025-11-21 02:55:00,출발,I
비엣젯항공,PQC,VJ977,P02,105,E12-E36,Master,VJ977,2025-11-21 05:00:00,2025-11-21 04:54:00,출발,I
베트남항공,CXR,VN441,P02,110,D12-D16,Master,VN441,2025-11-21 06:15:00,2025-11-21 06:21:00,출발,I
대한항공,CXR,KE5679,P02,110,D12-D16,Slave,VN441,2025-11-21 06:15:00,2025-11-21 06:21:00,출발,I
비엣젯항공,DAD,VJ881,P02,131,E12-E36,Master,VJ881,2025-11-21 06:15:00,2025-11-21 06:05:00,출발,I
에어로케이항공,KIX,RF316,P02,106,K24-K27,Master,RF316,2025-11-21 06:20:00,2025-11-21 06:09:00,출발,I
비엣젯항공,CXR,VJ837,P02,109,E12-E36,Master,VJ837,2025-11-21 06:20:00,2025-11-21 06:40:00,출발,I
제주항공,FUK,7C1401,P01,16,L13-L36,Master,7C1401,2025-11-21 06:30:00,2025-11-21 06:30:00,출발,I
이스타항공,YNT,ZE817,P02,112,H24-J25,Master,ZE817,2025-11-21 06:45:00,2025-11-21 06:51:00,출발,I
진에어,FUK,LJ261,P03,256,G17-H40,Master,LJ261,2025-11-21 06:50:00,2025-11-21 06:50:00,출발,I
바틱 에어 말레이시아,KUL,OD821,P01,34,J31-J35,Master,OD821,2025-11-21 06:50:00,2025-11-21 07:09:00,출발,I
스캇항공,CIT,DV468,P01,50,D19-D23,Master,DV468,2025-11-21 06:55:00,2025-11-21 07:24:00,출발,I
제주항공,MYJ,7C1721,P02,103,L13-L36,Master,7C1721,2025-11-21 07:00:00,2025-11-21 07:06:00,출발,I
세부퍼시픽항공,MNL,5J185,P02,114,M19-M24,Master,5J185,2025-11-21 07:00:00,2025-11-21 07:01:00,출발,I
에어아시아 버하드,BKI,AK1624,P02,126,J01-J05,Master,AK1624,2025-11-21 07:00:00,2025-11-21 06:48:00,출발,I
대한항공,PUS,KE1401,P03,266,-,Master,KE1401,2025-11-21 07:00:00,2025-11-21 06:55:00,출발,D
델타항공,PUS,DL7855,P03,266,-,Slave,KE1401,2025-11-21 07:00:00,2025-11-21 06:55:00,출발,D
제주항공,KIX,7C1301,P01,45,L13-L36,Master,7C1301,2025-11-21 07:00:00,2025-11-21 07:02:00,출발,I
아시아나항공,KIX,OZ112,P01,6,A03-C35,Master,OZ112,2025-11-21 06:45:00,2025-11-21 07:14:00,출발,I
에티하드 항공,KIX,EY8448,P01,6,A03-C35,Slave,OZ112,2025-11-21 06:45:00,2025-11-21 07:14:00,출발,I
전일본공수,KIX,NH6952,P01,6,A03-C35,Slave,OZ112,2025-11-21 06:45:00,2025-11-21 07:14:00,출발,I
제주항공,FSZ,7C1601,P02,119,L13-L36,Master,7C1601,2025-11-21 07:10:00,2025-11-21 07:15:00,출발,I
비엣젯항공,CXR,VJ835,P02,123,E12-E36,Master,VJ835,2025-11-21 06:45:00,2025-11-21 07:25:00,출발,I
아시아나항공,BKK,OZ743,P01,18,A03-C35,Master,OZ743,2025-11-21 07:10:00,2025-11-21 07:15:00,출발,I
타이항공,BKK,TG6756,P01,18,A03-C35,Slave,OZ743,2025-11-21 07:10:00,2025-11-21 07:15:00,출발,I
이스타항공,NRT,ZE605,P02,104,H24-J25,Master,ZE605,2025-11-21 07:15:00,2025-11-21 07:13:00,출발,I
비엣젯항공,HPH,VJ925,P02,127,E12-E36,Master,VJ925,2025-11-21 07:15:00,2025-11-21 07:22:00,출발,I
에어서울,KIX,RS711,P03,281,E01-E10,Master,RS711,2025-11-21 07:15:00,2025-11-21 07:18:00,출발,I
제주항공,TAG,7C2121,P01,37,L13-L36,Master,7C2121,2025-11-21 07:15:00,2025-11-21 07:11:00,출발,I
티웨이항공,OKA,TW279,P02,122,F19-G14,Master,TW279,2025-11-21 07:20:00,2025-11-21 07:19:00,출발,I
제주항공,CTS,7C1501,P01,28,L13-L36,Master,7C1501,2025-11-21 07:20:00,2025-11-21 07:22:00,출발,I
중국동방항공,YNT,MU5050,P02,117,H01-H18,Master,MU5050,2025-11-21 07:25:00,2025-11-21 07:30:00,출발,I
대한항공,YNT,KE5845,P02,117,H01-H18,Slave,MU5050,2025-11-21 07:25:00,2025-11-21 07:30:00,출발,I
진에어,NRT,LJ201,P03,258,G17-H40,Master,LJ201,2025-11-21 07:25:00,2025-11-21 07:30:00,출발,I
대한항공,NRT,KE5741,P03,258,G17-H40,Slave,LJ201,2025-11-21 07:25:00,2025-11-21 07:30:00,출발,I
피치항공,KIX,MM712,P02,107,K19-K23,Master,MM712,2025-11-21 07:30:00,2025-11-21 07:31:00,출발,I
아시아나항공,SGN,OZ731,P01,24,A03-C35,Master,OZ731,2025-11-21 07:30:00,2025-11-21 07:35:00,출발,I
에티하드 항공,SGN,EY8474,P01,24,A03-C35,Slave,OZ731,2025-11-21 07:30:00,2025-11-21 07:35:00,출발,I
필리핀항공,MNL,PR401,P01,48,M25-M36,Master,PR401,2025-11-21 07:30:00,2025-11-21 07:27:00,출발,I
에어아시아엑스,KUL,D7505,P02,121,J09-J16,Master,D7505,2025-11-21 07:35:00,2025-11-21 08:17:00,출발,I
아시아나항공,MNL,OZ701,P01,15,A03-C35,Master,OZ701,2025-11-21 07:35:00,2025-11-21 07:42:00,출발,I
에어부산,NRT,BX164,P03,276,E11-E20,Master,BX164,2025-11-21 07:35:00,2025-11-21 08:04:00,출발,I
대한항공,MNL,KE621,P03,248,A B C D,Master,KE621,2025-11-21 07:40:00,2025-11-21 07:46:00,출발,I
진에어,NGO,LJ345,P03,251,G17-H40,Master,LJ345,2025-11-21 07:40:00,2025-11-21 07:39:00,출발,I
대한항공,NGO,KE5079,P03,251,G17-H40,Slave,LJ345,2025-11-21 07:40:00,2025-11-21 07:39:00,출발,I
에어부산,FUK,BX156,P03,280,E11-E20,Master,BX156,2025-11-21 07:15:00,2025-11-21 08:00:00,출발,I
아시아나항공,FUK,OZ9576,P03,280,E11-E20,Slave,BX156,2025-11-21 07:15:00,2025-11-21 08:00:00,출발,I
티웨이항공,DAD,TW007,P02,105,F19-G14,Master,TW007,2025-11-21 07:45:00,2025-11-21 07:48:00,출발,I
대한항공,UBN,KE2041,P03,224,A B C D,Master,KE2041,2025-11-21 07:45:00,2025-11-21 07:49:00,출발,I
델타항공,UBN,DL7885,P03,224,A B C D,Slave,KE2041,2025-11-21 07:45:00,2025-11-21 07:49:00,출발,I
몽골항공,UBN,OM5302,P03,224,A B C D,Slave,KE2041,2025-11-21 07:45:00,2025-11-21 07:49:00,출발,I
제주항공,HIJ,7C1615,P01,41,L13-L36,Master,7C1615,2025-11-21 07:45:00,2025-11-21 07:38:00,출발,I
티웨이항공,KMJ,TW287,P02,129,F19-G14,Master,TW287,2025-11-21 07:50:00,2025-11-21 07:45:00,출발,I
대한항공,FUK,KE787,P03,246,A B C D,Master,KE787,2025-11-21 07:50:00,2025-11-21 07:55:00,출발,I
몽골항공,FUK,OM6709,P03,246,A B C D,Slave,KE787,2025-11-21 07:50:00,2025-11-21 07:55:00,출발,I
에어 프랑스,FUK,AF7895,P03,246,A B C D,Slave,KE787,2025-11-21 07:50:00,2025-11-21 07:55:00,출발,I
델타항공,FUK,DL7892,P03,246,A B C D,Slave,KE787,2025-11-21 07:50:00,2025-11-21 07:55:00,출발,I
일본항공,FUK,JL5220,P03,246,A B C D,Slave,KE787,2025-11-21 07:50:00,2025-11-21 07:55:00,출발,I
KLM네덜란드항공,FUK,KL4252,P03,246,A B C D,Slave,KE787,2025-11-21 07:50:00,2025-11-21 07:55:00,출발,I
진에어,RMQ,LJ735,P03,255,G17-H40,Master,LJ735,2025-11-21 07:50:00,2025-11-21 07:52:00,출발,I
티웨이항공,KIX,TW301,P02,124,F19-G14,Master,TW301,2025-11-21 07:55:00,2025-11-21 08:03:00,출발,I
대한항공,PEK,KE859,P03,219,A B C D,Master,KE859,2025-11-21 07:55:00,2025-11-21 07:57:00,출발,I
샤먼항공,PEK,MF9100,P03,219,A B C D,Slave,KE859,2025-11-21 07:55:00,2025-11-21 07:57:00,출발,I
아시아나항공,OKA,OZ172,P01,8,A03-C35,Master,OZ172,2025-11-21 07:55:00,2025-11-21 08:09:00,출발,I
전일본공수,OKA,NH6994,P01,8,A03-C35,Slave,OZ172,2025-11-21 07:55:00,2025-11-21 08:09:00,출발,I
이스타항공,TPE,ZE881,P02,128,H24-J25,Master,ZE881,2025-11-21 08:00:00,2025-11-21 08:00:00,출발,I
아시아나항공,TPE,OZ711,P01,21,A03-C35,Master,OZ711,2025-11-21 08:00:00,2025-11-21 08:03:00,출발,I
에바항공,TPE,BR2147,P01,21,A03-C35,Slave,OZ711,2025-11-21 08:00:00,2025-11-21 08:03:00,출발,I
대한항공,OKJ,KE2185,P03,245,A B C D,Master,KE2185,2025-11-21 08:00:00,2025-11-21 08:05:00,출발,I
델타항공,OKJ,DL7893,P03,245,A B C D,Slave,KE2185,2025-11-21 08:00:00,2025-11-21 08:05:00,출발,I
버진 애트란틱항공,OKJ,VS5531,P03,245,A B C D,Slave,KE2185,2025-11-21 08:00:00,2025-11-21 08:05:00,출발,I
일본항공,OKJ,JL5260,P03,245,A B C D,Slave,KE2185,2025-11-21 08:00:00,2025-11-21 08:05:00,출발,I
진에어,SHI,LJ357,P03,250,G17-H40,Master,LJ357,2025-11-21 08:00:00,2025-11-21 08:03:00,출발,I
대한항공,SHI,KE5097,P03,250,G17-H40,Slave,LJ357,2025-11-21 08:00:00,2025-11-21 08:03:00,출발,I
진에어,KIX,LJ231,P03,252,G17-H40,Master,LJ231,2025-11-21 08:00:00,2025-11-21 08:05:00,출발,I
대한항공,KIX,KE5071,P03,252,G17-H40,Slave,LJ231,2025-11-21 08:00:00,2025-11-21 08:05:00,출발,I
대한항공,HAN,KE441,P03,275,A B C D,Master,KE441,2025-11-21 08:00:00,2025-11-21 07:55:00,출발,I
델타항공,HAN,DL7805,P03,275,A B C D,Slave,KE441,2025-11-21 08:00:00,2025-11-21 07:55:00,출발,I
베트남항공,HAN,VN3415,P03,275,A B C D,Slave,KE441,2025-11-21 08:00:00,2025-11-21 07:55:00,출발,I
웨스트젯,HAN,WS6067,P03,275,A B C D,Slave,KE441,2025-11-21 08:00:00,2025-11-21 07:55:00,출발,I
아시아나항공,MEL,OZ6033,P01,7,A03-C35,Master,OZ6033,2025-11-21 08:00:00,2025-11-21 08:09:00,출발,I
진에어,NRT,LJ217,P03,263,G17-H40,Master,LJ217,2025-11-21 08:05:00,2025-11-21 08:14:00,출발,I
제주항공,KIX,7C1391,P01,36,L13-L36,Master,7C1391,2025-11-21 08:05:00,2025-11-21 08:06:00,출발,I
제주항공,TAO,7C8401,P02,101,L13-L36,Master,7C8401,2025-11-21 08:10:00,2025-11-21 08:18:00,출발,I
대한항공,HKG,KE2001,P03,218,A B C D,Master,KE2001,2025-11-21 08:10:00,2025-11-21 08:10:00,출발,I
델타항공,HKG,DL7771,P03,218,A B C D,Slave,KE2001,2025-11-21 08:10:00,2025-11-21 08:10:00,출발,I
웨스트젯,HKG,WS6075,P03,218,A B C D,Slave,KE2001,2025-11-21 08:10:00,2025-11-21 08:10:00,출발,I
에어서울,FUK,RS723,P03,278,E01-E10,Master,RS723,2025-11-21 08:10:00,2025-11-21 08:14:00,출발,I
제주항공,NRT,7C1101,P01,38,L13-L36,Master,7C1101,2025-11-21 08:10:00,2025-11-21 08:10:00,출발,I
아시아나항공,NGO,OZ122,P01,9,A03-C35,Master,OZ122,2025-11-21 08:10:00,2025-11-21 08:21:00,출발,I
에티하드 항공,NGO,EY8457,P01,9,A03-C35,Slave,OZ122,2025-11-21 08:10:00,2025-11-21 08:21:00,출발,I
전일본공수,NGO,NH6964,P01,9,A03-C35,Slave,OZ122,2025-11-21 08:10:00,2025-11-21 08:21:00,출발,I
대한항공,SZX,KE835,P03,242,A B C D,Master,KE835,2025-11-21 08:15:00,2025-11-21 08:16:00,출발,I
아시아나항공,PEK,OZ331,P01,18,A03-C35,Master,OZ331,2025-11-21 08:20:00,2025-11-21 08:27:00,출발,I
중국국제항공,PEK,CA5002,P01,18,A03-C35,Slave,OZ331,2025-11-21 08:20:00,2025-11-21 08:27:00,출발,I
에어서울,GUM,RS103,P03,279,E01-E10,Master,RS103,2025-11-21 08:20:00,2025-11-21 08:32:00,출발,I
아시아나항공,CAN,OZ369,P01,40,A03-C35,Master,OZ369,2025-11-21 08:20:00,2025-11-21 08:20:00,출발,I
심천항공,CAN,ZH3308,P01,40,A03-C35,Slave,OZ369,2025-11-21 08:20:00,2025-11-21 08:20:00,출발,I
티웨이항공,HSG,TW285,P02,112,F19-G14,Master,TW285,2025-11-21 08:25:00,2025-11-21 08:21:00,출발,I
대한항공,UKB,KE2171,P03,235,A B C D,Master,KE2171,2025-11-21 08:25:00,2025-11-21 08:28:00,출발,I
대한항공,PVG,KE881,P03,256,A B C D,Master,KE881,2025-11-21 08:25:00,2025-11-21 08:31:00,출발,I
중국동방항공,PVG,MU8930,P03,256,A B C D,Slave,KE881,2025-11-21 08:25:00,2025-11-21 08:31:00,출발,I
상하이항공,PVG,FM8752,P03,256,A B C D,Slave,KE881,2025-11-21 08:25:00,2025-11-21 08:31:00,출발,I
샤먼항공,PVG,MF9086,P03,256,A B C D,Slave,KE881,2025-11-21 08:25:00,2025-11-21 08:31:00,출발,I
중국동방항공,TAO,MU2044,P02,132,H01-H18,Master,MU2044,2025-11-21 08:30:00,2025-11-21 08:28:00,출발,I
대한항공,TAO,KE5869,P02,132,H01-H18,Slave,MU2044,2025-11-21 08:30:00,2025-11-21 08:28:00,출발,I
상하이항공,TAO,FM3076,P02,132,H01-H18,Slave,MU2044,2025-11-21 08:30:00,2025-11-21 08:28:00,출발,I
에어마카오,MFM,NX825,P01,47,N01-N05,Master,NX825,2025-11-21 08:30:00,2025-11-21 08:25:00,출발,I
아시아나항공,MFM,OZ6865,P01,47,N01-N05,Slave,NX825,2025-11-21 08:30:00,2025-11-21 08:25:00,출발,I
티웨이항공,NRT,TW241,P02,125,F19-G14,Master,TW241,2025-11-21 08:35:00,2025-11-21 08:34:00,출발,I
진에어,CTS,LJ301,P03,264,G17-H40,Master,LJ301,2025-11-21 08:35:00,2025-11-21 08:36:00,출발,I
대한항공,CTS,KE5061,P03,264,G17-H40,Slave,LJ301,2025-11-21 08:35:00,2025-11-21 08:36:00,출발,I
이스타항공,FUK,ZE645,P02,102,H24-J25,Master,ZE645,2025-11-21 08:40:00,2025-11-21 08:38:00,출발,I
이스타항공,NRT,ZE601,P02,118,H24-J25,Master,ZE601,2025-11-21 08:40:00,2025-11-21 08:47:00,출발,I
제주항공,HRB,7C8905,P02,103,L13-L36,Master,7C8905,2025-11-21 08:45:00,2025-11-21 08:44:00,출발,I
대한항공,KOJ,KE2179,P03,234,A B C D,Master,KE2179,2025-11-21 08:45:00,2025-11-21 08:48:00,출발,I
델타항공,KOJ,DL7899,P03,234,A B C D,Slave,KE2179,2025-11-21 08:45:00,2025-11-21 08:48:00,출발,I
일본항공,KOJ,JL5248,P03,234,A B C D,Slave,KE2179,2025-11-21 08:45:00,2025-11-21 08:48:00,출발,I
대한항공,SHE,KE831,P03,243,A B C D,Master,KE831,2025-11-21 08:45:00,2025-11-21 08:43:00,출발,I
중국동방항공,SHE,MU8962,P03,243,A B C D,Slave,KE831,2025-11-21 08:45:00,2025-11-21 08:43:00,출발,I
에어프레미아,NRT,YP731,P01,27,K01-K10,Master,YP731,2025-11-21 08:45:00,2025-11-21 08:43:00,출발,I
산동항공,TNA,SC8008,P01,35,N11-N15,Master,SC8008,2025-11-21 08:45:00,2025-11-21 08:45:00,출발,I
중국국제항공,TNA,CA8854,P01,35,N11-N15,Slave,SC8008,2025-11-21 08:45:00,2025-11-21 08:45:00,출발,I
아시아나항공,TNA,OZ6717,P01,35,N11-N15,Slave,SC8008,2025-11-21 08:45:00,2025-11-21 08:45:00,출발,I
대한항공,KIX,KE723,P03,236,A B C D,Master,KE723,2025-11-21 08:50:00,2025-11-21 08:49:00,출발,I
델타항공,KIX,DL7785,P03,236,A B C D,Slave,KE723,2025-11-21 08:50:00,2025-11-21 08:49:00,출발,I
일본항공,KIX,JL5210,P03,236,A B C D,Slave,KE723,2025-11-21 08:50:00,2025-11-21 08:49:00,출발,I
몽골항공,KIX,OM6703,P03,236,A B C D,Slave,KE723,2025-11-21 08:50:00,2025-11-21 08:49:00,출발,I
폴란드항공,WAW,LO098,P01,30,K27-K34,Master,LO098,2025-11-21 08:50:00,2025-11-21 09:09:00,출발,I
싱가포르항공,SIN,SQ607,P01,46,F01-F08,Master,SQ607,2025-11-21 08:50:00,2025-11-21 08:51:00,출발,I
에어인디아 리미티드,SIN,AI8171,P01,46,F01-F08,Slave,SQ607,2025-11-21 08:50:00,2025-11-21 08:51:00,출발,I
아시아나항공,SIN,OZ6781,P01,46,F01-F08,Slave,SQ607,2025-11-21 08:50:00,2025-11-21 08:51:00,출발,I
버진 오스트레일리아,SIN,VA5677,P01,46,F01-F08,Slave,SQ607,2025-11-21 08:50:00,2025-11-21 08:51:00,출발,I
중국동방항공,PVG,MU5052,P02,126,H01-H18,Master,MU5052,2025-11-21 08:55:00,2025-11-21 08:54:00,출발,I
대한항공,PVG,KE5879,P02,126,H01-H18,Slave,MU5052,2025-11-21 08:55:00,2025-11-21 08:54:00,출발,I
상하이항공,PVG,FM3070,P02,126,H01-H18,Slave,MU5052,2025-11-21 08:55:00,2025-11-21 08:54:00,출발,I
아시아나항공,TSN,OZ327,P01,15,A03-C35,Master,OZ327,2025-11-21 08:55:00,2025-11-21 09:10:00,출발,I
중국국제항공,TSN,CA5014,P01,15,A03-C35,Slave,OZ327,2025-11-21 08:55:00,2025-11-21 09:10:00,출발,I
대한항공,CAN,KE867,P03,238,A B C D,Master,KE867,2025-11-21 08:55:00,2025-11-21 09:03:00,출발,I
대한항공,TAO,KE841,P03,239,A B C D,Master,KE841,2025-11-21 08:55:00,2025-11-21 08:54:00,출발,I
중국동방항공,TAO,MU8940,P03,239,A B C D,Slave,KE841,2025-11-21 08:55:00,2025-11-21 08:54:00,출발,I
대한항공,CSX,KE819,P03,249,A B C D,Master,KE819,2025-11-21 08:55:00,2025-11-21 08:54:00,출발,I
샤먼항공,CSX,MF9082,P03,249,A B C D,Slave,KE819,2025-11-21 08:55:00,2025-11-21 08:54:00,출발,I
중국동방항공,CSX,MU8944,P03,249,A B C D,Slave,KE819,2025-11-21 08:55:00,2025-11-21 08:54:00,출발,I
진에어,KIX,LJ233,P03,260,G17-H40,Master,LJ233,2025-11-21 08:55:00,2025-11-21 08:54:00,출발,I
아시아나항공,JFK,OZ222,P01,14,A03-C35,Master,OZ222,2025-11-21 09:00:00,2025-11-21 09:01:00,출발,I
코파항공,JFK,CM8004,P01,14,A03-C35,Slave,OZ222,2025-11-21 09:00:00,2025-11-21 09:01:00,출발,I
싱가포르항공,JFK,SQ5722,P01,14,A03-C35,Slave,OZ222,2025-11-21 09:00:00,2025-11-21 09:01:00,출발,I
타이항공,JFK,TG6745,P01,14,A03-C35,Slave,OZ222,2025-11-21 09:00:00,2025-11-21 09:01:00,출발,I
유나이티드항공,JFK,UA7293,P01,14,A03-C35,Slave,OZ222,2025-11-21 09:00:00,2025-11-21 09:01:00,출발,I
아시아나항공,NRT,OZ102,P01,17,A03-C35,Master,OZ102,2025-11-21 09:00:00,2025-11-21 09:14:00,출발,I
에티하드 항공,NRT,EY8453,P01,17,A03-C35,Slave,OZ102,2025-11-21 09:00:00,2025-11-21 09:14:00,출발,I
전일본공수,NRT,NH6972,P01,17,A03-C35,Slave,OZ102,2025-11-21 09:00:00,2025-11-21 09:14:00,출발,I
에어 뉴질랜드,NRT,NZ4060,P01,17,A03-C35,Slave,OZ102,2025-11-21 09:00:00,2025-11-21 09:14:00,출발,I
유나이티드항공,NRT,UA7318,P01,17,A03-C35,Slave,OZ102,2025-11-21 09:00:00,2025-11-21 09:14:00,출발,I
아시아나항공,YNJ,OZ351,P01,20,A03-C35,Master,OZ351,2025-11-21 09:00:00,2025-11-21 09:12:00,출발,I
중국국제항공,YNJ,CA5016,P01,20,A03-C35,Slave,OZ351,2025-11-21 09:00:00,2025-11-21 09:12:00,출발,I
대한항공,TPE,KE2021,P03,232,A B C D,Master,KE2021,2025-11-21 09:00:00,2025-11-21 09:01:00,출발,I
델타항공,TPE,DL7775,P03,232,A B C D,Slave,KE2021,2025-11-21 09:00:00,2025-11-21 09:01:00,출발,I
중화항공,TPE,CI9065,P03,232,A B C D,Slave,KE2021,2025-11-21 09:00:00,2025-11-21 09:01:00,출발,I
아시아나항공,HKG,OZ721,P01,28,A03-C35,Master,OZ721,2025-11-21 09:00:00,2025-11-21 09:01:00,출발,I
홍콩항공,HKG,HX1551,P01,28,A03-C35,Slave,OZ721,2025-11-21 09:00:00,2025-11-21 09:01:00,출발,I
유나이티드항공,HKG,UA7306,P01,28,A03-C35,Slave,OZ721,2025-11-21 09:00:00,2025-11-21 09:01:00,출발,I
이스타항공,KIX,ZE611,P02,115,H24-J25,Master,ZE611,2025-11-21 09:05:00,2025-11-21 09:03:00,출발,I
아시아나항공,CGQ,OZ303,P01,16,A03-C35,Master,OZ303,2025-11-21 09:05:00,2025-11-21 09:05:00,출발,I
중국남방항공,CGQ,CZ4202,P01,16,A03-C35,Slave,OZ303,2025-11-21 09:05:00,2025-11-21 09:05:00,출발,I
아시아나항공,PVG,OZ361,P01,19,A03-C35,Master,OZ361,2025-11-21 09:05:00,2025-11-21 09:06:00,출발,I
길상항공,PVG,HO3105,P01,19,A03-C35,Slave,OZ361,2025-11-21 09:05:00,2025-11-21 09:06:00,출발,I
에어프레미아,HKG,YP801,P01,31,K01-K10,Master,YP801,2025-11-21 09:05:00,2025-11-21 08:59:00,출발,I
이스타항공,CTS,ZE625,P02,122,H24-J25,Master,ZE625,2025-11-21 09:10:00,2025-11-21 09:10:00,출발,I
대한항공,BOS,KE091,P03,268,A B C D,Master,KE091,2025-11-21 09:10:00,2025-11-21 09:08:00,출발,I
델타항공,BOS,DL7839,P03,268,A B C D,Slave,KE091,2025-11-21 09:10:00,2025-11-21 09:08:00,출발,I
에어부산,KIX,BX172,P03,276,E11-E20,Master,BX172,2025-11-21 09:10:00,2025-11-21 09:16:00,출발,I
제주항공,KIX,7C1303,P01,34,L13-L36,Master,7C1303,2025-11-21 09:10:00,2025-11-21 09:12:00,출발,I
대한항공,WUH,KE165,P03,225,A B C D,Master,KE165,2025-11-21 09:15:00,2025-11-21 09:24:00,출발,I
중국동방항공,WUH,MU8950,P03,225,A B C D,Slave,KE165,2025-11-21 09:15:00,2025-11-21 09:24:00,출발,I
대한항공,XIY,KE811,P03,254,A B C D,Master,KE811,2025-11-21 09:15:00,2025-11-21 09:12:00,출발,I
중국동방항공,XIY,MU8946,P03,254,A B C D,Slave,KE811,2025-11-21 09:15:00,2025-11-21 09:12:00,출발,I
대한항공,BKK,KE657,P03,266,A B C D,Master,KE657,2025-11-21 09:15:00,2025-11-21 09:17:00,출발,I
델타항공,BKK,DL7894,P03,266,A B C D,Slave,KE657,2025-11-21 09:15:00,2025-11-21 09:17:00,출발,I
하와이안 항공,BKK,HA6009,P03,266,A B C D,Slave,KE657,2025-11-21 09:15:00,2025-11-21 09:17:00,출발,I
에어서울,TAK,RS741,P03,278,E01-E10,Master,RS741,2025-11-21 08:45:00,2025-11-21 09:25:00,출발,I
에어서울,NRT,RS701,P03,281,E01-E10,Master,RS701,2025-11-21 09:20:00,2025-11-21 09:25:00,출발,I
중국남방항공,PKX,CZ316,P02,123,E19-E36,Master,CZ316,2025-11-21 09:25:00,2025-11-21 09:21:00,출발,I
아시아나항공,SDJ,OZ152,P01,11,A03-C35,Master,OZ152,2025-11-21 09:35:00,2025-11-21 09:32:00,출발,I
전일본공수,SDJ,NH6982,P01,11,A03-C35,Slave,OZ152,2025-11-21 09:35:00,2025-11-21 09:32:00,출발,I
아시아나항공,DLC,OZ301,P01,23,A03-C35,Master,OZ301,2025-11-21 09:35:00,2025-11-21 09:37:00,출발,I
중국국제항공,DLC,CA5012,P01,23,A03-C35,Slave,OZ301,2025-11-21 09:35:00,2025-11-21 09:37:00,출발,I
아시아나항공,IST,OZ551,P01,24,A03-C35,Master,OZ551,2025-11-21 09:35:00,2025-11-21 09:41:00,출발,I
터키항공,IST,TK8091,P01,24,A03-C35,Slave,OZ551,2025-11-21 09:35:00,2025-11-21 09:41:00,출발,I
델타항공,DTW,DL158,P03,253,K21-K30,Master,DL158,2025-11-21 09:35:00,2025-11-21 09:29:00,출발,I
대한항공,DTW,KE7273,P03,253,K21-K30,Slave,DL158,2025-11-21 09:35:00,2025-11-21 09:29:00,출발,I
타이항공,BKK,TG659,P01,33,M05-M18,Master,TG659,2025-11-21 09:35:00,2025-11-21 09:29:00,출발,I
제주항공,NGO,7C1201,P02,108,L13-L36,Master,7C1201,2025-11-21 09:40:00,2025-11-21 09:48:00,출발,I
대한항공,PUS,KE1403,P03,219,-,Master,KE1403,2025-11-21 09:40:00,2025-11-21 09:43:00,출발,D
에어 프랑스,PUS,AF5391,P03,219,-,Slave,KE1403,2025-11-21 09:40:00,2025-11-21 09:43:00,출발,D
델타항공,PUS,DL7923,P03,219,-,Slave,KE1403,2025-11-21 09:40:00,2025-11-21 09:43:00,출발,D
델타항공,PUS,DL7931,P03,219,-,Slave,KE1403,2025-11-21 09:40:00,2025-11-21 09:43:00,출발,D
가루다인도네시아,PUS,GA9989,P03,219,-,Slave,KE1403,2025-11-21 09:40:00,2025-11-21 09:43:00,출발,D
진에어,TPE,LJ731,P03,258,G17-H40,Master,LJ731,2025-11-21 09:40:00,2025-11-21 09:40:00,출발,I
대한항공,TPE,KE5755,P03,258,G17-H40,Slave,LJ731,2025-11-21 09:40:00,2025-11-21 09:40:00,출발,I
진에어,GUM,LJ913,P03,263,G17-H40,Master,LJ913,2025-11-21 09:40:00,2025-11-21 09:44:00,출발,I
대한항공,GUM,KE5775,P03,263,G17-H40,Slave,LJ913,2025-11-21 09:40:00,2025-11-21 09:44:00,출발,I
파라타항공,NRT,WE501,P01,41,J26-J36,Master,WE501,2025-11-21 09:40:00,2025-11-21 09:41:00,출발,I
대한항공,GUM,KE415,P03,224,A B C D,Master,KE415,2025-11-21 09:15:00,2025-11-21 09:53:00,출발,I
델타항공,GUM,DL7827,P03,224,A B C D,Slave,KE415,2025-11-21 09:15:00,2025-11-21 09:53:00,출발,I
대한항공,ATL,KE035,P03,267,A B C D,Master,KE035,2025-11-21 09:45:00,2025-11-21 09:41:00,출발,I
델타항공,ATL,DL7851,P03,267,A B C D,Slave,KE035,2025-11-21 09:45:00,2025-11-21 09:41:00,출발,I
티웨이항공,SHE,TW613,P02,105,F19-G14,Master,TW613,2025-11-21 09:50:00,2025-11-21 09:55:00,출발,I
진에어,ISG,LJ361,P03,250,G17-H40,Master,LJ361,2025-11-21 09:50:00,2025-11-21 09:47:00,출발,I
제주항공,HKG,7C6021,P01,37,L13-L36,Master,7C6021,2025-11-21 09:50:00,2025-11-21 09:52:00,출발,I
티웨이항공,CDG,TW401,P01,48,F19-G14,Master,TW401,2025-11-21 09:50:00,2025-11-21 09:51:00,출발,I
이스타항공,KIX,ZE615,P02,128,H24-J25,Master,ZE615,2025-11-21 09:55:00,2025-11-21 09:58:00,출발,I
대한항공,NRT,KE703,P03,221,A B C D,Master,KE703,2025-11-21 09:55:00,2025-11-21 09:56:00,출발,I
에어 타히티 누이,NRT,TN1577,P03,221,A B C D,Slave,KE703,2025-11-21 09:55:00,2025-11-21 09:56:00,출발,I
아에로멕시코,NRT,AM6750,P03,221,A B C D,Slave,KE703,2025-11-21 09:55:00,2025-11-21 09:56:00,출발,I
델타항공,NRT,DL7779,P03,221,A B C D,Slave,KE703,2025-11-21 09:55:00,2025-11-21 09:56:00,출발,I
일본항공,NRT,JL5202,P03,221,A B C D,Slave,KE703,2025-11-21 09:55:00,2025-11-21 09:56:00,출발,I
아시아나항공,SZX,OZ371,P01,26,A03-C35,Master,OZ371,2025-11-21 09:55:00,2025-11-21 09:57:00,출발,I
심천항공,SZX,ZH3302,P01,26,A03-C35,Slave,OZ371,2025-11-21 09:55:00,2025-11-21 09:57:00,출발,I
캐세이퍼시픽항공,HKG,CX417,P01,50,J01-J08,Master,CX417,2025-11-21 10:00:00,2025-11-21 09:54:00,출발,I
콴타스항공,HKG,QF8228,P01,50,J01-J08,Slave,CX417,2025-11-21 10:00:00,2025-11-21 09:54:00,출발,I
카타르항공,HKG,QR3488,P01,50,J01-J08,Slave,CX417,2025-11-21 10:00:00,2025-11-21 09:54:00,출발,I
아시아나항공,CDG,OZ501,P01,22,A03-C35,Master,OZ501,2025-11-21 10:05:00,2025-11-21 10:06:00,출발,I
대한항공,XMN,KE125,P03,245,A B C D,Master,KE125,2025-11-21 10:05:00,2025-11-21 10:02:00,출발,I
샤먼항공,XMN,MF9018,P03,245,A B C D,Slave,KE125,2025-11-21 10:05:00,2025-11-21 10:02:00,출발,I
대한항공,YYZ,KE077,P03,247,A B C D,Master,KE077,2025-11-21 10:05:00,2025-11-21 10:09:00,출발,I
웨스트젯,YYZ,WS6063,P03,247,A B C D,Slave,KE077,2025-11-21 10:05:00,2025-11-21 10:09:00,출발,I
대한항공,CTS,KE765,P03,257,A B C D,Master,KE765,2025-11-21 10:05:00,2025-11-21 10:04:00,출발,I
델타항공,CTS,DL7898,P03,257,A B C D,Slave,KE765,2025-11-21 10:05:00,2025-11-21 10:04:00,출발,I
일본항공,CTS,JL5208,P03,257,A B C D,Slave,KE765,2025-11-21 10:05:00,2025-11-21 10:04:00,출발,I
KLM네덜란드항공,CTS,KL4255,P03,257,A B C D,Slave,KE765,2025-11-21 10:05:00,2025-11-21 10:04:00,출발,I
버진 애트란틱항공,CTS,VS5511,P03,257,A B C D,Slave,KE765,2025-11-21 10:05:00,2025-11-21 10:04:00,출발,I
티웨이항공,FUK,TW201,P02,107,F19-G14,Master,TW201,2025-11-21 10:10:00,2025-11-21 10:14:00,출발,I
베트남항공,DAD,VN431,P02,113,D01-D17,Master,VN431,2025-11-21 10:10:00,2025-11-21 10:17:00,출발,I
제주항공,SPN,7C3211,P01,18,L13-L36,Master,7C3211,2025-11-21 10:10:00,2025-11-21 10:10:00,출발,I
진에어,OKA,LJ341,P03,252,G17-H40,Master,LJ341,2025-11-21 10:10:00,2025-11-21 10:30:00,출발,I
대한항공,OKA,KE5745,P03,252,G17-H40,Slave,LJ341,2025-11-21 10:10:00,2025-11-21 10:30:00,출발,I
아시아나항공,XIY,OZ347,P01,8,A03-C35,Master,OZ347,2025-11-21 10:10:00,2025-11-21 10:06:00,출발,I
심천항공,XIY,ZH3304,P01,8,A03-C35,Slave,OZ347,2025-11-21 10:10:00,2025-11-21 10:06:00,출발,I
티웨이항공,KLO,TW125,P02,104,F19-G14,Master,TW125,2025-11-21 09:20:00,2025-11-21 10:28:00,출발,I
제주항공,KIX,7C1315,P02,131,L13-L36,Master,7C1315,2025-11-21 10:15:00,2025-11-21 10:16:00,출발,I
대한항공,JFK,KE081,P03,231,A B C D,Master,KE081,2025-11-21 10:00:00,2025-11-21 10:18:00,출발,I
델타항공,JFK,DL7841,P03,231,A B C D,Slave,KE081,2025-11-21 10:00:00,2025-11-21 10:18:00,출발,I
대한항공,IAD,KE093,P03,233,A B C D,Master,KE093,2025-11-21 10:15:00,2025-11-21 10:12:00,출발,I
델타항공,IAD,DL7857,P03,233,A B C D,Slave,KE093,2025-11-21 10:15:00,2025-11-21 10:12:00,출발,I
대한항공,TSN,KE805,P03,235,A B C D,Master,KE805,2025-11-21 10:15:00,2025-11-21 10:13:00,출발,I
샤먼항공,TSN,MF9098,P03,235,A B C D,Slave,KE805,2025-11-21 10:15:00,2025-11-21 10:13:00,출발,I
티웨이항공,NRT,TW243,P02,119,F19-G14,Master,TW243,2025-11-21 10:20:00,2025-11-21 10:27:00,출발,I
티웨이항공,CTS,TW263,P02,130,F19-G14,Master,TW263,2025-11-21 10:20:00,2025-11-21 10:22:00,출발,I
대한항공,AOJ,KE2193,P03,238,A B C D,Master,KE2193,2025-11-21 10:20:00,2025-11-21 10:17:00,출발,I
델타항공,AOJ,DL7867,P03,238,A B C D,Slave,KE2193,2025-11-21 10:20:00,2025-11-21 10:17:00,출발,I
일본항공,AOJ,JL5164,P03,238,A B C D,Slave,KE2193,2025-11-21 10:20:00,2025-11-21 10:17:00,출발,I
대한항공,DFW,KE031,P03,242,A B C D,Master,KE031,2025-11-21 10:20:00,2025-11-21 10:33:00,출발,I
델타항공,DFW,DL7869,P03,242,A B C D,Slave,KE031,2025-11-21 10:20:00,2025-11-21 10:33:00,출발,I
진에어,NRT,LJ205,P03,260,G17-H40,Master,LJ205,2025-11-21 10:20:00,2025-11-21 10:25:00,출발,I
제주항공,DAD,7C2211,P02,129,L13-L36,Master,7C2211,2025-11-21 10:25:00,2025-11-21 10:34:00,출발,I
제주항공,WEH,7C8501,P02,127,L13-L36,Master,7C8501,2025-11-21 10:30:00,2025-11-21 10:40:00,출발,I
제주항공,NRT,7C1103,P02,101,L13-L36,Master,7C1103,2025-11-21 10:35:00,2025-11-21 10:44:00,출발,I
베트남항공,SGN,VN409,P02,111,D01-D17,Master,VN409,2025-11-21 10:35:00,2025-11-21 10:51:00,출발,I
베트남항공,HAN,VN417,P02,112,D01-D17,Master,VN417,2025-11-21 10:35:00,2025-11-21 10:29:00,출발,I
제주항공,FUK,7C1403,P02,114,L13-L36,Master,7C1403,2025-11-21 10:35:00,2025-11-21 10:37:00,출발,I
한 에어,FUK,H19829,P02,114,L13-L36,Slave,7C1403,2025-11-21 10:35:00,2025-11-21 10:37:00,출발,I
피치항공,KIX,MM714,P02,117,K19-K23,Master,MM714,2025-11-21 10:35:00,2025-11-21 10:49:00,출발,I
가루다인도네시아,CGK,GA879,P03,251,J26-J38,Master,GA879,2025-11-21 10:35:00,2025-11-21 10:45:00,출발,I
사우디아항공,CGK,SV6753,P03,251,J26-J38,Slave,GA879,2025-11-21 10:35:00,2025-11-21 10:45:00,출발,I
대한항공,CGK,KE5643,P03,251,J26-J38,Slave,GA879,2025-11-21 10:35:00,2025-11-21 10:45:00,출발,I
대한항공,NGO,KE741,P03,265,A B C D,Master,KE741,2025-11-21 10:35:00,2025-11-21 10:37:00,출발,I
델타항공,NGO,DL7791,P03,265,A B C D,Slave,KE741,2025-11-21 10:35:00,2025-11-21 10:37:00,출발,I
일본항공,NGO,JL5216,P03,265,A B C D,Slave,KE741,2025-11-21 10:35:00,2025-11-21 10:37:00,출발,I
KLM네덜란드항공,NGO,KL4251,P03,265,A B C D,Slave,KE741,2025-11-21 10:35:00,2025-11-21 10:37:00,출발,I
몽골항공,NGO,OM6715,P03,265,A B C D,Slave,KE741,2025-11-21 10:35:00,2025-11-21 10:37:00,출발,I
제주항공,TPE,7C6101,P02,110,L13-L36,Master,7C6101,2025-11-21 10:40:00,2025-11-21 10:50:00,출발,I
한 에어,TPE,H19972,P02,110,L13-L36,Slave,7C6101,2025-11-21 10:40:00,2025-11-21 10:50:00,출발,I
대한항공,NKG,KE101,P03,243,A B C D,Master,KE101,2025-11-21 10:40:00,2025-11-21 10:40:00,출발,I
중국동방항공,NKG,MU8956,P03,243,A B C D,Slave,KE101,2025-11-21 10:40:00,2025-11-21 10:40:00,출발,I
대한항공,ORD,KE037,P03,248,A B C D,Master,KE037,2025-11-21 10:40:00,2025-11-21 10:55:00,출발,I
델타항공,ORD,DL7863,P03,248,A B C D,Slave,KE037,2025-11-21 10:40:00,2025-11-21 10:55:00,출발,I
대한항공,LHR,KE907,P03,275,A B C D,Master,KE907,2025-11-21 10:40:00,2025-11-21 10:56:00,출발,I
버진 애트란틱항공,LHR,VS5501,P03,275,A B C D,Slave,KE907,2025-11-21 10:40:00,2025-11-21 10:56:00,출발,I
대한항공,MFM,KE2015,P03,278,A B C D,Master,KE2015,2025-11-21 10:40:00,2025-11-21 10:46:00,출발,I
델타항공,MFM,DL7903,P03,278,A B C D,Slave,KE2015,2025-11-21 10:40:00,2025-11-21 10:46:00,출발,I
터키항공,IST,TK021,P01,40,D26-D36,Master,TK021,2025-11-21 10:45:00,2025-11-21 10:49:00,출발,I
아시아나항공,IST,OZ6933,P01,40,D26-D36,Slave,TK021,2025-11-21 10:45:00,2025-11-21 10:49:00,출발,I
비엣젯항공,SGN,VJ863,P02,102,E07-E18,Master,VJ863,2025-11-21 10:50:00,2025-11-21 11:06:00,출발,I
대한항공,PRG,KE969,P03,255,A B C D,Master,KE969,2025-11-21 10:50:00,2025-11-21 10:56:00,출발,I
대한항공,FUK,KE791,P03,261,A B C D,Master,KE791,2025-11-21 10:50:00,2025-11-21 10:55:00,출발,I
델타항공,FUK,DL7801,P03,261,A B C D,Slave,KE791,2025-11-21 10:50:00,2025-11-21 10:55:00,출발,I
일본항공,FUK,JL5272,P03,261,A B C D,Slave,KE791,2025-11-21 10:50:00,2025-11-21 10:55:00,출발,I
KLM네덜란드항공,FUK,KL3394,P03,261,A B C D,Slave,KE791,2025-11-21 10:50:00,2025-11-21 10:55:00,출발,I
타이항공,BKK,TG657,P01,32,M05-M18,Master,TG657,2025-11-21 10:50:00,2025-11-21 10:58:00,출발,I
라오항공,VTE,QV924,P01,42,J31-J34,Master,QV924,2025-11-21 10:50:00,2025-11-21 10:40:00,출발,I
아시아나항공,PVG,OZ363,P01,9,A03-C35,Master,OZ363,2025-11-21 10:50:00,2025-11-21 10:51:00,출발,I
길상항공,PVG,HO3111,P01,9,A03-C35,Slave,OZ363,2025-11-21 10:50:00,2025-11-21 10:51:00,출발,I
중국남방항공,CAN,CZ340,P02,122,E19-E36,Master,CZ340,2025-11-21 10:55:00,2025-11-21 10:45:00,출발,I
사천항공,CAN,3U7034,P02,122,E19-E36,Slave,CZ340,2025-11-21 10:55:00,2025-11-21 10:45:00,출발,I
에어서울,GUM,RS105,P03,279,E01-E10,Master,RS105,2025-11-21 11:00:00,2025-11-21 11:00:00,출발,I
비엣젯항공,HAN,VJ961,P02,109,E07-E18,Master,VJ961,2025-11-21 11:05:00,2025-11-21 11:02:00,출발,I
대한항공,KIX,KE727,P03,280,A B C D,Master,KE727,2025-11-21 11:05:00,2025-11-21 11:09:00,출발,I
델타항공,KIX,DL7789,P03,280,A B C D,Slave,KE727,2025-11-21 11:05:00,2025-11-21 11:09:00,출발,I
일본항공,KIX,JL5270,P03,280,A B C D,Slave,KE727,2025-11-21 11:05:00,2025-11-21 11:09:00,출발,I
말레이시아 항공,KUL,MH067,P01,49,M20-M25,Master,MH067,2025-11-21 11:05:00,2025-11-21 11:08:00,출발,I
대한항공,KUL,KE5671,P01,49,M20-M25,Slave,MH067,2025-11-21 11:05:00,2025-11-21 11:08:00,출발,I
카타르항공,KUL,QR5459,P01,49,M20-M25,Slave,MH067,2025-11-21 11:05:00,2025-11-21 11:08:00,출발,I
스리랑카항공,KUL,UL2767,P01,49,M20-M25,Slave,MH067,2025-11-21 11:05:00,2025-11-21 11:08:00,출발,I
대한항공,PVG,KE887,P03,234,A B C D,Master,KE887,2025-11-21 11:10:00,2025-11-21 11:08:00,출발,I
샤먼항공,PVG,MF9090,P03,234,A B C D,Slave,KE887,2025-11-21 11:10:00,2025-11-21 11:08:00,출발,I
중국동방항공,PVG,MU8934,P03,234,A B C D,Slave,KE887,2025-11-21 11:10:00,2025-11-21 11:08:00,출발,I
상하이항공,PVG,FM8756,P03,234,A B C D,Slave,KE887,2025-11-21 11:10:00,2025-11-21 11:08:00,출발,I
대한항공,DAD,KE457,P03,246,A B C D,Master,KE457,2025-11-21 11:10:00,2025-11-21 11:12:00,출발,I
델타항공,DAD,DL7809,P03,246,A B C D,Slave,KE457,2025-11-21 11:10:00,2025-11-21 11:12:00,출발,I
베트남항공,DAD,VN3443,P03,246,A B C D,Slave,KE457,2025-11-21 11:10:00,2025-11-21 11:12:00,출발,I
대한항공,PEK,KE855,P03,256,A B C D,Master,KE855,2025-11-21 11:10:00,2025-11-21 11:15:00,출발,I
샤먼항공,PEK,MF9094,P03,256,A B C D,Slave,KE855,2025-11-21 11:10:00,2025-11-21 11:15:00,출발,I
중국국제항공,PEK,CA710,P01,38,M26-M36,Master,CA710,2025-11-21 11:10:00,2025-11-21 11:10:00,출발,I
아시아나항공,PEK,OZ6805,P01,38,M26-M36,Slave,CA710,2025-11-21 11:10:00,2025-11-21 11:10:00,출발,I
아시아나항공,BCN,OZ511,P01,6,A03-C35,Master,OZ511,2025-11-21 11:15:00,2025-11-21 11:20:00,출발,I
타이에어아시아엑스,DMK,XJ701,P02,106,J09-J16,Master,XJ701,2025-11-21 11:20:00,2025-11-21 11:22:00,출발,I
중국남방항공,DLC,CZ686,P02,125,E19-E36,Master,CZ686,2025-11-21 11:20:00,2025-11-21 11:28:00,출발,I
이스타항공,OKA,ZE631,P02,124,H24-J25,Master,ZE631,2025-11-21 11:25:00,2025-11-21 11:24:00,출발,I
대한항공,FRA,KE945,P03,268,A B C D,Master,KE945,2025-11-21 11:25:00,2025-11-21 11:43:00,출발,I
제주항공,MFM,7C6001,P01,45,L13-L36,Master,7C6001,2025-11-21 11:00:00,2025-11-21 11:25:00,출발,I
티웨이항공,BCN,TW407,P01,21,F19-G14,Master,TW407,2025-11-21 11:30:00,2025-11-21 11:33:00,출발,I
제주항공,OIT,7C1811,P01,16,L13-L36,Master,7C1811,2025-11-21 11:20:00,2025-11-21 11:30:00,출발,I
가루다인도네시아,DPS,GA871,P03,264,J26-J38,Master,GA871,2025-11-21 11:35:00,2025-11-21 11:30:00,출발,I
에티하드 항공,DPS,EY8156,P03,264,J26-J38,Slave,GA871,2025-11-21 11:35:00,2025-11-21 11:30:00,출발,I
대한항공,DPS,KE5629,P03,264,J26-J38,Slave,GA871,2025-11-21 11:35:00,2025-11-21 11:30:00,출발,I
에바항공,TPE,BR169,P01,30,D19-D27,Master,BR169,2025-11-21 11:40:00,2025-11-21 11:38:00,출발,I
아시아나항공,TPE,OZ6873,P01,30,D19-D27,Slave,BR169,2025-11-21 11:40:00,2025-11-21 11:38:00,출발,I
에어캐나다,TPE,AC6539,P01,30,D19-D27,Slave,BR169,2025-11-21 11:40:00,2025-11-21 11:38:00,출발,I
에어 뉴질랜드,TPE,NZ4929,P01,30,D19-D27,Slave,BR169,2025-11-21 11:40:00,2025-11-21 11:38:00,출발,I
타이항공,TPE,TG6397,P01,30,D19-D27,Slave,BR169,2025-11-21 11:40:00,2025-11-21 11:38:00,출발,I
유니항공,TPE,B77027,P01,30,D19-D27,Slave,BR169,2025-11-21 11:40:00,2025-11-21 11:38:00,출발,I
에어 아스타나,ALA,KC910,P01,47,N01-N06,Master,KC910,2025-11-21 11:40:00,2025-11-21 12:05:00,출발,I
아시아나항공,ALA,OZ6961,P01,47,N01-N06,Slave,KC910,2025-11-21 11:40:00,2025-11-21 12:05:00,출발,I
캐세이퍼시픽항공,ALA,CX6227,P01,47,N01-N06,Slave,KC910,2025-11-21 11:40:00,2025-11-21 12:05:00,출발,I
중국동방항공,WUX,MU2990,P02,126,H01-H18,Master,MU2990,2025-11-21 11:45:00,2025-11-21 11:41:00,출발,I
에바항공,KHH,BR139,P01,34,F11-F16,Master,BR139,2025-11-21 11:45:00,2025-11-21 11:36:00,출발,I
아시아나항공,KHH,OZ6877,P01,34,F11-F16,Slave,BR139,2025-11-21 11:45:00,2025-11-21 11:36:00,출발,I
에어캐나다,KHH,AC6540,P01,34,F11-F16,Slave,BR139,2025-11-21 11:45:00,2025-11-21 11:36:00,출발,I
산동항공,TNA,SC8002,P01,37,N07-N15,Master,SC8002,2025-11-21 11:45:00,2025-11-21 11:45:00,출발,I
중국국제항공,TNA,CA8874,P01,37,N07-N15,Slave,SC8002,2025-11-21 11:45:00,2025-11-21 11:45:00,출발,I
아시아나항공,TNA,OZ6701,P01,37,N07-N15,Slave,SC8002,2025-11-21 11:45:00,2025-11-21 11:45:00,출발,I
에어로케이항공,IBR,RF388,P02,107,K24-K27,Master,RF388,2025-11-21 11:50:00,2025-11-21 11:43:00,출발,I
티웨이항공,OKA,TW281,P02,118,F19-G14,Master,TW281,2025-11-21 11:50:00,2025-11-21 11:54:00,출발,I
제주항공,NRT,7C1105,P01,20,L13-L36,Master,7C1105,2025-11-21 11:50:00,2025-11-21 11:52:00,출발,I
중국동방항공,YNT,MU550,P02,132,H01-H18,Master,MU550,2025-11-21 11:55:00,2025-11-21 12:09:00,출발,I
대한항공,YNT,KE5847,P02,132,H01-H18,Slave,MU550,2025-11-21 11:55:00,2025-11-21 12:09:00,출발,I
대한항공,VIE,KE937,P03,220,A B C D,Master,KE937,2025-11-21 11:55:00,2025-11-21 12:12:00,출발,I
대한항공,HGH,KE107,P03,266,A B C D,Master,KE107,2025-11-21 11:55:00,2025-11-21 11:54:00,출발,I
중국동방항공,HGH,MU8960,P03,266,A B C D,Slave,KE107,2025-11-21 11:55:00,2025-11-21 11:54:00,출발,I
샤먼항공,HGH,MF9598,P03,266,A B C D,Slave,KE107,2025-11-21 11:55:00,2025-11-21 11:54:00,출발,I
중국동방항공,TAO,MU2040,P02,123,H01-H18,Master,MU2040,2025-11-21 12:00:00,2025-11-21 12:18:00,출발,I
대한항공,TAO,KE5853,P02,123,H01-H18,Slave,MU2040,2025-11-21 12:00:00,2025-11-21 12:18:00,출발,I
상하이항공,TAO,FM3078,P02,123,H01-H18,Slave,MU2040,2025-11-21 12:00:00,2025-11-21 12:18:00,출발,I
중화항공,KHH,CI165,P03,252,J01-J09,Master,CI165,2025-11-21 12:00:00,2025-11-21 12:00:00,출발,I
대한항공,KHH,KE5699,P03,252,J01-J09,Slave,CI165,2025-11-21 12:00:00,2025-11-21 12:00:00,출발,I
진에어,FUK,LJ263,P03,263,G17-H40,Master,LJ263,2025-11-21 12:00:00,2025-11-21 12:06:00,출발,I
대한항공,FUK,KE5075,P03,263,G17-H40,Slave,LJ263,2025-11-21 12:00:00,2025-11-21 12:06:00,출발,I
천진항공,TSN,GS7994,P01,36,J01-J04,Master,GS7994,2025-11-21 12:00:00,2025-11-21 11:52:00,출발,I
대한항공,CDG,KE901,P03,218,A B C D,Master,KE901,2025-11-21 12:05:00,2025-11-21 12:20:00,출발,I
에어 프랑스,CDG,AF5093,P03,218,A B C D,Slave,KE901,2025-11-21 12:05:00,2025-11-21 12:20:00,출발,I
에어인디아 리미티드,DEL,AI313,P01,33,M01-M09,Master,AI313,2025-11-21 12:05:00,2025-11-21 12:09:00,출발,I
아시아나항공,DEL,OZ6377,P01,33,M01-M09,Slave,AI313,2025-11-21 12:05:00,2025-11-21 12:09:00,출발,I
타이비엣젯항공,BKK,VZ851,P02,103,D01-D05,Master,VZ851,2025-11-21 12:10:00,2025-11-21 12:16:00,출발,I
티웨이항공,KIX,TW303,P02,121,F19-G14,Master,TW303,2025-11-21 12:10:00,2025-11-21 12:16:00,출발,I
대한항공,MAD,KE913,P03,232,A B C D,Master,KE913,2025-11-21 12:10:00,2025-11-21 12:29:00,출발,I
아르헨티나 항공,MAD,AR7865,P03,232,A B C D,Slave,KE913,2025-11-21 12:10:00,2025-11-21 12:29:00,출발,I
에어 유로파,MAD,UX3600,P03,232,A B C D,Slave,KE913,2025-11-21 12:10:00,2025-11-21 12:29:00,출발,I
중국남방항공,PVG,CZ314,P02,128,E19-E36,Master,CZ314,2025-11-21 12:15:00,2025-11-21 12:24:00,출발,I
중국동방항공,NKG,MU580,P02,130,H01-H18,Master,MU580,2025-11-21 12:15:00,2025-11-21 12:31:00,출발,I
대한항공,NKG,KE5859,P02,130,H01-H18,Slave,MU580,2025-11-21 12:15:00,2025-11-21 12:31:00,출발,I
중국동방항공,HGH,MU5072,P02,131,H01-H18,Master,MU5072,2025-11-21 12:20:00,2025-11-21 12:33:00,출발,I
대한항공,HGH,KE5877,P02,131,H01-H18,Slave,MU5072,2025-11-21 12:20:00,2025-11-21 12:33:00,출발,I
산동항공,TAO,SC4610,P01,50,N07-N15,Master,SC4610,2025-11-21 12:20:00,2025-11-21 12:37:00,출발,I
중국국제항공,TAO,CA8888,P01,50,N07-N15,Slave,SC4610,2025-11-21 12:20:00,2025-11-21 12:37:00,출발,I
아시아나항공,TAO,OZ6709,P01,50,N07-N15,Slave,SC4610,2025-11-21 12:20:00,2025-11-21 12:37:00,출발,I
홍콩익스프레스,HKG,UO619,P02,111,K29-K34,Master,UO619,2025-11-21 12:25:00,2025-11-21 12:27:00,출발,I
캐세이퍼시픽항공,HKG,CX5619,P02,111,K29-K34,Slave,UO619,2025-11-21 12:25:00,2025-11-21 12:27:00,출발,I
아시아나항공,LHR,OZ521,P01,14,A03-C34,Master,OZ521,2025-11-21 12:25:00,2025-11-21 12:36:00,출발,I
대한항공,MXP,KE927,P03,222,A B C D,Master,KE927,2025-11-21 12:25:00,2025-11-21 12:38:00,출발,I
ITA항공,MXP,AZ7685,P03,222,A B C D,Slave,KE927,2025-11-21 12:25:00,2025-11-21 12:38:00,출발,I
아시아나항공,NKG,OZ349,P01,15,A03-C34,Master,OZ349,2025-11-21 12:30:00,2025-11-21 12:55:00,출발,I
심천항공,NKG,ZH3294,P01,15,A03-C34,Slave,OZ349,2025-11-21 12:30:00,2025-11-21 12:55:00,출발,I
길상항공,NKG,HO3103,P01,15,A03-C34,Slave,OZ349,2025-11-21 12:30:00,2025-11-21 12:55:00,출발,I
중화항공,TPE,CI161,P03,251,J10-J19,Master,CI161,2025-11-21 12:30:00,2025-11-21 12:50:00,출발,I
하와이안 항공,TPE,HA2571,P03,251,J10-J19,Slave,CI161,2025-11-21 12:30:00,2025-11-21 12:50:00,출발,I
대한항공,TPE,KE5691,P03,251,J10-J19,Slave,CI161,2025-11-21 12:30:00,2025-11-21 12:50:00,출발,I
에어 프랑스,TPE,AF4160,P03,251,J10-J19,Slave,CI161,2025-11-21 12:30:00,2025-11-21 12:50:00,출발,I
델타항공,TPE,DL7718,P03,251,J10-J19,Slave,CI161,2025-11-21 12:30:00,2025-11-21 12:50:00,출발,I
아시아나항공,HGH,OZ359,P01,7,A03-C34,Master,OZ359,2025-11-21 12:30:00,2025-11-21 12:45:00,출발,I
중국국제항공,HGH,CA5018,P01,7,A03-C34,Slave,OZ359,2025-11-21 12:30:00,2025-11-21 12:45:00,출발,I
길상항공,HGH,HO3101,P01,7,A03-C34,Slave,OZ359,2025-11-21 12:30:00,2025-11-21 12:45:00,출발,I
대한항공,LIS,KE921,P03,267,A B C D,Master,KE921,2025-11-21 12:35:00,2025-11-21 12:46:00,출발,I
싱가포르항공,SIN,SQ611,P01,46,F01-F08,Master,SQ611,2025-11-21 12:35:00,2025-11-21 12:47:00,출발,I
에어인디아 리미티드,SIN,AI8173,P01,46,F01-F08,Slave,SQ611,2025-11-21 12:35:00,2025-11-21 12:47:00,출발,I
아시아나항공,SIN,OZ6725,P01,46,F01-F08,Slave,SQ611,2025-11-21 12:35:00,2025-11-21 12:47:00,출발,I
버진 오스트레일리아,SIN,VA5681,P01,46,F01-F08,Slave,SQ611,2025-11-21 12:35:00,2025-11-21 12:47:00,출발,I
아시아나항공,LAX,OZ202,P01,10,A03-C34,Master,OZ202,2025-11-21 12:40:00,2025-11-21 12:43:00,출발,I
코파항공,LAX,CM8000,P01,10,A03-C34,Slave,OZ202,2025-11-21 12:40:00,2025-11-21 12:43:00,출발,I
싱가포르항공,LAX,SQ5702,P01,10,A03-C34,Slave,OZ202,2025-11-21 12:40:00,2025-11-21 12:43:00,출발,I
타이항공,LAX,TG6737,P01,10,A03-C34,Slave,OZ202,2025-11-21 12:40:00,2025-11-21 12:43:00,출발,I
유나이티드항공,LAX,UA7285,P01,10,A03-C34,Slave,OZ202,2025-11-21 12:40:00,2025-11-21 12:43:00,출발,I
이스타항공,FUK,ZE647,P02,104,H24-J25,Master,ZE647,2025-11-21 12:40:00,2025-11-21 12:37:00,출발,I
센트럼항공,TAS,C6550,P02,105,E12-E16,Master,C6550,2025-11-21 12:40:00,2025-11-21 13:28:00,출발,I
제주항공,KOJ,7C1823,P02,110,L13-L36,Master,7C1823,2025-11-21 12:40:00,2025-11-21 12:41:00,출발,I
에어부산,KIX,BX174,P03,281,E11-E20,Master,BX174,2025-11-21 12:40:00,2025-11-21 12:40:00,출발,I
중국남방항공,SHE,CZ682,P02,129,E19-E36,Master,CZ682,2025-11-21 12:45:00,2025-11-21 13:03:00,출발,I
에어부산,FUK,BX158,P03,277,E11-E20,Master,BX158,2025-11-21 11:15:00,2025-11-21 12:38:00,출발,I
아시아나항공,FUK,OZ9578,P03,277,E11-E20,Slave,BX158,2025-11-21 11:15:00,2025-11-21 12:38:00,출발,I
중국국제항공,TSN,CA172,P01,28,M19-M36,Master,CA172,2025-11-21 12:45:00,2025-11-21 12:56:00,출발,I
아시아나항공,TSN,OZ6811,P01,28,M19-M36,Slave,CA172,2025-11-21 12:45:00,2025-11-21 12:56:00,출발,I
유나이티드항공,SFO,UA806,P01,31,E01-E08,Master,UA806,2025-11-21 12:45:00,2025-11-21 12:35:00,출발,I
아시아나항공,SFO,OZ6620,P01,31,E01-E08,Slave,UA806,2025-11-21 12:45:00,2025-11-21 12:35:00,출발,I
아시아나항공,PEK,OZ333,P01,11,A03-C34,Master,OZ333,2025-11-21 12:50:00,2025-11-21 13:12:00,출발,I
중국국제항공,PEK,CA5004,P01,11,A03-C34,Slave,OZ333,2025-11-21 12:50:00,2025-11-21 13:12:00,출발,I
대한항공,DLC,KE873,P03,245,A B C D,Master,KE873,2025-11-21 12:50:00,2025-11-21 13:06:00,출발,I
중국동방항공,DLC,MU8958,P03,245,A B C D,Slave,KE873,2025-11-21 12:50:00,2025-11-21 13:06:00,출발,I
중국동방항공,PVG,MU5042,P02,122,H01-H18,Master,MU5042,2025-11-21 12:55:00,2025-11-21 13:47:00,출발,I
대한항공,PVG,KE5857,P02,122,H01-H18,Slave,MU5042,2025-11-21 12:55:00,2025-11-21 13:47:00,출발,I
상하이항공,PVG,FM3068,P02,122,H01-H18,Slave,MU5042,2025-11-21 12:55:00,2025-11-21 13:47:00,출발,I
대한항공,TAO,KE843,P03,242,A B C D,Master,KE843,2025-11-21 12:55:00,2025-11-21 13:10:00,출발,I
중국동방항공,TAO,MU8938,P03,242,A B C D,Slave,KE843,2025-11-21 12:55:00,2025-11-21 13:10:00,출발,I
우즈베키스탄항공,TAS,HY512,P01,35,K11-K11,Master,HY512,2025-11-21 10:00:00,2025-11-21 13:05:00,출발,I
아시아나항공,TAS,OZ9241,P01,35,K11-K11,Slave,HY512,2025-11-21 10:00:00,2025-11-21 13:05:00,출발,I
대한항공,TAS,KE5941,P01,35,K11-K11,Slave,HY512,2025-11-21 10:00:00,2025-11-21 13:05:00,출발,I
필리핀에어아시아,MNL,Z2885,P02,106,K19-K22,Master,Z2885,2025-11-21 13:00:00,2025-11-21 12:57:00,출발,I
대한항공,DXB,KE951,P03,276,A B C D,Master,KE951,2025-11-21 13:00:00,2025-11-21 13:14:00,출발,I
에미레이트항공,DXB,EK3483,P03,276,A B C D,Slave,KE951,2025-11-21 13:00:00,2025-11-21 13:14:00,출발,I
사우디아항공,DXB,SV6612,P03,276,A B C D,Slave,KE951,2025-11-21 13:00:00,2025-11-21 13:14:00,출발,I
집에어,NRT,ZG046,P02,113,M10-M16,Master,ZG046,2025-11-21 13:05:00,2025-11-21 13:06:00,출발,I
제주항공,MYJ,7C1703,P02,119,L13-L36,Master,7C1703,2025-11-21 13:05:00,2025-11-21 13:08:00,출발,I
루프트한자 독일항공,FRA,LH713,P01,43,J26-J35,Master,LH713,2025-11-21 13:05:00,2025-11-21 13:23:00,출발,I
아시아나항공,FUK,OZ134,P01,24,A03-C34,Master,OZ134,2025-11-21 13:10:00,2025-11-21 13:11:00,출발,I
에어캐나다,FUK,AC6998,P01,24,A03-C34,Slave,OZ134,2025-11-21 13:10:00,2025-11-21 13:11:00,출발,I
에티오피아항공,FUK,ET1444,P01,24,A03-C34,Slave,OZ134,2025-11-21 13:10:00,2025-11-21 13:11:00,출발,I
에티하드 항공,FUK,EY8467,P01,24,A03-C34,Slave,OZ134,2025-11-21 13:10:00,2025-11-21 13:11:00,출발,I
전일본공수,FUK,NH6960,P01,24,A03-C34,Slave,OZ134,2025-11-21 13:10:00,2025-11-21 13:11:00,출발,I
터키항공,FUK,TK8094,P01,24,A03-C34,Slave,OZ134,2025-11-21 13:10:00,2025-11-21 13:11:00,출발,I
에어서울,KIX,RS713,P03,278,E01-E10,Master,RS713,2025-11-21 13:10:00,2025-11-21 13:20:00,출발,I
중국국제항공,PEK,CA124,P01,32,M19-M36,Master,CA124,2025-11-21 13:10:00,2025-11-21 13:30:00,출발,I
아시아나항공,PEK,OZ6807,P01,32,M19-M36,Slave,CA124,2025-11-21 13:10:00,2025-11-21 13:30:00,출발,I
산동항공,PEK,SC124,P01,32,M19-M36,Slave,CA124,2025-11-21 13:10:00,2025-11-21 13:30:00,출발,I
아시아나항공,CTS,OZ174,P01,6,A03-C34,Master,OZ174,2025-11-21 13:10:00,2025-11-21 13:08:00,출발,I
에티오피아항공,CTS,ET1294,P01,6,A03-C34,Slave,OZ174,2025-11-21 13:10:00,2025-11-21 13:08:00,출발,I
전일본공수,CTS,NH6998,P01,6,A03-C34,Slave,OZ174,2025-11-21 13:10:00,2025-11-21 13:08:00,출발,I
중국동방항공,TAO,MU2034,P02,124,H01-H18,Master,MU2034,2025-11-21 13:15:00,2025-11-21 13:40:00,출발,I
대한항공,TAO,KE5843,P02,124,H01-H18,Slave,MU2034,2025-11-21 13:15:00,2025-11-21 13:40:00,출발,I
상하이항공,TAO,FM3080,P02,124,H01-H18,Slave,MU2034,2025-11-21 13:15:00,2025-11-21 13:40:00,출발,I
대한항공,DEL,KE497,P03,241,A B C D,Master,KE497,2025-11-21 12:45:00,2025-11-21 13:34:00,출발,I
델타항공,DEL,DL7817,P03,241,A B C D,Slave,KE497,2025-11-21 12:45:00,2025-11-21 13:34:00,출발,I
제주항공,OKA,7C1801,P02,108,L13-L36,Master,7C1801,2025-11-21 13:20:00,2025-11-21 13:23:00,출발,I
중국남방항공,YNJ,CZ6074,P02,127,E19-E36,Master,CZ6074,2025-11-21 13:20:00,2025-11-21 13:45:00,출발,I
에어프레미아,LAX,YP101,P01,19,K01-K08,Master,YP101,2025-11-21 13:20:00,2025-11-21 13:15:00,출발,I
샤먼항공,XMN,MF872,P03,238,J22-J27,Master,MF872,2025-11-21 13:20:00,2025-11-21 13:05:00,출발,I
에어서울,YGJ,RS745,P03,279,E01-E10,Master,RS745,2025-11-21 13:20:00,2025-11-21 13:19:00,출발,I
몽골항공,UBN,OM302,P01,45,K12-K16,Master,OM302,2025-11-21 13:20:00,2025-11-21 13:33:00,출발,I
티웨이항공,KHH,TW671,P02,115,F19-G14,Master,TW671,2025-11-21 13:25:00,2025-11-21 13:30:00,출발,I
대한항공,NRT,KE711,P03,254,A B C D,Master,KE711,2025-11-21 13:25:00,2025-11-21 13:31:00,출발,I
에어 타히티 누이,NRT,TN1575,P03,254,A B C D,Slave,KE711,2025-11-21 13:25:00,2025-11-21 13:31:00,출발,I
아에로멕시코,NRT,AM6705,P03,254,A B C D,Slave,KE711,2025-11-21 13:25:00,2025-11-21 13:31:00,출발,I
델타항공,NRT,DL7895,P03,254,A B C D,Slave,KE711,2025-11-21 13:25:00,2025-11-21 13:31:00,출발,I
일본항공,NRT,JL5250,P03,254,A B C D,Slave,KE711,2025-11-21 13:25:00,2025-11-21 13:31:00,출발,I
에어 프랑스,NRT,AF7904,P03,254,A B C D,Slave,KE711,2025-11-21 13:25:00,2025-11-21 13:31:00,출발,I
아에로멕시코,MEX,AM091,P03,257,K12-K20,Master,AM091,2025-11-21 13:30:00,2025-11-21 13:36:00,출발,I
란항공,MEX,LA5113,P03,257,K12-K20,Slave,AM091,2025-11-21 13:30:00,2025-11-21 13:36:00,출발,I
중국국제항공,HGH,CA140,P01,27,M19-M36,Master,CA140,2025-11-21 13:35:00,2025-11-21 13:34:00,출발,I
아시아나항공,HGH,OZ6827,P01,27,M19-M36,Slave,CA140,2025-11-21 13:35:00,2025-11-21 13:34:00,출발,I
산동항공,HGH,SC126,P01,27,M19-M36,Slave,CA140,2025-11-21 13:35:00,2025-11-21 13:34:00,출발,I
에어재팬,NRT,NQ122,P02,109,D28-D34,Master,NQ122,2025-11-21 13:40:00,2025-11-21 13:50:00,출발,I
제주항공,HIJ,7C1617,P01,16,L13-L36,Master,7C1617,2025-11-21 13:40:00,2025-11-21 13:39:00,출발,I
대한항공,HKG,KE2005,P03,243,A B C D,Master,KE2005,2025-11-21 13:45:00,2025-11-21 13:44:00,출발,I
델타항공,HKG,DL7909,P03,243,A B C D,Slave,KE2005,2025-11-21 13:45:00,2025-11-21 13:44:00,출발,I
캐세이퍼시픽항공,HKG,CX453,P01,47,J07-J16,Master,CX453,2025-11-21 13:45:00,2025-11-21 14:07:00,출발,I
아메리칸항공,HKG,AA8905,P01,47,J07-J16,Slave,CX453,2025-11-21 13:45:00,2025-11-21 14:07:00,출발,I
콴타스항공,HKG,QF8232,P01,47,J07-J16,Slave,CX453,2025-11-21 13:45:00,2025-11-21 14:07:00,출발,I
루프트한자 독일항공,MUC,LH719,P01,48,J26-J35,Master,LH719,2025-11-21 13:30:00,2025-11-21 13:58:00,출발,I
중국남방항공,SZX,CZ3090,P02,125,E19-E36,Master,CZ3090,2025-11-21 13:55:00,2025-11-21 14:00:00,출발,I
대한항공,IST,KE955,P03,225,A B C D,Master,KE955,2025-11-21 13:55:00,2025-11-21 14:11:00,출발,I
에어 프랑스,CDG,AF267,P03,253,L22-M09,Master,AF267,2025-11-21 12:40:00,2025-11-21 13:49:00,출발,I
대한항공,CDG,KE5901,P03,253,L22-M09,Slave,AF267,2025-11-21 12:40:00,2025-11-21 13:49:00,출발,I
KLM네덜란드항공,CDG,KL2345,P03,253,L22-M09,Slave,AF267,2025-11-21 12:40:00,2025-11-21 13:49:00,출발,I
중국동방항공,WEH,MU2018,P02,126,H01-H18,Master,MU2018,2025-11-21 14:00:00,2025-11-21 14:07:00,출발,I
대한항공,WEH,KE5849,P02,126,H01-H18,Slave,MU2018,2025-11-21 14:00:00,2025-11-21 14:07:00,출발,I
대한항공,PUS,KE1405,P03,249,-,Master,KE1405,2025-11-21 14:00:00,2025-11-21 13:55:00,출발,D
에어 프랑스,PUS,AF5368,P03,249,-,Slave,KE1405,2025-11-21 14:00:00,2025-11-21 13:55:00,출발,D
델타항공,PUS,DL7889,P03,249,-,Slave,KE1405,2025-11-21 14:00:00,2025-11-21 13:55:00,출발,D
가루다인도네시아,PUS,GA9991,P03,249,-,Slave,KE1405,2025-11-21 14:00:00,2025-11-21 13:55:00,출발,D
진에어,FUK,LJ269,P03,255,G17-H40,Master,LJ269,2025-11-21 14:00:00,2025-11-21 14:02:00,출발,I
산동항공,TAO,SC4612,P01,30,N07-N15,Master,SC4612,2025-11-21 14:00:00,2025-11-21 13:57:00,출발,I
중국국제항공,TAO,CA8856,P01,30,N07-N15,Slave,SC4612,2025-11-21 14:00:00,2025-11-21 13:57:00,출발,I
아시아나항공,TAO,OZ6711,P01,30,N07-N15,Slave,SC4612,2025-11-21 14:00:00,2025-11-21 13:57:00,출발,I
중국국제항공,CKG,CA440,P01,33,M19-M36,Master,CA440,2025-11-21 14:00:00,2025-11-21 14:08:00,출발,I
아시아나항공,CKG,OZ6847,P01,33,M19-M36,Slave,CA440,2025-11-21 14:00:00,2025-11-21 14:08:00,출발,I
산동항공,CKG,SC128,P01,33,M19-M36,Slave,CA440,2025-11-21 14:00:00,2025-11-21 14:08:00,출발,I
아시아나항공,FCO,OZ561,P01,12,A03-C34,Master,OZ561,2025-11-21 14:05:00,2025-11-21 14:13:00,출발,I
에어마카오,MFM,NX821,P01,42,N01-N05,Master,NX821,2025-11-21 14:05:00,2025-11-21 14:09:00,출발,I
아시아나항공,MFM,OZ6867,P01,42,N01-N05,Slave,NX821,2025-11-21 14:05:00,2025-11-21 14:09:00,출발,I
아시아나항공,PVG,OZ365,P01,18,A03-C34,Master,OZ365,2025-11-21 14:10:00,2025-11-21 14:50:00,출발,I
길상항공,PVG,HO3107,P01,18,A03-C34,Slave,OZ365,2025-11-21 14:10:00,2025-11-21 14:50:00,출발,I
제주항공,KIX,7C1393,P01,20,L13-L36,Master,7C1393,2025-11-21 14:10:00,2025-11-21 14:07:00,출발,I
심천항공,WUX,ZH628,P01,35,M01-M07,Master,ZH628,2025-11-21 14:15:00,2025-11-21 14:19:00,출발,I
중국국제항공,WUX,CA3828,P01,35,M01-M07,Slave,ZH628,2025-11-21 14:15:00,2025-11-21 14:19:00,출발,I
아시아나항공,WUX,OZ6897,P01,35,M01-M07,Slave,ZH628,2025-11-21 14:15:00,2025-11-21 14:19:00,출발,I
중국동방항공,XIY,MU5022,P02,132,H01-H18,Master,MU5022,2025-11-21 14:20:00,2025-11-21 14:31:00,출발,I
대한항공,XIY,KE5871,P02,132,H01-H18,Slave,MU5022,2025-11-21 14:20:00,2025-11-21 14:31:00,출발,I
상하이항공,XIY,FM3082,P02,132,H01-H18,Slave,MU5022,2025-11-21 14:20:00,2025-11-21 14:31:00,출발,I
중국국제항공,WNZ,CA740,P01,34,M19-M36,Master,CA740,2025-11-21 14:20:00,2025-11-21 14:17:00,출발,I
중국국제항공,YNJ,CA144,P01,36,M19-M36,Master,CA144,2025-11-21 14:20:00,2025-11-21 14:21:00,출발,I
아시아나항공,YNJ,OZ6825,P01,36,M19-M36,Slave,CA144,2025-11-21 14:20:00,2025-11-21 14:21:00,출발,I
티웨이항공,RMQ,TW669,P02,102,F19-G14,Master,TW669,2025-11-21 14:25:00,2025-11-21 14:29:00,출발,I
대한항공,SHE,KE833,P03,221,A B C D,Master,KE833,2025-11-21 14:25:00,2025-11-21 14:27:00,출발,I
중국동방항공,SHE,MU8964,P03,221,A B C D,Slave,KE833,2025-11-21 14:25:00,2025-11-21 14:27:00,출발,I
에어서울,FUK,RS727,P03,281,E01-E10,Master,RS727,2025-11-21 14:25:00,2025-11-21 14:26:00,출발,I
중국동방항공,PVG,MU5062,P02,117,H01-H18,Master,MU5062,2025-11-21 14:30:00,2025-11-21 14:41:00,출발,I
대한항공,PVG,KE5863,P02,117,H01-H18,Slave,MU5062,2025-11-21 14:30:00,2025-11-21 14:41:00,출발,I
상하이항공,PVG,FM3074,P02,117,H01-H18,Slave,MU5062,2025-11-21 14:30:00,2025-11-21 14:41:00,출발,I
아시아나항공,TPE,OZ713,P01,21,A03-C34,Master,OZ713,2025-11-21 13:40:00,2025-11-21 14:38:00,출발,I
에바항공,TPE,BR2149,P01,21,A03-C34,Slave,OZ713,2025-11-21 13:40:00,2025-11-21 14:38:00,출발,I
대한항공,LAX,KE017,P03,231,A B C D,Master,KE017,2025-11-21 14:30:00,2025-11-21 14:32:00,출발,I
아에로멕시코,LAX,AM6702,P03,231,A B C D,Slave,KE017,2025-11-21 14:30:00,2025-11-21 14:32:00,출발,I
델타항공,LAX,DL7835,P03,231,A B C D,Slave,KE017,2025-11-21 14:30:00,2025-11-21 14:32:00,출발,I
란항공,LAX,LA8428,P03,231,A B C D,Slave,KE017,2025-11-21 14:30:00,2025-11-21 14:32:00,출발,I
이스타항공,CTS,ZE623,P02,103,H24-J25,Master,ZE623,2025-11-21 14:35:00,2025-11-21 14:29:00,출발,I
중국남방항공,CGQ,CZ688,P02,123,E19-E36,Master,CZ688,2025-11-21 14:35:00,2025-11-21 14:38:00,출발,I
대한항공,SIN,KE643,P03,247,A B C D,Master,KE643,2025-11-21 14:35:00,2025-11-21 14:53:00,출발,I
델타항공,SIN,DL7819,P03,247,A B C D,Slave,KE643,2025-11-21 14:35:00,2025-11-21 14:53:00,출발,I
대한항공,OKA,KE2147,P03,280,A B C D,Master,KE2147,2025-11-21 14:35:00,2025-11-21 14:34:00,출발,I
델타항공,OKA,DL7795,P03,280,A B C D,Slave,KE2147,2025-11-21 14:35:00,2025-11-21 14:34:00,출발,I
버진 애트란틱항공,OKA,VS5513,P03,280,A B C D,Slave,KE2147,2025-11-21 14:35:00,2025-11-21 14:34:00,출발,I
에어 프랑스,OKA,AF5375,P03,280,A B C D,Slave,KE2147,2025-11-21 14:35:00,2025-11-21 14:34:00,출발,I
KLM네덜란드항공,OKA,KL9164,P03,280,A B C D,Slave,KE2147,2025-11-21 14:35:00,2025-11-21 14:34:00,출발,I
일본항공,OKA,JL5274,P03,280,A B C D,Slave,KE2147,2025-11-21 14:35:00,2025-11-21 14:34:00,출발,I
홍콩항공,HKG,HX629,P01,38,M12-M16,Master,HX629,2025-11-21 14:35:00,2025-11-21 14:38:00,출발,I
아시아나항공,HKG,OZ9293,P01,38,M12-M16,Slave,HX629,2025-11-21 14:35:00,2025-11-21 14:38:00,출발,I
티웨이항공,FUK,TW205,P01,46,F19-G14,Master,TW205,2025-11-21 14:45:00,2025-11-21 14:46:00,출발,I
제주항공,NGO,7C1203,P02,112,L13-L36,Master,7C1203,2025-11-21 14:50:00,2025-11-21 14:50:00,출발,I
제주항공,NRT,7C1107,P02,114,L13-L36,Master,7C1107,2025-11-21 14:50:00,2025-11-21 14:56:00,출발,I
중국남방항공,CAN,CZ338,P02,129,E19-E36,Master,CZ338,2025-11-21 14:50:00,2025-11-21 14:57:00,출발,I
사천항공,CAN,3U7032,P02,129,E19-E36,Slave,CZ338,2025-11-21 14:50:00,2025-11-21 14:57:00,출발,I
중국국제항공,PKX,CA132,P01,31,M19-M36,Master,CA132,2025-11-21 14:50:00,2025-11-21 15:03:00,출발,I
심천항공,SZX,ZH634,P01,32,M01-M07,Master,ZH634,2025-11-21 14:55:00,2025-11-21 14:53:00,출발,I
아시아나항공,SZX,OZ6883,P01,32,M01-M07,Slave,ZH634,2025-11-21 14:55:00,2025-11-21 14:53:00,출발,I
중국국제항공,SZX,CA3844,P01,32,M01-M07,Slave,ZH634,2025-11-21 14:55:00,2025-11-21 14:53:00,출발,I
중국국제항공,TFU,CA402,P01,37,M19-M36,Master,CA402,2025-11-21 14:55:00,2025-11-21 14:49:00,출발,I
아시아나항공,TFU,OZ6831,P01,37,M19-M36,Slave,CA402,2025-11-21 14:55:00,2025-11-21 14:49:00,출발,I
진에어,KIX,LJ235,P03,252,G17-H40,Master,LJ235,2025-11-21 15:00:00,2025-11-21 15:02:00,출발,I
캐세이퍼시픽항공,HKG,CX411,P01,40,J07-J16,Master,CX411,2025-11-21 15:00:00,2025-11-21 15:01:00,출발,I
아메리칸항공,HKG,AA8894,P01,40,J07-J16,Slave,CX411,2025-11-21 15:00:00,2025-11-21 15:01:00,출발,I
콴타스항공,HKG,QF8224,P01,40,J07-J16,Slave,CX411,2025-11-21 15:00:00,2025-11-21 15:01:00,출발,I
카타르항공,HKG,QR3499,P01,40,J07-J16,Slave,CX411,2025-11-21 15:00:00,2025-11-21 15:01:00,출발,I
아시아나항공,PEK,OZ335,P01,9,A03-C34,Master,OZ335,2025-11-21 15:00:00,2025-11-21 15:04:00,출발,I
심천항공,PEK,ZH3310,P01,9,A03-C34,Slave,OZ335,2025-11-21 15:00:00,2025-11-21 15:04:00,출발,I
중국국제항공,PEK,CA5006,P01,9,A03-C34,Slave,OZ335,2025-11-21 15:00:00,2025-11-21 15:04:00,출발,I
피치항공,KIX,MM718,P02,111,K19-K23,Master,MM718,2025-11-21 15:05:00,2025-11-21 15:02:00,출발,I
이스타항공,KIX,ZE613,P02,130,H24-J25,Master,ZE613,2025-11-21 15:05:00,2025-11-21 15:10:00,출발,I
대한항공,CGK,KE437,P03,233,A B C D,Master,KE437,2025-11-21 15:05:00,2025-11-21 15:05:00,출발,I
델타항공,CGK,DL7913,P03,233,A B C D,Slave,KE437,2025-11-21 15:05:00,2025-11-21 15:05:00,출발,I
가루다인도네시아,CGK,GA9727,P03,233,A B C D,Slave,KE437,2025-11-21 15:05:00,2025-11-21 15:05:00,출발,I
에어부산,KIX,BX176,P03,276,E11-E20,Master,BX176,2025-11-21 15:05:00,2025-11-21 15:07:00,출발,I
대한항공,KIX,KE725,P03,265,A B C D,Master,KE725,2025-11-21 15:10:00,2025-11-21 15:11:00,출발,I
에어 프랑스,KIX,AF5374,P03,265,A B C D,Slave,KE725,2025-11-21 15:10:00,2025-11-21 15:11:00,출발,I
델타항공,KIX,DL7787,P03,265,A B C D,Slave,KE725,2025-11-21 15:10:00,2025-11-21 15:11:00,출발,I
일본항공,KIX,JL5212,P03,265,A B C D,Slave,KE725,2025-11-21 15:10:00,2025-11-21 15:11:00,출발,I
몽골항공,KIX,OM6705,P03,265,A B C D,Slave,KE725,2025-11-21 15:10:00,2025-11-21 15:11:00,출발,I
진에어,NRT,LJ207,P03,258,G17-H40,Master,LJ207,2025-11-21 15:15:00,2025-11-21 15:29:00,출발,I
이스타항공,NRT,ZE603,P02,115,H24-J25,Master,ZE603,2025-11-21 15:20:00,2025-11-21 15:20:00,출발,I
제주항공,FUK,7C1405,P02,128,L13-L36,Master,7C1405,2025-11-21 15:20:00,2025-11-21 15:28:00,출발,I
진에어,RMQ,LJ737,P03,256,G17-H40,Master,LJ737,2025-11-21 15:20:00,2025-11-21 15:31:00,출발,I
산동항공,TAO,SC4614,P01,28,N07-N15,Master,SC4614,2025-11-21 15:25:00,2025-11-21 15:15:00,출발,I
중국국제항공,TAO,CA8892,P01,28,N07-N15,Slave,SC4614,2025-11-21 15:25:00,2025-11-21 15:15:00,출발,I
아시아나항공,TAO,OZ6715,P01,28,N07-N15,Slave,SC4614,2025-11-21 15:25:00,2025-11-21 15:15:00,출발,I
티웨이항공,NRT,TW245,P02,104,F19-G14,Master,TW245,2025-11-21 15:30:00,2025-11-21 15:27:00,출발,I
티웨이항공,SIN,TW161,P02,109,F19-G14,Master,TW161,2025-11-21 15:30:00,2025-11-21 15:42:00,출발,I
제주항공,DPS,7C2711,P01,16,L13-L36,Master,7C2711,2025-11-21 15:35:00,2025-11-21 15:38:00,출발,I
아시아나항공,NGO,OZ124,P01,22,A03-C34,Master,OZ124,2025-11-21 15:35:00,2025-11-21 15:31:00,출발,I
에티하드 항공,NGO,EY8471,P01,22,A03-C34,Slave,OZ124,2025-11-21 15:35:00,2025-11-21 15:31:00,출발,I
전일본공수,NGO,NH6966,P01,22,A03-C34,Slave,OZ124,2025-11-21 15:35:00,2025-11-21 15:31:00,출발,I
터키항공,NGO,TK8092,P01,22,A03-C34,Slave,OZ124,2025-11-21 15:35:00,2025-11-21 15:31:00,출발,I
에어부산,NRT,BX166,P03,277,E11-E20,Master,BX166,2025-11-21 15:35:00,2025-11-21 15:27:00,출발,I
이스타항공,KOJ,ZE651,P01,45,H24-J25,Master,ZE651,2025-11-21 15:35:00,2025-11-21 15:27:00,출발,I
아시아나항공,NRT,OZ106,P01,8,A03-C34,Master,OZ106,2025-11-21 15:35:00,2025-11-21 15:40:00,출발,I
에티하드 항공,NRT,EY8454,P01,8,A03-C34,Slave,OZ106,2025-11-21 15:35:00,2025-11-21 15:40:00,출발,I
전일본공수,NRT,NH6976,P01,8,A03-C34,Slave,OZ106,2025-11-21 15:35:00,2025-11-21 15:40:00,출발,I
에어 뉴질랜드,NRT,NZ4056,P01,8,A03-C34,Slave,OZ106,2025-11-21 15:35:00,2025-11-21 15:40:00,출발,I
유나이티드항공,NRT,UA7322,P01,8,A03-C34,Slave,OZ106,2025-11-21 15:35:00,2025-11-21 15:40:00,출발,I
중국동방항공,PKX,MU2074,P02,121,H01-H18,Master,MU2074,2025-11-21 15:40:00,2025-11-21 15:32:00,출발,I
진에어,TAK,LJ359,P03,251,G17-H40,Master,LJ359,2025-11-21 15:40:00,2025-11-21 15:38:00,출발,I
홍콩익스프레스,HKG,UO631,P02,113,K29-K34,Master,UO631,2025-11-21 15:45:00,2025-11-21 15:41:00,출발,I
티웨이항공,KIX,TW305,P02,107,F19-G14,Master,TW305,2025-11-21 15:50:00,2025-11-21 15:52:00,출발,I
대한항공,UKB,KE2173,P03,246,A B C D,Master,KE2173,2025-11-21 15:50:00,2025-11-21 15:51:00,출발,I
아시아나항공,HKT,OZ725,P01,15,A03-C34,Master,OZ725,2025-11-21 16:00:00,2025-11-21 15:59:00,출발,I
대한항공,SFO,KE023,P03,218,A B C D,Master,KE023,2025-11-21 16:00:00,2025-11-21 15:53:00,출발,I
델타항공,SFO,DL7860,P03,218,A B C D,Slave,KE023,2025-11-21 16:00:00,2025-11-21 15:53:00,출발,I
아시아나항공,KIX,OZ114,P01,12,A03-C34,Master,OZ114,2025-11-21 16:05:00,2025-11-21 16:14:00,출발,I
전일본공수,KIX,NH6954,P01,12,A03-C34,Slave,OZ114,2025-11-21 16:05:00,2025-11-21 16:14:00,출발,I
에티하드 항공,KIX,EY8449,P01,12,A03-C34,Slave,OZ114,2025-11-21 16:05:00,2025-11-21 16:14:00,출발,I
중국동방항공,YNT,MU268,P02,127,H01-H18,Master,MU268,2025-11-21 16:05:00,2025-11-21 15:54:00,출발,I
대한항공,YNT,KE5851,P02,127,H01-H18,Slave,MU268,2025-11-21 16:05:00,2025-11-21 15:54:00,출발,I
미얀마국제항공,RGN,8M802,P01,34,J01-J05,Master,8M802,2025-11-21 16:05:00,2025-11-21 15:55:00,출발,I
제주항공,FSZ,7C1603,P01,43,L13-L36,Master,7C1603,2025-11-21 16:05:00,2025-11-21 16:09:00,출발,I
중국동방항공,PVG,MU5012,P02,124,H01-H18,Master,MU5012,2025-11-21 16:10:00,2025-11-21 16:05:00,출발,I
대한항공,PVG,KE5883,P02,124,H01-H18,Slave,MU5012,2025-11-21 16:10:00,2025-11-21 16:05:00,출발,I
대한항공,SEA,KE041,P03,224,A B C D,Master,KE041,2025-11-21 16:10:00,2025-11-21 16:07:00,출발,I
델타항공,SEA,DL7837,P03,224,A B C D,Slave,KE041,2025-11-21 16:10:00,2025-11-21 16:07:00,출발,I
아시아나항공,KMI,OZ158,P01,11,A03-C34,Master,OZ158,2025-11-21 16:15:00,2025-11-21 16:11:00,출발,I
에어캐나다,KMI,AC6986,P01,11,A03-C34,Slave,OZ158,2025-11-21 16:15:00,2025-11-21 16:11:00,출발,I
에티하드 항공,KMI,EY8469,P01,11,A03-C34,Slave,OZ158,2025-11-21 16:15:00,2025-11-21 16:11:00,출발,I
전일본공수,KMI,NH6944,P01,11,A03-C34,Slave,OZ158,2025-11-21 16:15:00,2025-11-21 16:11:00,출발,I
중국남방항공,CAN,CZ3062,P02,125,E19-E36,Master,CZ3062,2025-11-21 16:15:00,2025-11-21 16:10:00,출발,I
사천항공,CAN,3U7024,P02,125,E19-E36,Slave,CZ3062,2025-11-21 16:15:00,2025-11-21 16:10:00,출발,I
진에어,CNX,LJ009,P03,255,G17-H40,Master,LJ009,2025-11-21 16:15:00,2025-11-21 16:18:00,출발,I
대한항공,CNX,KE5089,P03,255,G17-H40,Slave,LJ009,2025-11-21 16:15:00,2025-11-21 16:18:00,출발,I
제주항공,NRT,7C1121,P02,131,L13-L36,Master,7C1121,2025-11-21 16:20:00,2025-11-21 16:25:00,출발,I
중국동방항공,PVG,MU5034,P02,132,H01-H18,Master,MU5034,2025-11-21 16:20:00,2025-11-21 16:41:00,출발,I
상하이항공,PVG,FM3072,P02,132,H01-H18,Slave,MU5034,2025-11-21 16:20:00,2025-11-21 16:41:00,출발,I
대한항공,PVG,KE5885,P02,132,H01-H18,Slave,MU5034,2025-11-21 16:20:00,2025-11-21 16:41:00,출발,I
대한항공,TPE,KE2027,P03,235,A B C D,Master,KE2027,2025-11-21 16:20:00,2025-11-21 16:25:00,출발,I
델타항공,TPE,DL7777,P03,235,A B C D,Slave,KE2027,2025-11-21 16:20:00,2025-11-21 16:25:00,출발,I
중화항공,TPE,CI9067,P03,235,A B C D,Slave,KE2027,2025-11-21 16:20:00,2025-11-21 16:25:00,출발,I
대한항공,DPS,KE431,P03,257,A B C D,Master,KE431,2025-11-21 16:20:00,2025-11-21 16:17:00,출발,I
델타항공,DPS,DL7803,P03,257,A B C D,Slave,KE431,2025-11-21 16:20:00,2025-11-21 16:17:00,출발,I
에어 프랑스,DPS,AF7906,P03,257,A B C D,Slave,KE431,2025-11-21 16:20:00,2025-11-21 16:17:00,출발,I
가루다인도네시아,DPS,GA9961,P03,257,A B C D,Slave,KE431,2025-11-21 16:20:00,2025-11-21 16:17:00,출발,I
제주항공,FUK,7C1407,P01,50,L13-L36,Master,7C1407,2025-11-21 16:20:00,2025-11-21 16:40:00,출발,I
아시아나항공,SIN,OZ751,P01,7,A03-C34,Master,OZ751,2025-11-21 16:20:00,2025-11-21 16:27:00,출발,I
에어캐나다,SIN,AC6994,P01,7,A03-C34,Slave,OZ751,2025-11-21 16:20:00,2025-11-21 16:27:00,출발,I
싱가포르항공,SIN,SQ5751,P01,7,A03-C34,Slave,OZ751,2025-11-21 16:20:00,2025-11-21 16:27:00,출발,I
중국동방항공,TAO,MU560,P02,123,H01-H18,Master,MU560,2025-11-21 16:40:00,2025-11-21 16:35:00,출발,I
상하이항공,TAO,FM3084,P02,123,H01-H18,Slave,MU560,2025-11-21 16:40:00,2025-11-21 16:35:00,출발,I
대한항공,TAO,KE5841,P02,123,H01-H18,Slave,MU560,2025-11-21 16:40:00,2025-11-21 16:35:00,출발,I
대한항공,KUL,KE427,P03,248,A B C D,Master,KE427,2025-11-21 16:40:00,2025-11-21 16:48:00,출발,I
델타항공,KUL,DL7911,P03,248,A B C D,Slave,KE427,2025-11-21 16:40:00,2025-11-21 16:48:00,출발,I
말레이시아 항공,KUL,MH5621,P03,248,A B C D,Slave,KE427,2025-11-21 16:40:00,2025-11-21 16:48:00,출발,I
에어서울,NRT,RS703,P03,279,E01-E10,Master,RS703,2025-11-21 16:40:00,2025-11-21 16:43:00,출발,I
진에어,NGO,LJ347,P03,260,G17-H40,Master,LJ347,2025-11-21 16:45:00,2025-11-21 17:16:00,출발,I
대한항공,NGO,KE5081,P03,260,G17-H40,Slave,LJ347,2025-11-21 16:45:00,2025-11-21 17:16:00,출발,I
심천항공,SZX,ZH632,P01,35,M01-M07,Master,ZH632,2025-11-21 16:45:00,2025-11-21 16:43:00,출발,I
중국국제항공,SZX,CA3862,P01,35,M01-M07,Slave,ZH632,2025-11-21 16:45:00,2025-11-21 16:43:00,출발,I
아시아나항공,SZX,OZ6881,P01,35,M01-M07,Slave,ZH632,2025-11-21 16:45:00,2025-11-21 16:43:00,출발,I
아시아나항공,CGK,OZ761,P01,24,A03-C34,Master,OZ761,2025-11-21 15:40:00,2025-11-21 16:50:00,출발,I
제주항공,KIX,7C1305,P02,103,L13-L36,Master,7C1305,2025-11-21 16:55:00,2025-11-21 16:59:00,출발,I
한 에어,KIX,H19814,P02,103,L13-L36,Slave,7C1305,2025-11-21 16:55:00,2025-11-21 16:59:00,출발,I
대한항공,NRT,KE713,P03,242,A B C D,Master,KE713,2025-11-21 16:55:00,2025-11-21 16:52:00,출발,I
아에로멕시코,NRT,AM6752,P03,242,A B C D,Slave,KE713,2025-11-21 16:55:00,2025-11-21 16:52:00,출발,I
델타항공,NRT,DL7897,P03,242,A B C D,Slave,KE713,2025-11-21 16:55:00,2025-11-21 16:52:00,출발,I
일본항공,NRT,JL5252,P03,242,A B C D,Slave,KE713,2025-11-21 16:55:00,2025-11-21 16:52:00,출발,I
아시아나항공,HKT,OZ747,P01,26,A03-C34,Master,OZ747,2025-11-21 17:00:00,2025-11-21 17:15:00,출발,I
타이항공,BKK,TG653,P01,41,M09-M18,Master,TG653,2025-11-21 17:00:00,2025-11-21 16:58:00,출발,I
이스타항공,BKK,ZE511,P02,126,H24-J25,Master,ZE511,2025-11-21 17:05:00,2025-11-21 17:03:00,출발,I
진에어,PQC,LJ091,P03,264,G17-H40,Master,LJ091,2025-11-21 17:05:00,2025-11-21 17:17:00,출발,I
진에어,BKK,LJ001,P03,268,G17-H40,Master,LJ001,2025-11-21 17:10:00,2025-11-21 17:19:00,출발,I
대한항공,BKK,KE5065,P03,268,G17-H40,Slave,LJ001,2025-11-21 17:10:00,2025-11-21 17:19:00,출발,I
싱가포르항공,SIN,SQ601,P01,32,F01-F08,Master,SQ601,2025-11-21 16:55:00,2025-11-21 17:34:00,출발,I
에어인디아 리미티드,SIN,AI8167,P01,32,F01-F08,Slave,SQ601,2025-11-21 16:55:00,2025-11-21 17:34:00,출발,I
아시아나항공,SIN,OZ6789,P01,32,F01-F08,Slave,SQ601,2025-11-21 16:55:00,2025-11-21 17:34:00,출발,I
버진 오스트레일리아,SIN,VA5671,P01,32,F01-F08,Slave,SQ601,2025-11-21 16:55:00,2025-11-21 17:34:00,출발,I
이스타항공,PQC,ZE581,P02,122,H24-J25,Master,ZE581,2025-11-21 17:20:00,2025-11-21 17:47:00,출발,I
대한항공,DPS,KE433,P03,256,A B C D,Master,KE433,2025-11-21 17:20:00,2025-11-21 17:36:00,출발,I
진에어,FUK,LJ265,P03,261,G17-H40,Master,LJ265,2025-11-21 17:20:00,2025-11-21 17:35:00,출발,I
대한항공,FUK,KE5077,P03,261,G17-H40,Slave,LJ265,2025-11-21 17:20:00,2025-11-21 17:35:00,출발,I
이스타항공,CNX,ZE517,P02,101,H24-J25,Master,ZE517,2025-11-21 17:25:00,2025-11-21 17:22:00,출발,I
대한항공,HKT,KE677,P03,220,A B C D,Master,KE677,2025-11-21 17:25:00,2025-11-21 17:28:00,출발,I
델타항공,HKT,DL7929,P03,220,A B C D,Slave,KE677,2025-11-21 17:25:00,2025-11-21 17:28:00,출발,I
에어부산,BKK,BX727,P03,281,E11-E20,Master,BX727,2025-11-21 16:50:00,2025-11-21 17:27:00,출발,I
중국남방항공,DLC,CZ696,P02,129,E19-E36,Master,CZ696,2025-11-21 17:30:00,2025-11-21 17:28:00,출발,I
에티오피아항공,NRT,ET672,P01,21,F12-F16,Master,ET672,2025-11-21 16:50:00,2025-11-21 17:36:00,출발,I
전일본공수,NRT,NH5340,P01,21,F12-F16,Slave,ET672,2025-11-21 16:50:00,2025-11-21 17:36:00,출발,I
진에어,GUM,LJ919,P03,280,G17-H40,Master,LJ919,2025-11-21 17:35:00,2025-11-21 17:42:00,출발,I
춘추항공,PVG,9C8560,P02,121,H19-H23,Master,9C8560,2025-11-21 17:40:00,2025-11-21 17:40:00,출발,I
대한항공,BKK,KE651,P03,231,A B C D,Master,KE651,2025-11-21 17:20:00,2025-11-21 17:45:00,출발,I
델타항공,BKK,DL7852,P03,231,A B C D,Slave,KE651,2025-11-21 17:20:00,2025-11-21 17:45:00,출발,I
티웨이항공,TAS,TW431,P02,112,F19-G14,Master,TW431,2025-11-21 17:50:00,2025-11-21 17:51:00,출발,I
중국국제항공,PEK,CA126,P01,36,M19-M36,Master,CA126,2025-11-21 17:50:00,2025-11-21 17:44:00,출발,I
아시아나항공,PEK,OZ6803,P01,36,M19-M36,Slave,CA126,2025-11-21 17:50:00,2025-11-21 17:44:00,출발,I
산동항공,PEK,SC150,P01,36,M19-M36,Slave,CA126,2025-11-21 17:50:00,2025-11-21 17:44:00,출발,I
에티하드 항공,AUH,EY823,P01,39,J26-J36,Master,EY823,2025-11-21 17:50:00,2025-11-21 17:47:00,출발,I
플라이나스,AUH,XY3873,P01,39,J26-J36,Slave,EY823,2025-11-21 17:50:00,2025-11-21 17:47:00,출발,I
TAP포르투갈 항공,AUH,TP6923,P01,39,J26-J36,Slave,EY823,2025-11-21 17:50:00,2025-11-21 17:47:00,출발,I
아시아나항공,AUH,OZ6970,P01,39,J26-J36,Slave,EY823,2025-11-21 17:50:00,2025-11-21 17:47:00,출발,I
이집트항공,AUH,MS8089,P01,39,J26-J36,Slave,EY823,2025-11-21 17:50:00,2025-11-21 17:47:00,출발,I
이스라엘항공,AUH,LY9630,P01,39,J26-J36,Slave,EY823,2025-11-21 17:50:00,2025-11-21 17:47:00,출발,I
오만항공,AUH,WY5103,P01,39,J26-J36,Slave,EY823,2025-11-21 17:50:00,2025-11-21 17:47:00,출발,I
베트남항공,SGN,VN403,P02,113,D05-D17,Master,VN403,2025-11-21 17:55:00,2025-11-21 18:01:00,출발,I
에어아시아엑스,KUL,D7507,P02,130,J09-J16,Master,D7507,2025-11-21 17:55:00,2025-11-21 18:25:00,출발,I
제주항공,PQC,7C2315,P02,105,L13-L36,Master,7C2315,2025-11-21 18:00:00,2025-11-21 18:04:00,출발,I
대한항공,KMJ,KE2155,P03,243,A B C D,Master,KE2155,2025-11-21 16:00:00,2025-11-21 18:16:00,출발,I
델타항공,KMJ,DL7918,P03,243,A B C D,Slave,KE2155,2025-11-21 16:00:00,2025-11-21 18:16:00,출발,I
진에어,TAG,LJ043,P03,247,G17-H40,Master,LJ043,2025-11-21 18:00:00,2025-11-21 18:06:00,출발,I
델타항공,ATL,DL188,P03,253,K21-L15,Master,DL188,2025-11-21 18:00:00,2025-11-21 18:01:00,출발,I
대한항공,ATL,KE5039,P03,253,K21-L15,Slave,DL188,2025-11-21 18:00:00,2025-11-21 18:01:00,출발,I
베트남항공,HAN,VN415,P02,107,D05-D17,Master,VN415,2025-11-21 18:05:00,2025-11-21 18:14:00,출발,I
티웨이항공,FUK,TW207,P02,110,F19-G14,Master,TW207,2025-11-21 18:05:00,2025-11-21 17:59:00,출발,I
대한항공,CXR,KE467,P03,241,A B C D,Master,KE467,2025-11-21 18:05:00,2025-11-21 18:28:00,출발,I
델타항공,CXR,DL7813,P03,241,A B C D,Slave,KE467,2025-11-21 18:05:00,2025-11-21 18:28:00,출발,I
베트남항공,CXR,VN3409,P03,241,A B C D,Slave,KE467,2025-11-21 18:05:00,2025-11-21 18:28:00,출발,I
대한항공,GUM,KE417,P03,252,A B C D,Master,KE417,2025-11-21 17:45:00,2025-11-21 17:59:00,출발,I
델타항공,GUM,DL7864,P03,252,A B C D,Slave,KE417,2025-11-21 17:45:00,2025-11-21 17:59:00,출발,I
제주항공,MNL,7C2103,P01,37,L13-L36,Master,7C2103,2025-11-21 18:05:00,2025-11-21 18:05:00,출발,I
아시아나항공,BKK,OZ741,P01,6,A03-C34,Master,OZ741,2025-11-21 18:05:00,2025-11-21 18:16:00,출발,I
에어캐나다,BKK,AC6996,P01,6,A03-C34,Slave,OZ741,2025-11-21 18:05:00,2025-11-21 18:16:00,출발,I
에티오피아항공,BKK,ET1298,P01,6,A03-C34,Slave,OZ741,2025-11-21 18:05:00,2025-11-21 18:16:00,출발,I
오스트리아 항공,BKK,OS8052,P01,6,A03-C34,Slave,OZ741,2025-11-21 18:05:00,2025-11-21 18:16:00,출발,I
타이항공,BKK,TG6727,P01,6,A03-C34,Slave,OZ741,2025-11-21 18:05:00,2025-11-21 18:16:00,출발,I
이스타항공,FUK,ZE649,P02,114,H24-J25,Master,ZE649,2025-11-21 18:15:00,2025-11-21 18:11:00,출발,I
대한항공,PQC,KE485,P03,222,A B C D,Master,KE485,2025-11-21 18:15:00,2025-11-21 18:24:00,출발,I
베트남항공,PQC,VN3413,P03,222,A B C D,Slave,KE485,2025-11-21 18:15:00,2025-11-21 18:24:00,출발,I
델타항공,PQC,DL7865,P03,222,A B C D,Slave,KE485,2025-11-21 18:15:00,2025-11-21 18:24:00,출발,I
제주항공,SIN,7C2623,P02,127,L13-L36,Master,7C2623,2025-11-21 18:20:00,2025-11-21 18:38:00,출발,I
대한항공,PUS,KE1407,P03,246,-,Master,KE1407,2025-11-21 18:25:00,2025-11-21 18:33:00,출발,D
ITA항공,PUS,AZ2780,P03,246,-,Slave,KE1407,2025-11-21 18:25:00,2025-11-21 18:33:00,출발,D
델타항공,PUS,DL7879,P03,246,-,Slave,KE1407,2025-11-21 18:25:00,2025-11-21 18:33:00,출발,D
KLM네덜란드항공,PUS,KL4249,P03,246,-,Slave,KE1407,2025-11-21 18:25:00,2025-11-21 18:33:00,출발,D
가루다인도네시아,PUS,GA9963,P03,246,-,Slave,KE1407,2025-11-21 18:25:00,2025-11-21 18:33:00,출발,D
대한항공,AKL,KE411,P03,277,A B C D,Master,KE411,2025-11-21 18:25:00,2025-11-21 18:31:00,출발,I
버진 애트란틱항공,AKL,VS5527,P03,277,A B C D,Slave,KE411,2025-11-21 18:25:00,2025-11-21 18:31:00,출발,I
KLM네덜란드항공,AKL,KL4245,P03,277,A B C D,Slave,KE411,2025-11-21 18:25:00,2025-11-21 18:31:00,출발,I
티웨이항공,BKI,TW153,P02,102,F19-G14,Master,TW153,2025-11-21 18:30:00,2025-11-21 18:28:00,출발,I
대한항공,DAD,KE459,P03,239,A B C D,Master,KE459,2025-11-21 18:30:00,2025-11-21 18:40:00,출발,I
델타항공,DAD,DL7811,P03,239,A B C D,Slave,KE459,2025-11-21 18:30:00,2025-11-21 18:40:00,출발,I
웨스트젯,DAD,WS6041,P03,239,A B C D,Slave,KE459,2025-11-21 18:30:00,2025-11-21 18:40:00,출발,I
버진 애트란틱항공,DAD,VS5521,P03,239,A B C D,Slave,KE459,2025-11-21 18:30:00,2025-11-21 18:40:00,출발,I
베트남항공,DAD,VN3441,P03,239,A B C D,Slave,KE459,2025-11-21 18:30:00,2025-11-21 18:40:00,출발,I
대한항공,SIN,KE645,P03,249,A B C D,Master,KE645,2025-11-21 18:30:00,2025-11-21 18:43:00,출발,I
델타항공,SIN,DL7821,P03,249,A B C D,Slave,KE645,2025-11-21 18:30:00,2025-11-21 18:43:00,출발,I
몽골항공,SIN,OM6231,P03,249,A B C D,Slave,KE645,2025-11-21 18:30:00,2025-11-21 18:43:00,출발,I
웨스트젯,SIN,WS6031,P03,249,A B C D,Slave,KE645,2025-11-21 18:30:00,2025-11-21 18:43:00,출발,I
대한항공,YVR,KE071,P03,255,A B C D,Master,KE071,2025-11-21 18:30:00,2025-11-21 18:52:00,출발,I
웨스트젯,YVR,WS6061,P03,255,A B C D,Slave,KE071,2025-11-21 18:30:00,2025-11-21 18:52:00,출발,I
유나이티드항공,SFO,UA892,P01,31,E01-E08,Master,UA892,2025-11-21 18:00:00,2025-11-21 18:48:00,출발,I
아시아나항공,SFO,OZ6614,P01,31,E01-E08,Slave,UA892,2025-11-21 18:00:00,2025-11-21 18:48:00,출발,I
카타르항공,DOH,QR863,P01,50,N01-N12,Master,QR863,2025-11-21 18:30:00,2025-11-21 18:21:00,출발,I
르완다에어,DOH,WB1424,P01,50,N01-N12,Slave,QR863,2025-11-21 18:30:00,2025-11-21 18:21:00,출발,I
아시아나항공,NRT,OZ108,P01,20,A03-C34,Master,OZ108,2025-11-21 18:40:00,2025-11-21 18:40:00,출발,I
에티하드 항공,NRT,EY8455,P01,20,A03-C34,Slave,OZ108,2025-11-21 18:40:00,2025-11-21 18:40:00,출발,I
전일본공수,NRT,NH6978,P01,20,A03-C34,Slave,OZ108,2025-11-21 18:40:00,2025-11-21 18:40:00,출발,I
유나이티드항공,NRT,UA7297,P01,20,A03-C34,Slave,OZ108,2025-11-21 18:40:00,2025-11-21 18:40:00,출발,I
대한항공,TAE,KE1431,P03,234,1층,Master,KE1431,2025-11-21 18:40:00,2025-11-21 18:49:00,출발,D
ITA항공,TAE,AZ2782,P03,234,1층,Slave,KE1431,2025-11-21 18:40:00,2025-11-21 18:49:00,출발,D
에어 프랑스,TAE,AF7883,P03,234,1층,Slave,KE1431,2025-11-21 18:40:00,2025-11-21 18:49:00,출발,D
델타항공,TAE,DL7845,P03,234,1층,Slave,KE1431,2025-11-21 18:40:00,2025-11-21 18:49:00,출발,D
가루다인도네시아,TAE,GA9999,P03,234,1층,Slave,KE1431,2025-11-21 18:40:00,2025-11-21 18:49:00,출발,D
대한항공,FUK,KE781,P03,250,A B C D,Master,KE781,2025-11-21 18:40:00,2025-11-21 18:49:00,출발,I
델타항공,FUK,DL7797,P03,250,A B C D,Slave,KE781,2025-11-21 18:40:00,2025-11-21 18:49:00,출발,I
일본항공,FUK,JL5224,P03,250,A B C D,Slave,KE781,2025-11-21 18:40:00,2025-11-21 18:49:00,출발,I
KLM네덜란드항공,FUK,KL4258,P03,250,A B C D,Slave,KE781,2025-11-21 18:40:00,2025-11-21 18:49:00,출발,I
몽골항공,FUK,OM6711,P03,250,A B C D,Slave,KE781,2025-11-21 18:40:00,2025-11-21 18:49:00,출발,I
버진 애트란틱항공,FUK,VS5509,P03,250,A B C D,Slave,KE781,2025-11-21 18:40:00,2025-11-21 18:49:00,출발,I
에어 프랑스,FUK,AF7894,P03,250,A B C D,Slave,KE781,2025-11-21 18:40:00,2025-11-21 18:49:00,출발,I
ITA항공,FUK,AZ2788,P03,250,A B C D,Slave,KE781,2025-11-21 18:40:00,2025-11-21 18:49:00,출발,I
아시아나항공,DAD,OZ755,P01,18,A03-C34,Master,OZ755,2025-11-21 18:45:00,2025-11-21 18:50:00,출발,I
에어캐나다,DAD,AC6973,P01,18,A03-C34,Slave,OZ755,2025-11-21 18:45:00,2025-11-21 18:50:00,출발,I
대한항공,KMG,KE161,P03,235,A B C D,Master,KE161,2025-11-21 18:45:00,2025-11-21 18:39:00,출발,I
중국동방항공,KMG,MU8966,P03,235,A B C D,Slave,KE161,2025-11-21 18:45:00,2025-11-21 18:39:00,출발,I
대한항공,HAN,KE447,P03,258,A B C D,Master,KE447,2025-11-21 18:45:00,2025-11-21 18:57:00,출발,I
웨스트젯,HAN,WS6037,P03,258,A B C D,Slave,KE447,2025-11-21 18:45:00,2025-11-21 18:57:00,출발,I
버진 애트란틱항공,HAN,VS5517,P03,258,A B C D,Slave,KE447,2025-11-21 18:45:00,2025-11-21 18:57:00,출발,I
베트남항공,HAN,VN3411,P03,258,A B C D,Slave,KE447,2025-11-21 18:45:00,2025-11-21 18:57:00,출발,I
델타항공,HAN,DL7807,P03,258,A B C D,Slave,KE447,2025-11-21 18:45:00,2025-11-21 18:57:00,출발,I
티웨이항공,HKG,TW643,P02,106,F19-G14,Master,TW643,2025-11-21 18:50:00,2025-11-21 19:01:00,출발,I
대한항공,KTI,KE689,P03,236,A B C D,Master,KE689,2025-11-21 18:50:00,2025-11-21 19:01:00,출발,I
델타항공,KTI,DL7871,P03,236,A B C D,Slave,KE689,2025-11-21 18:50:00,2025-11-21 19:01:00,출발,I
대한항공,NGO,KE743,P03,238,A B C D,Master,KE743,2025-11-21 18:50:00,2025-11-21 18:55:00,출발,I
일본항공,NGO,JL5218,P03,238,A B C D,Slave,KE743,2025-11-21 18:50:00,2025-11-21 18:55:00,출발,I
KLM네덜란드항공,NGO,KL9848,P03,238,A B C D,Slave,KE743,2025-11-21 18:50:00,2025-11-21 18:55:00,출발,I
몽골항공,NGO,OM6717,P03,238,A B C D,Slave,KE743,2025-11-21 18:50:00,2025-11-21 18:55:00,출발,I
버진 애트란틱항공,NGO,VS5507,P03,238,A B C D,Slave,KE743,2025-11-21 18:50:00,2025-11-21 18:55:00,출발,I
에어 프랑스,NGO,AF7907,P03,238,A B C D,Slave,KE743,2025-11-21 18:50:00,2025-11-21 18:55:00,출발,I
델타항공,NGO,DL7793,P03,238,A B C D,Slave,KE743,2025-11-21 18:50:00,2025-11-21 18:55:00,출발,I
대한항공,CEB,KE601,P03,276,A B C D,Master,KE601,2025-11-21 18:50:00,2025-11-21 19:08:00,출발,I
에어프레미아,SFO,YP111,P01,19,K01-K08,Master,YP111,2025-11-21 18:55:00,2025-11-21 19:01:00,출발,I
상하이항공,PVG,FM828,P02,118,H11-H18,Master,FM828,2025-11-21 18:25:00,2025-11-21 19:13:00,출발,I
중국동방항공,PVG,MU8604,P02,118,H11-H18,Slave,FM828,2025-11-21 18:25:00,2025-11-21 19:13:00,출발,I
대한항공,PVG,KE5893,P02,118,H11-H18,Slave,FM828,2025-11-21 18:25:00,2025-11-21 19:13:00,출발,I
티웨이항공,DAD,TW011,P02,119,F19-G14,Master,TW011,2025-11-21 19:00:00,2025-11-21 19:08:00,출발,I
대한항공,PVG,KE891,P03,245,A B C D,Master,KE891,2025-11-21 19:00:00,2025-11-21 19:05:00,출발,I
중국동방항공,PVG,MU8932,P03,245,A B C D,Slave,KE891,2025-11-21 19:00:00,2025-11-21 19:05:00,출발,I
상하이항공,PVG,FM8754,P03,245,A B C D,Slave,KE891,2025-11-21 19:00:00,2025-11-21 19:05:00,출발,I
샤먼항공,PVG,MF9088,P03,245,A B C D,Slave,KE891,2025-11-21 19:00:00,2025-11-21 19:05:00,출발,I
대한항공,CNX,KE683,P03,251,A B C D,Master,KE683,2025-11-21 18:45:00,2025-11-21 19:07:00,출발,I
델타항공,CNX,DL7924,P03,251,A B C D,Slave,KE683,2025-11-21 18:45:00,2025-11-21 19:07:00,출발,I
대한항공,KIX,KE721,P03,263,A B C D,Master,KE721,2025-11-21 18:45:00,2025-11-21 19:04:00,출발,I
델타항공,KIX,DL7783,P03,263,A B C D,Slave,KE721,2025-11-21 18:45:00,2025-11-21 19:04:00,출발,I
일본항공,KIX,JL5214,P03,263,A B C D,Slave,KE721,2025-11-21 18:45:00,2025-11-21 19:04:00,출발,I
버진 애트란틱항공,KIX,VS5505,P03,263,A B C D,Slave,KE721,2025-11-21 18:45:00,2025-11-21 19:04:00,출발,I
아시아나항공,KIX,OZ116,P01,16,A03-C34,Master,OZ116,2025-11-21 19:05:00,2025-11-21 19:06:00,출발,I
전일본공수,KIX,NH6956,P01,16,A03-C34,Slave,OZ116,2025-11-21 19:05:00,2025-11-21 19:06:00,출발,I
에어캐나다,KIX,AC6974,P01,16,A03-C34,Slave,OZ116,2025-11-21 19:05:00,2025-11-21 19:06:00,출발,I
에티오피아항공,KIX,ET1290,P01,16,A03-C34,Slave,OZ116,2025-11-21 19:05:00,2025-11-21 19:06:00,출발,I
에티하드 항공,KIX,EY8450,P01,16,A03-C34,Slave,OZ116,2025-11-21 19:05:00,2025-11-21 19:06:00,출발,I
대한항공,MNL,KE623,P03,254,A B C D,Master,KE623,2025-11-21 19:05:00,2025-11-21 19:18:00,출발,I
대한항공,SGN,KE475,P03,257,A B C D,Master,KE475,2025-11-21 18:50:00,2025-11-21 19:08:00,출발,I
델타항공,SGN,DL7925,P03,257,A B C D,Slave,KE475,2025-11-21 18:50:00,2025-11-21 19:08:00,출발,I
베트남항공,SGN,VN3401,P03,257,A B C D,Slave,KE475,2025-11-21 18:50:00,2025-11-21 19:08:00,출발,I
버진 애트란틱항공,SGN,VS5519,P03,257,A B C D,Slave,KE475,2025-11-21 18:50:00,2025-11-21 19:08:00,출발,I
웨스트젯,SGN,WS6039,P03,257,A B C D,Slave,KE475,2025-11-21 18:50:00,2025-11-21 19:08:00,출발,I
제주항공,KIX,7C1395,P02,108,L13-L36,Master,7C1395,2025-11-21 19:10:00,2025-11-21 19:11:00,출발,I
대한항공,SYD,KE401,P03,256,A B C D,Master,KE401,2025-11-21 18:55:00,2025-11-21 19:18:00,출발,I
에어 프랑스,SYD,AF7876,P03,256,A B C D,Slave,KE401,2025-11-21 18:55:00,2025-11-21 19:18:00,출발,I
KLM네덜란드항공,SYD,KL9160,P03,256,A B C D,Slave,KE401,2025-11-21 18:55:00,2025-11-21 19:18:00,출발,I
몽골항공,SYD,OM6521,P03,256,A B C D,Slave,KE401,2025-11-21 18:55:00,2025-11-21 19:18:00,출발,I
버진 애트란틱항공,SYD,VS5523,P03,256,A B C D,Slave,KE401,2025-11-21 18:55:00,2025-11-21 19:18:00,출발,I
산동항공,TAO,SC4616,P01,45,N11-N15,Master,SC4616,2025-11-21 19:10:00,2025-11-21 19:02:00,출발,I
중국국제항공,TAO,CA8860,P01,45,N11-N15,Slave,SC4616,2025-11-21 19:10:00,2025-11-21 19:02:00,출발,I
아시아나항공,TAO,OZ6713,P01,45,N11-N15,Slave,SC4616,2025-11-21 19:10:00,2025-11-21 19:02:00,출발,I
아시아나항공,MNL,OZ703,P01,12,A03-C34,Master,OZ703,2025-11-21 19:20:00,2025-11-21 19:26:00,출발,I
대한항공,NRT,KE705,P03,220,A B C D,Master,KE705,2025-11-21 18:45:00,2025-11-21 19:34:00,출발,I
아에로멕시코,NRT,AM6700,P03,220,A B C D,Slave,KE705,2025-11-21 18:45:00,2025-11-21 19:34:00,출발,I
델타항공,NRT,DL7781,P03,220,A B C D,Slave,KE705,2025-11-21 18:45:00,2025-11-21 19:34:00,출발,I
일본항공,NRT,JL5206,P03,220,A B C D,Slave,KE705,2025-11-21 18:45:00,2025-11-21 19:34:00,출발,I
버진 애트란틱항공,NRT,VS5503,P03,220,A B C D,Slave,KE705,2025-11-21 18:45:00,2025-11-21 19:34:00,출발,I
에어 프랑스,NRT,AF5376,P03,220,A B C D,Slave,KE705,2025-11-21 18:45:00,2025-11-21 19:34:00,출발,I
에어로케이항공,KIX,RF314,P02,109,K24-K27,Master,RF314,2025-11-21 19:25:00,2025-11-21 19:20:00,출발,I
아시아나항공,HKG,OZ745,P01,23,A03-C34,Master,OZ745,2025-11-21 19:25:00,2025-11-21 19:29:00,출발,I
홍콩항공,HKG,HX1565,P01,23,A03-C34,Slave,OZ745,2025-11-21 19:25:00,2025-11-21 19:29:00,출발,I
유나이티드항공,HKG,UA7308,P01,23,A03-C34,Slave,OZ745,2025-11-21 19:25:00,2025-11-21 19:29:00,출발,I
델타항공,ATL,DL026,P03,265,K21-L15,Master,DL026,2025-11-21 19:25:00,2025-11-21 19:23:00,출발,I
대한항공,ATL,KE5035,P03,265,K21-L15,Slave,DL026,2025-11-21 19:25:00,2025-11-21 19:23:00,출발,I
아시아나항공,SGN,OZ735,P01,9,A03-C34,Master,OZ735,2025-11-21 19:25:00,2025-11-21 19:25:00,출발,I
에어캐나다,SGN,AC6982,P01,9,A03-C34,Slave,OZ735,2025-11-21 19:25:00,2025-11-21 19:25:00,출발,I
에티하드 항공,SGN,EY8464,P01,9,A03-C34,Slave,OZ735,2025-11-21 19:25:00,2025-11-21 19:25:00,출발,I
아시아나항공,HAN,OZ733,P01,15,A03-C34,Master,OZ733,2025-11-21 19:30:00,2025-11-21 19:36:00,출발,I
에어캐나다,HAN,AC6984,P01,15,A03-C34,Slave,OZ733,2025-11-21 19:30:00,2025-11-21 19:36:00,출발,I
유나이티드항공,HAN,UA7314,P01,15,A03-C34,Slave,OZ733,2025-11-21 19:30:00,2025-11-21 19:36:00,출발,I
델타항공,MSP,DL170,P03,278,K21-L15,Master,DL170,2025-11-21 19:30:00,2025-11-21 19:43:00,출발,I
대한항공,MSP,KE5033,P03,278,K21-L15,Slave,DL170,2025-11-21 19:30:00,2025-11-21 19:43:00,출발,I
에어캐나다,YVR,AC064,P01,30,E10-E16,Master,AC064,2025-11-21 18:55:00,2025-11-21 19:38:00,출발,I
아시아나항공,YVR,OZ6102,P01,30,E10-E16,Slave,AC064,2025-11-21 18:55:00,2025-11-21 19:38:00,출발,I
싱가포르항공,YVR,SQ1002,P01,30,E10-E16,Slave,AC064,2025-11-21 18:55:00,2025-11-21 19:38:00,출발,I
제주항공,BKK,7C2503,P01,34,L13-L36,Master,7C2503,2025-11-21 19:30:00,2025-11-21 19:37:00,출발,I
아시아나항공,KTI,OZ739,P01,11,A03-C34,Master,OZ739,2025-11-21 19:35:00,2025-11-21 19:43:00,출발,I
유나이티드항공,KTI,UA7300,P01,11,A03-C34,Slave,OZ739,2025-11-21 19:35:00,2025-11-21 19:43:00,출발,I
캐세이퍼시픽항공,HKG,CX419,P01,49,J01-J08,Master,CX419,2025-11-21 19:35:00,2025-11-21 19:42:00,출발,I
아메리칸항공,HKG,AA8912,P01,49,J01-J08,Slave,CX419,2025-11-21 19:35:00,2025-11-21 19:42:00,출발,I
카타르항공,HKG,QR5845,P01,49,J01-J08,Slave,CX419,2025-11-21 19:35:00,2025-11-21 19:42:00,출발,I
대한항공,LAX,KE011,P03,232,A B C D,Master,KE011,2025-11-21 19:40:00,2025-11-21 19:43:00,출발,I
아에로멕시코,LAX,AM6704,P03,232,A B C D,Slave,KE011,2025-11-21 19:40:00,2025-11-21 19:43:00,출발,I
델타항공,LAX,DL7833,P03,232,A B C D,Slave,KE011,2025-11-21 19:40:00,2025-11-21 19:43:00,출발,I
란항공,LAX,LA8426,P03,232,A B C D,Slave,KE011,2025-11-21 19:40:00,2025-11-21 19:43:00,출발,I
델타항공,SLC,DL172,P03,252,K21-L15,Master,DL172,2025-11-21 19:40:00,2025-11-21 19:37:00,출발,I
대한항공,SLC,KE5023,P03,252,K21-L15,Slave,DL172,2025-11-21 19:40:00,2025-11-21 19:37:00,출발,I
대한항공,GUM,KE8425,P03,222,A B C D,Master,KE8425,2025-11-21 19:45:00,2025-11-21 19:44:00,출발,I
에바항공,TPE,BR159,P01,33,D19-D27,Master,BR159,2025-11-21 19:45:00,2025-11-21 19:48:00,출발,I
유니항공,TPE,B77025,P01,33,D19-D27,Slave,BR159,2025-11-21 19:45:00,2025-11-21 19:48:00,출발,I
아시아나항공,TPE,OZ6871,P01,33,D19-D27,Slave,BR159,2025-11-21 19:45:00,2025-11-21 19:48:00,출발,I
에어캐나다,TPE,AC6534,P01,33,D19-D27,Slave,BR159,2025-11-21 19:45:00,2025-11-21 19:48:00,출발,I
에어 뉴질랜드,TPE,NZ4925,P01,33,D19-D27,Slave,BR159,2025-11-21 19:45:00,2025-11-21 19:48:00,출발,I
타이항공,TPE,TG6393,P01,33,D19-D27,Slave,BR159,2025-11-21 19:45:00,2025-11-21 19:48:00,출발,I
티웨이항공,BKK,TW101,P02,111,F19-G14,Master,TW101,2025-11-21 19:50:00,2025-11-21 19:54:00,출발,I
대한항공,SGN,KE479,P03,219,A B C D,Master,KE479,2025-11-21 19:35:00,2025-11-21 20:07:00,출발,I
델타항공,SGN,DL7919,P03,219,A B C D,Slave,KE479,2025-11-21 19:35:00,2025-11-21 20:07:00,출발,I
베트남항공,SGN,VN3407,P03,219,A B C D,Slave,KE479,2025-11-21 19:35:00,2025-11-21 20:07:00,출발,I
대한항공,PUS,KE1409,P03,246,-,Master,KE1409,2025-11-21 19:35:00,2025-11-21 19:59:00,출발,D
델타항공,PUS,DL7887,P03,246,-,Slave,KE1409,2025-11-21 19:35:00,2025-11-21 19:59:00,출발,D
KLM네덜란드항공,PUS,KL3396,P03,246,-,Slave,KE1409,2025-11-21 19:35:00,2025-11-21 19:59:00,출발,D
에어 프랑스,PUS,AF5391,P03,246,-,Slave,KE1409,2025-11-21 19:35:00,2025-11-21 19:59:00,출발,D
진에어,CXR,LJ087,P03,255,G17-H40,Master,LJ087,2025-11-21 19:40:00,2025-11-21 19:56:00,출발,I
대한항공,BKK,KE653,P03,261,A B C D,Master,KE653,2025-11-21 19:05:00,2025-11-21 20:02:00,출발,I
델타항공,BKK,DL7825,P03,261,A B C D,Slave,KE653,2025-11-21 19:05:00,2025-11-21 20:02:00,출발,I
케냐항공,BKK,KQ5159,P03,261,A B C D,Slave,KE653,2025-11-21 19:05:00,2025-11-21 20:02:00,출발,I
대한항공,JFK,KE085,P03,233,A B C D,Master,KE085,2025-11-21 19:30:00,2025-11-21 19:59:00,출발,I
델타항공,JFK,DL7843,P03,233,A B C D,Slave,KE085,2025-11-21 19:30:00,2025-11-21 19:59:00,출발,I
진에어,GUM,LJ917,P03,243,G17-H40,Master,LJ917,2025-11-21 19:55:00,2025-11-21 19:52:00,출발,I
아시아나항공,SYD,OZ601,P01,17,A03-C34,Master,OZ601,2025-11-21 20:00:00,2025-11-21 20:15:00,출발,I
에티하드 항공,SYD,EY8462,P01,17,A03-C34,Slave,OZ601,2025-11-21 20:00:00,2025-11-21 20:15:00,출발,I
터키항공,SYD,TK8096,P01,17,A03-C34,Slave,OZ601,2025-11-21 20:00:00,2025-11-21 20:15:00,출발,I
대한항공,HKG,KE2011,P03,266,A B C D,Master,KE2011,2025-11-21 20:00:00,2025-11-21 20:09:00,출발,I
델타항공,HKG,DL7773,P03,266,A B C D,Slave,KE2011,2025-11-21 20:00:00,2025-11-21 20:09:00,출발,I
웨스트젯,HKG,WS6035,P03,266,A B C D,Slave,KE2011,2025-11-21 20:00:00,2025-11-21 20:09:00,출발,I
버진 애트란틱항공,HKG,VS5515,P03,266,A B C D,Slave,KE2011,2025-11-21 20:00:00,2025-11-21 20:09:00,출발,I
에어서울,GUM,RS101,P03,279,E01-E10,Master,RS101,2025-11-21 19:45:00,2025-11-21 20:03:00,출발,I
에어서울,CXR,RS527,P03,281,E01-E10,Master,RS527,2025-11-21 20:00:00,2025-11-21 20:20:00,출발,I
아시아나항공,PVG,OZ367,P01,8,A03-C34,Master,OZ367,2025-11-21 20:00:00,2025-11-21 20:01:00,출발,I
길상항공,PVG,HO3109,P01,8,A03-C34,Slave,OZ367,2025-11-21 20:00:00,2025-11-21 20:01:00,출발,I
샤먼항공,FOC,MF878,P03,250,J22-J26,Master,MF878,2025-11-21 20:05:00,2025-11-21 19:53:00,출발,I
델타항공,SEA,DL196,P03,253,K21-L15,Master,DL196,2025-11-21 20:05:00,2025-11-21 19:57:00,출발,I
대한항공,SEA,KE5019,P03,253,K21-L15,Slave,DL196,2025-11-21 20:05:00,2025-11-21 19:57:00,출발,I
대한항공,MNL,KE625,P03,260,A B C D,Master,KE625,2025-11-21 20:05:00,2025-11-21 20:20:00,출발,I
티웨이항공,CXR,TW033,P02,115,F19-G14,Master,TW033,2025-11-21 20:10:00,2025-11-21 20:47:00,출발,I
중화항공,TPE,CI163,P03,256,J09-J15,Master,CI163,2025-11-21 20:15:00,2025-11-21 20:50:00,출발,I
대한항공,TPE,KE5693,P03,256,J09-J15,Slave,CI163,2025-11-21 20:15:00,2025-11-21 20:50:00,출발,I
델타항공,TPE,DL7720,P03,256,J09-J15,Slave,CI163,2025-11-21 20:15:00,2025-11-21 20:50:00,출발,I
하와이안 항공,TPE,HA2573,P03,256,J09-J15,Slave,CI163,2025-11-21 20:15:00,2025-11-21 20:50:00,출발,I
아시아나항공,HNL,OZ232,P01,21,A03-C34,Master,OZ232,2025-11-21 20:20:00,2025-11-21 20:25:00,출발,I
싱가포르항공,HNL,SQ5732,P01,21,A03-C34,Slave,OZ232,2025-11-21 20:20:00,2025-11-21 20:25:00,출발,I
타이항공,HNL,TG6733,P01,21,A03-C34,Slave,OZ232,2025-11-21 20:20:00,2025-11-21 20:25:00,출발,I
제주항공,CEB,7C2113,P01,35,L13-L36,Master,7C2113,2025-11-21 20:20:00,2025-11-21 20:19:00,출발,I
대한항공,BKK,KE659,P03,221,A B C D,Master,KE659,2025-11-21 20:35:00,2025-11-21 20:38:00,출발,I
델타항공,BKK,DL7917,P03,221,A B C D,Slave,KE659,2025-11-21 20:35:00,2025-11-21 20:38:00,출발,I
하와이안 항공,BKK,HA6011,P03,221,A B C D,Slave,KE659,2025-11-21 20:35:00,2025-11-21 20:38:00,출발,I
대한항공,HNL,KE053,P03,242,A B C D,Master,KE053,2025-11-21 20:35:00,2025-11-21 20:41:00,출발,I
델타항공,HNL,DL7939,P03,242,A B C D,Slave,KE053,2025-11-21 20:35:00,2025-11-21 20:41:00,출발,I
하와이안 항공,HNL,HA6019,P03,242,A B C D,Slave,KE053,2025-11-21 20:35:00,2025-11-21 20:41:00,출발,I
필리핀항공,MNL,PR403,P01,32,M23-M35,Master,PR403,2025-11-21 20:35:00,2025-11-21 20:26:00,출발,I
제주항공,VTE,7C2401,P01,37,L13-L36,Master,7C2401,2025-11-21 20:35:00,2025-11-21 20:36:00,출발,I
알래스카 항공,SEA,AS872,P01,39,D01-D15,Master,AS872,2025-11-21 20:35:00,2025-11-21 20:45:00,출발,I
하와이안 항공,SEA,HA872,P01,39,D01-D15,Slave,AS872,2025-11-21 20:35:00,2025-11-21 20:45:00,출발,I
중국남방항공,HRB,CZ684,P02,131,E19-E36,Master,CZ684,2025-11-21 20:40:00,2025-11-21 20:34:00,출발,I
대한항공,BNE,KE407,P03,268,A B C D,Master,KE407,2025-11-21 19:40:00,2025-11-21 20:41:00,출발,I
에어 프랑스,BNE,AF7880,P03,268,A B C D,Slave,KE407,2025-11-21 19:40:00,2025-11-21 20:41:00,출발,I
KLM네덜란드항공,BNE,KL9162,P03,268,A B C D,Slave,KE407,2025-11-21 19:40:00,2025-11-21 20:41:00,출발,I
몽골항공,BNE,OM6531,P03,268,A B C D,Slave,KE407,2025-11-21 19:40:00,2025-11-21 20:41:00,출발,I
버진 애트란틱항공,BNE,VS5525,P03,268,A B C D,Slave,KE407,2025-11-21 19:40:00,2025-11-21 20:41:00,출발,I
이스타항공,CXR,ZE561,P02,104,H24-J25,Master,ZE561,2025-11-21 20:50:00,2025-11-21 21:14:00,출발,I
중국동방항공,NKG,MU2922,P02,117,H11-H18,Master,MU2922,2025-11-21 20:50:00,2025-11-21 20:37:00,출발,I
대한항공,NKG,KE5895,P02,117,H11-H18,Slave,MU2922,2025-11-21 20:50:00,2025-11-21 20:37:00,출발,I
대한항공,PEK,KE863,P03,218,A B C D,Master,KE863,2025-11-21 20:50:00,2025-11-21 20:51:00,출발,I
샤먼항공,PEK,MF9096,P03,218,A B C D,Slave,KE863,2025-11-21 20:50:00,2025-11-21 20:51:00,출발,I
대한항공,BKK,KE655,P03,264,A B C D,Master,KE655,2025-11-21 20:50:00,2025-11-21 20:53:00,출발,I
델타항공,BKK,DL7921,P03,264,A B C D,Slave,KE655,2025-11-21 20:50:00,2025-11-21 20:53:00,출발,I
웨스트젯,BKK,WS6078,P03,264,A B C D,Slave,KE655,2025-11-21 20:50:00,2025-11-21 20:53:00,출발,I
이스타항공,DAD,ZE593,P02,103,H24-J25,Master,ZE593,2025-11-21 20:55:00,2025-11-21 20:59:00,출발,I
아시아나항공,LAX,OZ204,P01,10,A03-C34,Master,OZ204,2025-11-21 20:40:00,2025-11-21 21:01:00,출발,I
코파항공,LAX,CM8001,P01,10,A03-C34,Slave,OZ204,2025-11-21 20:40:00,2025-11-21 21:01:00,출발,I
싱가포르항공,LAX,SQ5704,P01,10,A03-C34,Slave,OZ204,2025-11-21 20:40:00,2025-11-21 21:01:00,출발,I
타이항공,LAX,TG6743,P01,10,A03-C34,Slave,OZ204,2025-11-21 20:40:00,2025-11-21 21:01:00,출발,I
유나이티드항공,LAX,UA7287,P01,10,A03-C34,Slave,OZ204,2025-11-21 20:40:00,2025-11-21 21:01:00,출발,I
아시아나항공,SFO,OZ212,P01,14,A03-C34,Master,OZ212,2025-11-21 20:50:00,2025-11-21 21:10:00,출발,I
싱가포르항공,SFO,SQ5712,P01,14,A03-C34,Slave,OZ212,2025-11-21 20:50:00,2025-11-21 21:10:00,출발,I
타이항공,SFO,TG6747,P01,14,A03-C34,Slave,OZ212,2025-11-21 20:50:00,2025-11-21 21:10:00,출발,I
유나이티드항공,SFO,UA7289,P01,14,A03-C34,Slave,OZ212,2025-11-21 20:50:00,2025-11-21 21:10:00,출발,I
대한항공,HND,KE751,P03,235,A B C D,Master,KE751,2025-11-21 20:40:00,2025-11-21 20:56:00,출발,I
버진 애트란틱항공,HND,VS5529,P03,235,A B C D,Slave,KE751,2025-11-21 20:40:00,2025-11-21 20:56:00,출발,I
에어 프랑스,HND,AF5366,P03,235,A B C D,Slave,KE751,2025-11-21 20:40:00,2025-11-21 20:56:00,출발,I
일본항공,HND,JL5256,P03,235,A B C D,Slave,KE751,2025-11-21 20:40:00,2025-11-21 20:56:00,출발,I
대한항공,LAS,KE005,P03,248,A B C D,Master,KE005,2025-11-21 21:00:00,2025-11-21 20:52:00,출발,I
델타항공,LAS,DL7831,P03,248,A B C D,Slave,KE005,2025-11-21 21:00:00,2025-11-21 20:52:00,출발,I
아시아나항공,CAN,OZ357,P01,7,A03-C34,Master,OZ357,2025-11-21 21:00:00,2025-11-21 21:09:00,출발,I
심천항공,CAN,ZH3292,P01,7,A03-C34,Slave,OZ357,2025-11-21 21:00:00,2025-11-21 21:09:00,출발,I
중국남방항공,PVG,CZ370,P02,127,E19-E36,Master,CZ370,2025-11-21 21:05:00,2025-11-21 20:54:00,출발,I
아시아나항공,CEB,OZ709,P01,18,A03-C34,Master,OZ709,2025-11-21 21:10:00,2025-11-21 21:09:00,출발,I
산동항공,TAO,SC4618,P01,45,N01-N15,Master,SC4618,2025-11-21 21:10:00,2025-11-21 21:06:00,출발,I
중국국제항공,TAO,CA8880,P01,45,N01-N15,Slave,SC4618,2025-11-21 21:10:00,2025-11-21 21:06:00,출발,I
아시아나항공,TAO,OZ6707,P01,45,N01-N15,Slave,SC4618,2025-11-21 21:10:00,2025-11-21 21:06:00,출발,I
피치항공,KIX,MM710,P02,110,K19-K24,Master,MM710,2025-11-21 21:00:00,2025-11-21 21:23:00,출발,I
비엣젯항공,SGN,VJ861,P02,123,E06-E18,Master,VJ861,2025-11-21 21:15:00,2025-11-21 21:51:00,출발,I
에어서울,DAD,RS511,P03,279,E01-E10,Master,RS511,2025-11-21 20:55:00,2025-11-21 21:21:00,출발,I
티웨이항공,DAD,TW013,P02,122,F19-G14,Master,TW013,2025-11-21 20:20:00,2025-11-21 21:27:00,출발,I
아시아나항공,CSX,OZ321,P01,6,A03-C34,Master,OZ321,2025-11-21 21:05:00,2025-11-21 21:22:00,출발,I
제주항공,CRK,7C2107,P02,126,L13-L36,Master,7C2107,2025-11-21 21:25:00,2025-11-21 21:25:00,출발,I
알래스카 항공,HNL,AS860,P01,48,D01-D15,Master,AS860,2025-11-21 21:25:00,2025-11-21 21:38:00,출발,I
하와이안 항공,HNL,HA860,P01,48,D01-D15,Slave,AS860,2025-11-21 21:25:00,2025-11-21 21:38:00,출발,I
아시아나항공,CRK,OZ707,P01,11,A03-C34,Master,OZ707,2025-11-21 21:30:00,2025-11-21 21:45:00,출발,I
아시아나항공,HND,OZ178,P01,24,A03-C34,Master,OZ178,2025-11-21 21:30:00,2025-11-21 21:31:00,출발,I
전일본공수,HND,NH6896,P01,24,A03-C34,Slave,OZ178,2025-11-21 21:30:00,2025-11-21 21:31:00,출발,I
세부퍼시픽항공,CEB,5J131,P02,114,M19-M24,Master,5J131,2025-11-21 21:35:00,2025-11-21 21:27:00,출발,I
진에어,CRK,LJ037,P03,252,G17-H40,Master,LJ037,2025-11-21 21:35:00,2025-11-21 21:36:00,출발,I
대한항공,CRK,KE5763,P03,252,G17-H40,Slave,LJ037,2025-11-21 21:35:00,2025-11-21 21:36:00,출발,I
에어부산,TAG,BX7135,P03,278,E11-E20,Master,BX7135,2025-11-21 21:35:00,2025-11-21 21:32:00,출발,I
북경수도항공,SYX,JD378,P01,42,H19-H22,Master,JD378,2025-11-21 21:35:00,2025-11-21 21:21:00,출발,I
티웨이항공,SYD,TW501,P02,112,F19-G14,Master,TW501,2025-11-21 21:40:00,2025-11-21 21:41:00,출발,I
산동항공,YNT,SC7684,P01,28,N01-N15,Master,SC7684,2025-11-21 21:45:00,2025-11-21 21:36:00,출발,I
아시아나항공,YNT,OZ6719,P01,28,N01-N15,Slave,SC7684,2025-11-21 21:45:00,2025-11-21 21:36:00,출발,I
중국국제항공,YNT,CA8877,P01,28,N01-N15,Slave,SC7684,2025-11-21 21:45:00,2025-11-21 21:36:00,출발,I
홍콩익스프레스,HKG,UO627,P02,111,K29-K34,Master,UO627,2025-11-21 21:50:00,2025-11-21 21:44:00,출발,I
중국남방항공,SHE,CZ672,P02,132,E19-E36,Master,CZ672,2025-11-21 21:50:00,2025-11-21 21:48:00,출발,I
제주항공,CXR,7C2303,P01,38,L13-L36,Master,7C2303,2025-11-21 21:50:00,2025-11-21 22:06:00,출발,I
에어프레미아,EWR,YP131,P01,31,K01-K16,Master,YP131,2025-11-21 21:55:00,2025-11-21 21:50:00,출발,I
산동항공,TNA,SC8004,P01,32,N01-N15,Master,SC8004,2025-11-21 22:05:00,2025-11-21 21:56:00,출발,I
중국국제항공,TNA,CA8876,P01,32,N01-N15,Slave,SC8004,2025-11-21 22:05:00,2025-11-21 21:56:00,출발,I
아시아나항공,TNA,OZ6705,P01,32,N01-N15,Slave,SC8004,2025-11-21 22:05:00,2025-11-21 21:56:00,출발,I
사천항공,DYG,3U3708,P01,47,M05-M09,Master,3U3708,2025-11-21 22:05:00,2025-11-21 21:56:00,출발,I
중국해남항공,HAK,HU450,P01,12,E01-E04,Master,HU450,2025-11-21 22:10:00,2025-11-21 22:00:00,출발,I
산동항공,TAO,SC4620,P01,46,N01-N15,Master,SC4620,2025-11-21 22:10:00,2025-11-21 22:09:00,출발,I
중국국제항공,TAO,CA8882,P01,46,N01-N15,Slave,SC4620,2025-11-21 22:10:00,2025-11-21 22:09:00,출발,I
아시아나항공,TAO,OZ6703,P01,46,N01-N15,Slave,SC4620,2025-11-21 22:10:00,2025-11-21 22:09:00,출발,I
에어프레미아,LAX,YP103,P01,27,K01-K16,Master,YP103,2025-11-21 22:20:00,2025-11-21 22:20:00,출발,I
에미레이트항공,DXB,EK325,P01,41,J01-J16,Master,EK325,2025-11-21 22:20:00,2025-11-21 22:15:00,출발,I
비엣젯항공,DAD,VJ875,P02,125,E06-E18,Master,VJ875,2025-11-21 22:40:00,2025-11-21 22:57:00,출발,I
중국남방항공,CGO,CZ6010,P02,131,E19-E36,Master,CZ6010,2025-11-21 22:45:00,2025-11-21 22:48:00,출발,I
피치항공,HND,MM808,P02,117,K19-K24,Master,MM808,2025-11-21 22:50:00,2025-11-21 22:57:00,출발,I
에어프레미아,HNL,YP151,P01,33,K01-K16,Master,YP151,2025-11-21 22:50:00,2025-11-21 23:03:00,출발,I
대한항공,YVR,KE075,P03,224,A B C D,Master,KE075,2025-11-21 22:55:00,2025-11-21 22:49:00,출발,I
웨스트젯,YVR,WS6059,P03,224,A B C D,Slave,KE075,2025-11-21 22:55:00,2025-11-21 22:49:00,출발,I
스쿠트 항공,SIN,TR897,P02,107,D09-D16,Master,TR897,2025-11-21 23:00:00,2025-11-21 23:18:00,출발,I
핀에어,HEL,AY042,P01,50,M27-M34,Master,AY042,2025-11-21 23:00:00,2025-11-21 22:57:00,출발,I
KLM네덜란드항공,AMS,KL856,P03,,M01-M05,Master,KL856,2025-11-21 23:05:00,2025-11-21 23:05:00,결항,I
대한항공,AMS,KE5925,P03,,M01-M05,Slave,KL856,2025-11-21 23:05:00,2025-11-21 23:05:00,결항,I
에어 프랑스,AMS,AF3112,P03,,M01-M05,Slave,KL856,2025-11-21 23:05:00,2025-11-21 23:05:00,결항,I
대한항공,SIN,KE647,P03,247,A B C D,Master,KE647,2025-11-21 23:15:00,2025-11-21 23:16:00,출발,I
델타항공,SIN,DL7823,P03,247,A B C D,Slave,KE647,2025-11-21 23:15:00,2025-11-21 23:16:00,출발,I
스리랑카항공,SIN,UL3815,P03,247,A B C D,Slave,KE647,2025-11-21 23:15:00,2025-11-21 23:16:00,출발,I
웨스트젯,SIN,WS6065,P03,247,A B C D,Slave,KE647,2025-11-21 23:15:00,2025-11-21 23:16:00,출발,I
싱가포르항공,SIN,SQ605,P01,39,F01-F08,Master,SQ605,2025-11-21 23:15:00,2025-11-21 23:37:00,출발,I
에어캐나다,SIN,AC5880,P01,39,F01-F08,Slave,SQ605,2025-11-21 23:15:00,2025-11-21 23:37:00,출발,I
에어인디아 리미티드,SIN,AI8169,P01,39,F01-F08,Slave,SQ605,2025-11-21 23:15:00,2025-11-21 23:37:00,출발,I
아시아나항공,SIN,OZ6783,P01,39,F01-F08,Slave,SQ605,2025-11-21 23:15:00,2025-11-21 23:37:00,출발,I
버진 오스트레일리아,SIN,VA5675,P01,39,F01-F08,Slave,SQ605,2025-11-21 23:15:00,2025-11-21 23:37:00,출발,I
청도항공,TAO,QW9902,P01,24,M12-M16,Master,QW9902,2025-11-21 23:20:00,2025-11-21 23:12:00,출발,I
젯스타,SYD,JQ1048,P02,109,H19-H26,Master,JQ1048,2025-11-21 23:35:00,2025-11-21 23:35:00,출발,I
핀에어,SYD,AY6439,P02,109,H19-H26,Slave,JQ1048,2025-11-21 23:35:00,2025-11-21 23:35:00,출발,I
콴타스항공,SYD,QF5508,P02,109,H19-H26,Slave,JQ1048,2025-11-21 23:35:00,2025-11-21 23:35:00,출발,I
에미레이트항공,DXB,EK323,P01,43,J01-J16,Master,EK323,2025-11-21 23:40:00,2025-11-21 23:39:00,출발,I
대한항공,DXB,KE5951,P01,43,J01-J16,Slave,EK323,2025-11-21 23:40:00,2025-11-21 23:39:00,출발,I
에티오피아항공,ADD,ET673,P01,12,F09-F17,Master,ET673,2025-11-22 00:05:00,2025-11-22 00:36:00,출발,I
아시아나항공,ADD,OZ9760,P01,12,F09-F17,Slave,ET673,2025-11-22 00:05:00,2025-11-22 00:36:00,출발,I
전일본공수,ADD,NH5341,P01,12,F09-F17,Slave,ET673,2025-11-22 00:05:00,2025-11-22 00:36:00,출발,I
르완다에어,ADD,WB1217,P01,12,F09-F17,Slave,ET673,2025-11-22 00:05:00,2025-11-22 00:36:00,출발,I
몽골항공,UBN,OM308Y,P01,14,K30-K34,Master,OM308Y,2025-11-22 00:05:00,2025-11-21 23:56:00,출발,I
스칸디나비아항공,CPH,SK988,P03,276,K21-K29,Master,SK988,2025-11-22 00:05:00,2025-11-21 23:40:00,출발,I
에티하드 항공,AUH,EY827,P01,30,J26-J35,Master,EY827,2025-11-22 00:05:00,2025-11-21 23:40:00,출발,I
이집트항공,AUH,MS8413,P01,30,J26-J35,Slave,EY827,2025-11-22 00:05:00,2025-11-21 23:40:00,출발,I
오만항공,AUH,WY5127,P01,30,J26-J35,Slave,EY827,2025-11-22 00:05:00,2025-11-21 23:40:00,출발,I
플라이나스,AUH,XY3859,P01,30,J26-J35,Slave,EY827,2025-11-22 00:05:00,2025-11-21 23:40:00,출발,I
로얄 요르단 항공,AUH,RJ3632,P01,30,J26-J35,Slave,EY827,2025-11-22 00:05:00,2025-11-21 23:40:00,출발,I
아시아나항공,AUH,OZ6968,P01,30,J26-J35,Slave,EY827,2025-11-22 00:05:00,2025-11-21 23:40:00,출발,I
말레이시아 항공,KUL,MH039,P01,23,M20-M25,Master,MH039,2025-11-22 00:10:00,2025-11-22 00:08:00,출발,I
카타르항공,KUL,QR4497,P01,23,M20-M25,Slave,MH039,2025-11-22 00:10:00,2025-11-22 00:08:00,출발,I
터키항공,IST,TK091,P01,40,D26-D36,Master,TK091,2025-11-22 00:10:00,2025-11-21 23:59:00,출발,I
아시아나항공,IST,OZ6931,P01,40,D26-D36,Slave,TK091,2025-11-22 00:10:00,2025-11-21 23:59:00,출발,I
카타르항공,DOH,QR859,P01,31,H05-H18,Master,QR859,2025-11-22 00:20:00,2025-11-22 00:38:00,출발,I
르완다에어,DOH,WB1570,P01,31,H05-H18,Slave,QR859,2025-11-22 00:20:00,2025-11-22 00:38:00,출발,I
이베리아항공,DOH,IB6329,P01,31,H05-H18,Slave,QR859,2025-11-22 00:20:00,2025-11-22 00:38:00,출발,I
영국항공,DOH,BA2293,P01,31,H05-H18,Slave,QR859,2025-11-22 00:20:00,2025-11-22 00:38:00,출발,I
란항공,DOH,LA6037,P01,31,H05-H18,Slave,QR859,2025-11-22 00:20:00,2025-11-22 00:38:00,출발,I
로얄 에어 모로코,DOH,AT5713,P01,31,H05-H18,Slave,QR859,2025-11-22 00:20:00,2025-11-22 00:38:00,출발,I
아시아나항공,DOH,OZ6889,P01,31,H05-H18,Slave,QR859,2025-11-22 00:20:00,2025-11-22 00:38:00,출발,I
이스타항공,PVG,ZE871,P02,103,H31-H36,Master,ZE871,2025-11-22 00:30:00,2025-11-22 00:30:00,출발,I
타이거에어 타이완,TPE,IT603,P02,111,M01-M05,Master,IT603,2025-11-22 00:30:00,2025-11-22 00:28:00,출발,I
비엣젯항공,PQC,VJ975,P02,105,E06-E18,Master,VJ975,2025-11-22 01:45:00,2025-11-22 01:33:00,출발,I
세부퍼시픽항공,MNL,5J187,P02,110,M27-M34,Master,5J187,2025-11-22 02:15:00,2025-11-22 02:19:00,출발,I
홍콩익스프레스,HKG,UO615,P02,111,K29-K34,Master,UO615,2025-11-22 02:20:00,2025-11-22 02:17:00,출발,I
캐세이퍼시픽항공,HKG,CX5615,P02,111,K29-K34,Slave,UO615,2025-11-22 02:20:00,2025-11-22 02:17:00,출발,I
비엣젯항공,PQC,VJ979,P02,107,E06-E18,Master,VJ979,2025-11-22 02:20:00,2025-11-22 03:09:00,출발,I
비엣젯항공,PQC,VJ977,P02,105,E12-E36,Master,VJ977,2025-11-22 05:00:00,2025-11-22 05:09:00,출발,I
베트남항공,CXR,VN441,P02,112,D12-D16,Master,VN441,2025-11-22 06:15:00,2025-11-22 06:27:00,출발,I
대한항공,CXR,KE5679,P02,112,D12-D16,Slave,VN441,2025-11-22 06:15:00,2025-11-22 06:27:00,출발,I
비엣젯항공,CXR,VJ837,P02,103,E12-E36,Master,VJ837,2025-11-22 06:20:00,2025-11-22 06:43:00,출발,I
에어로케이항공,KIX,RF316,P02,113,K24-K27,Master,RF316,2025-11-22 06:20:00,2025-11-22 06:27:00,출발,I
바틱 에어 말레이시아,BKI,OD823,P01,35,J27-J30,Master,OD823,2025-11-22 06:20:00,2025-11-22 06:24:00,출발,I
제주항공,FUK,7C1401,P01,45,L13-L36,Master,7C1401,2025-11-22 06:30:00,2025-11-22 06:36:00,출발,I
이스타항공,YNT,ZE817,P02,101,H24-J25,Master,ZE817,2025-11-22 06:45:00,2025-11-22 06:47:00,출발,I
비엣젯항공,CXR,VJ835,P02,117,E12-E36,Master,VJ835,2025-11-22 06:45:00,2025-11-22 06:59:00,출발,I
중국동방항공,YNT,MU5050,P02,129,H01-H18,Master,MU5050,2025-11-22 06:50:00,2025-11-22 07:04:00,출발,I
대한항공,YNT,KE5845,P02,129,H01-H18,Slave,MU5050,2025-11-22 06:50:00,2025-11-22 07:04:00,출발,I
진에어,FUK,LJ261,P03,265,G17-H40,Master,LJ261,2025-11-22 06:50:00,2025-11-22 06:57:00,출발,I
세부퍼시픽항공,MNL,5J185,P02,107,M19-M24,Master,5J185,2025-11-22 07:00:00,2025-11-22 07:01:00,출발,I
에어아시아 버하드,BKI,AK1624,P02,123,J01-J05,Master,AK1624,2025-11-22 07:00:00,2025-11-22 07:03:00,출발,I
비엣젯항공,DAD,VJ879,P02,125,E12-E36,Master,VJ879,2025-11-22 07:00:00,2025-11-22 06:58:00,출발,I
제주항공,MYJ,7C1721,P01,20,L13-L36,Master,7C1721,2025-11-22 07:00:00,2025-11-22 06:58:00,출발,I
대한항공,PUS,KE1401,P03,220,-,Master,KE1401,2025-11-22 07:00:00,2025-11-22 07:00:00,출발,D
델타항공,PUS,DL7855,P03,220,-,Slave,KE1401,2025-11-22 07:00:00,2025-11-22 07:00:00,출발,D
제주항공,KIX,7C1301,P01,36,L13-L36,Master,7C1301,2025-11-22 07:00:00,2025-11-22 07:01:00,출발,I
필리핀항공,CEB,PR487,P01,47,M25-M36,Master,PR487,2025-11-22 07:05:00,2025-11-22 07:17:00,출발,I
제주항공,FSZ,7C1601,P02,108,L13-L36,Master,7C1601,2025-11-22 07:10:00,2025-11-22 07:09:00,출발,I
아시아나항공,KIX,OZ112,P01,17,A03-C35,Master,OZ112,2025-11-22 06:45:00,2025-11-22 07:12:00,출발,I
에티하드 항공,KIX,EY8448,P01,17,A03-C35,Slave,OZ112,2025-11-22 06:45:00,2025-11-22 07:12:00,출발,I
전일본공수,KIX,NH6952,P01,17,A03-C35,Slave,OZ112,2025-11-22 06:45:00,2025-11-22 07:12:00,출발,I
이스타항공,NRT,ZE605,P02,110,H24-J25,Master,ZE605,2025-11-22 07:15:00,2025-11-22 07:21:00,출발,I
에어서울,KIX,RS711,P03,278,E01-E10,Master,RS711,2025-11-22 07:15:00,2025-11-22 07:15:00,출발,I
에어부산,FUK,BX156,P03,280,E11-E20,Master,BX156,2025-11-22 07:15:00,2025-11-22 07:15:00,출발,I
아시아나항공,FUK,OZ9576,P03,280,E11-E20,Slave,BX156,2025-11-22 07:15:00,2025-11-22 07:15:00,출발,I
제주항공,TAG,7C2121,P01,38,L13-L36,Master,7C2121,2025-11-22 07:15:00,2025-11-22 07:11:00,출발,I
에어서울,FUK,RS723,P03,277,E01-E10,Master,RS723,2025-11-22 07:20:00,2025-11-22 07:22:00,출발,I
제주항공,CTS,7C1501,P01,37,L13-L36,Master,7C1501,2025-11-22 07:20:00,2025-11-22 07:19:00,출발,I
중국동방항공,KMG,MU2004,P02,114,H01-H18,Master,MU2004,2025-11-22 07:25:00,2025-11-22 07:20:00,출발,I
대한항공,KMG,KE5855,P02,114,H01-H18,Slave,MU2004,2025-11-22 07:25:00,2025-11-22 07:20:00,출발,I
비엣젯항공,HPH,VJ925,P02,132,E12-E36,Master,VJ925,2025-11-22 07:15:00,2025-11-22 07:28:00,출발,I
진에어,NRT,LJ201,P03,258,G17-H40,Master,LJ201,2025-11-22 07:25:00,2025-11-22 07:28:00,출발,I
대한항공,NRT,KE5741,P03,258,G17-H40,Slave,LJ201,2025-11-22 07:25:00,2025-11-22 07:28:00,출발,I
바틱 에어 말레이시아,KUL,OD821,P01,50,J31-J35,Master,OD821,2025-11-22 06:50:00,2025-11-22 07:48:00,출발,I
피치항공,KIX,MM712,P02,109,K19-K23,Master,MM712,2025-11-22 07:30:00,2025-11-22 07:27:00,출발,I
필리핀항공,MNL,PR401,P01,41,M25-M36,Master,PR401,2025-11-22 07:30:00,2025-11-22 07:57:00,출발,I
아시아나항공,SGN,OZ731,P01,9,A03-C35,Master,OZ731,2025-11-22 07:30:00,2025-11-22 07:39:00,출발,I
에티하드 항공,SGN,EY8474,P01,9,A03-C35,Slave,OZ731,2025-11-22 07:30:00,2025-11-22 07:39:00,출발,I
에어아시아엑스,KUL,D7505,P02,124,J09-J16,Master,D7505,2025-11-22 07:35:00,2025-11-22 08:20:00,출발,I
아시아나항공,MNL,OZ701,P01,21,A03-C35,Master,OZ701,2025-11-22 07:35:00,2025-11-22 07:43:00,출발,I
에어부산,NRT,BX164,P03,279,E11-E20,Master,BX164,2025-11-22 07:35:00,2025-11-22 07:31:00,출발,I
대한항공,MNL,KE621,P03,242,A B C D,Master,KE621,2025-11-22 07:40:00,2025-11-22 07:55:00,출발,I
진에어,NGO,LJ345,P03,243,G17-H40,Master,LJ345,2025-11-22 07:40:00,2025-11-22 07:39:00,출발,I
대한항공,NGO,KE5079,P03,243,G17-H40,Slave,LJ345,2025-11-22 07:40:00,2025-11-22 07:39:00,출발,I
티웨이항공,DAD,TW007,P02,112,F19-F36,Master,TW007,2025-11-22 07:45:00,2025-11-22 07:43:00,출발,I
제주항공,HIJ,7C1615,P02,118,L13-L36,Master,7C1615,2025-11-22 07:45:00,2025-11-22 07:35:00,출발,I
대한항공,UBN,KE2041,P03,236,A B C D,Master,KE2041,2025-11-22 07:45:00,2025-11-22 07:42:00,출발,I
델타항공,UBN,DL7885,P03,236,A B C D,Slave,KE2041,2025-11-22 07:45:00,2025-11-22 07:42:00,출발,I
몽골항공,UBN,OM5302,P03,236,A B C D,Slave,KE2041,2025-11-22 07:45:00,2025-11-22 07:42:00,출발,I
티웨이항공,KMJ,TW287,P02,105,F19-F36,Master,TW287,2025-11-22 07:50:00,2025-11-22 07:51:00,출발,I
대한항공,KMQ,KE2189,P03,238,A B C D,Master,KE2189,2025-11-22 07:50:00,2025-11-22 07:50:00,출발,I
델타항공,KMQ,DL7935,P03,238,A B C D,Slave,KE2189,2025-11-22 07:50:00,2025-11-22 07:50:00,출발,I
일본항공,KMQ,JL5228,P03,238,A B C D,Slave,KE2189,2025-11-22 07:50:00,2025-11-22 07:50:00,출발,I
진에어,RMQ,LJ735,P03,250,G17-H40,Master,LJ735,2025-11-22 07:50:00,2025-11-22 07:50:00,출발,I
대한항공,FUK,KE787,P03,267,A B C D,Master,KE787,2025-11-22 07:50:00,2025-11-22 08:08:00,출발,I
에어 프랑스,FUK,AF7895,P03,267,A B C D,Slave,KE787,2025-11-22 07:50:00,2025-11-22 08:08:00,출발,I
델타항공,FUK,DL7892,P03,267,A B C D,Slave,KE787,2025-11-22 07:50:00,2025-11-22 08:08:00,출발,I
일본항공,FUK,JL5220,P03,267,A B C D,Slave,KE787,2025-11-22 07:50:00,2025-11-22 08:08:00,출발,I
KLM네덜란드항공,FUK,KL4252,P03,267,A B C D,Slave,KE787,2025-11-22 07:50:00,2025-11-22 08:08:00,출발,I
몽골항공,FUK,OM6709,P03,267,A B C D,Slave,KE787,2025-11-22 07:50:00,2025-11-22 08:08:00,출발,I
티웨이항공,KIX,TW301,P02,122,F19-F36,Master,TW301,2025-11-22 07:55:00,2025-11-22 07:57:00,출발,I
대한항공,PEK,KE859,P03,218,A B C D,Master,KE859,2025-11-22 07:55:00,2025-11-22 07:53:00,출발,I
샤먼항공,PEK,MF9100,P03,218,A B C D,Slave,KE859,2025-11-22 07:55:00,2025-11-22 07:53:00,출발,I
아시아나항공,OKA,OZ172,P01,8,A03-C35,Master,OZ172,2025-11-22 07:55:00,2025-11-22 08:15:00,출발,I
전일본공수,OKA,NH6994,P01,8,A03-C35,Slave,OZ172,2025-11-22 07:55:00,2025-11-22 08:15:00,출발,I
대한항공,NGS,KE2191,P03,251,A B C D,Master,KE2191,2025-11-22 08:00:00,2025-11-22 08:06:00,출발,I
델타항공,NGS,DL7907,P03,251,A B C D,Slave,KE2191,2025-11-22 08:00:00,2025-11-22 08:06:00,출발,I
진에어,KIX,LJ231,P03,252,G17-H40,Master,LJ231,2025-11-22 08:00:00,2025-11-22 07:57:00,출발,I
대한항공,KIX,KE5071,P03,252,G17-H40,Slave,LJ231,2025-11-22 08:00:00,2025-11-22 07:57:00,출발,I
진에어,SHI,LJ357,P03,266,G17-H40,Master,LJ357,2025-11-22 08:00:00,2025-11-22 07:57:00,출발,I
대한항공,SHI,KE5097,P03,266,G17-H40,Slave,LJ357,2025-11-22 08:00:00,2025-11-22 07:57:00,출발,I
아시아나항공,TPE,OZ711,P01,40,A03-C35,Master,OZ711,2025-11-22 08:00:00,2025-11-22 08:07:00,출발,I
에바항공,TPE,BR2147,P01,40,A03-C35,Slave,OZ711,2025-11-22 08:00:00,2025-11-22 08:07:00,출발,I
진에어,NRT,LJ217,P03,253,G17-H40,Master,LJ217,2025-11-22 08:05:00,2025-11-22 08:10:00,출발,I
제주항공,KIX,7C1391,P01,34,L13-L36,Master,7C1391,2025-11-22 08:05:00,2025-11-22 08:06:00,출발,I
제주항공,TAO,7C8401,P01,22,L13-L36,Master,7C8401,2025-11-22 08:10:00,2025-11-22 08:05:00,출발,I
아시아나항공,NGO,OZ122,P01,23,A03-C35,Master,OZ122,2025-11-22 08:10:00,2025-11-22 08:10:00,출발,I
에티하드 항공,NGO,EY8457,P01,23,A03-C35,Slave,OZ122,2025-11-22 08:10:00,2025-11-22 08:10:00,출발,I
전일본공수,NGO,NH6964,P01,23,A03-C35,Slave,OZ122,2025-11-22 08:10:00,2025-11-22 08:10:00,출발,I
대한항공,HKG,KE2001,P03,239,A B C D,Master,KE2001,2025-11-22 08:10:00,2025-11-22 08:13:00,출발,I
웨스트젯,HKG,WS6075,P03,239,A B C D,Slave,KE2001,2025-11-22 08:10:00,2025-11-22 08:13:00,출발,I
델타항공,HKG,DL7771,P03,239,A B C D,Slave,KE2001,2025-11-22 08:10:00,2025-11-22 08:13:00,출발,I
제주항공,NRT,7C1101,P01,45,L13-L36,Master,7C1101,2025-11-22 08:10:00,2025-11-22 08:15:00,출발,I
대한항공,SZX,KE835,P03,235,A B C D,Master,KE835,2025-11-22 08:15:00,2025-11-22 08:11:00,출발,I
아시아나항공,PEK,OZ331,P01,11,A03-C35,Master,OZ331,2025-11-22 08:20:00,2025-11-22 08:33:00,출발,I
중국국제항공,PEK,CA5002,P01,11,A03-C35,Slave,OZ331,2025-11-22 08:20:00,2025-11-22 08:33:00,출발,I
아시아나항공,CAN,OZ369,P01,12,A03-C35,Master,OZ369,2025-11-22 08:20:00,2025-11-22 08:24:00,출발,I
심천항공,CAN,ZH3308,P01,12,A03-C35,Slave,OZ369,2025-11-22 08:20:00,2025-11-22 08:24:00,출발,I
에어서울,GUM,RS103,P03,281,E01-E10,Master,RS103,2025-11-22 08:20:00,2025-11-22 08:24:00,출발,I
대한항공,UKB,KE2171,P03,219,A B C D,Master,KE2171,2025-11-22 08:25:00,2025-11-22 08:21:00,출발,I
대한항공,PVG,KE881,P03,275,A B C D,Master,KE881,2025-11-22 08:25:00,2025-11-22 08:26:00,출발,I
중국동방항공,PVG,MU8930,P03,275,A B C D,Slave,KE881,2025-11-22 08:25:00,2025-11-22 08:26:00,출발,I
상하이항공,PVG,FM8752,P03,275,A B C D,Slave,KE881,2025-11-22 08:25:00,2025-11-22 08:26:00,출발,I
샤먼항공,PVG,MF9086,P03,275,A B C D,Slave,KE881,2025-11-22 08:25:00,2025-11-22 08:26:00,출발,I
중국동방항공,TAO,MU2044,P02,130,H01-H18,Master,MU2044,2025-11-22 08:30:00,2025-11-22 08:18:00,출발,I
대한항공,TAO,KE5869,P02,130,H01-H18,Slave,MU2044,2025-11-22 08:30:00,2025-11-22 08:18:00,출발,I
상하이항공,TAO,FM3076,P02,130,H01-H18,Slave,MU2044,2025-11-22 08:30:00,2025-11-22 08:18:00,출발,I
에어마카오,MFM,NX825,P01,47,N01-N05,Master,NX825,2025-11-22 08:30:00,2025-11-22 08:24:00,출발,I
아시아나항공,MFM,OZ6865,P01,47,N01-N05,Slave,NX825,2025-11-22 08:30:00,2025-11-22 08:24:00,출발,I
티웨이항공,NRT,TW241,P02,129,F19-F36,Master,TW241,2025-11-22 08:35:00,2025-11-22 08:35:00,출발,I
진에어,CTS,LJ301,P03,260,G17-H40,Master,LJ301,2025-11-22 08:35:00,2025-11-22 08:35:00,출발,I
대한항공,CTS,KE5061,P03,260,G17-H40,Slave,LJ301,2025-11-22 08:35:00,2025-11-22 08:35:00,출발,I
이스타항공,FUK,ZE645,P02,101,H24-J25,Master,ZE645,2025-11-22 08:40:00,2025-11-22 08:37:00,출발,I
이스타항공,NRT,ZE601,P02,115,H24-J25,Master,ZE601,2025-11-22 08:40:00,2025-11-22 08:37:00,출발,I
대한항공,SHE,KE831,P03,221,A B C D,Master,KE831,2025-11-22 08:45:00,2025-11-22 08:41:00,출발,I
중국동방항공,SHE,MU8962,P03,221,A B C D,Slave,KE831,2025-11-22 08:45:00,2025-11-22 08:41:00,출발,I
대한항공,KOJ,KE2179,P03,234,A B C D,Master,KE2179,2025-11-22 08:45:00,2025-11-22 08:43:00,출발,I
델타항공,KOJ,DL7899,P03,234,A B C D,Slave,KE2179,2025-11-22 08:45:00,2025-11-22 08:43:00,출발,I
일본항공,KOJ,JL5248,P03,234,A B C D,Slave,KE2179,2025-11-22 08:45:00,2025-11-22 08:43:00,출발,I
에어서울,TAK,RS741,P03,276,E01-E10,Master,RS741,2025-11-22 08:45:00,2025-11-22 08:45:00,출발,I
에어프레미아,NRT,YP731,P01,30,K01-K05,Master,YP731,2025-11-22 08:45:00,2025-11-22 08:52:00,출발,I
산동항공,TNA,SC8008,P01,36,N11-N15,Master,SC8008,2025-11-22 08:45:00,2025-11-22 08:40:00,출발,I
아시아나항공,TNA,OZ6717,P01,36,N11-N15,Slave,SC8008,2025-11-22 08:45:00,2025-11-22 08:40:00,출발,I
중국국제항공,TNA,CA8854,P01,36,N11-N15,Slave,SC8008,2025-11-22 08:45:00,2025-11-22 08:40:00,출발,I
대한항공,KIX,KE723,P03,222,A B C D,Master,KE723,2025-11-22 08:50:00,2025-11-22 08:50:00,출발,I
델타항공,KIX,DL7785,P03,222,A B C D,Slave,KE723,2025-11-22 08:50:00,2025-11-22 08:50:00,출발,I
일본항공,KIX,JL5210,P03,222,A B C D,Slave,KE723,2025-11-22 08:50:00,2025-11-22 08:50:00,출발,I
몽골항공,KIX,OM6703,P03,222,A B C D,Slave,KE723,2025-11-22 08:50:00,2025-11-22 08:50:00,출발,I
싱가포르항공,SIN,SQ607,P01,43,F01-F08,Master,SQ607,2025-11-22 08:50:00,2025-11-22 09:11:00,출발,I
버진 오스트레일리아,SIN,VA5677,P01,43,F01-F08,Slave,SQ607,2025-11-22 08:50:00,2025-11-22 09:11:00,출발,I
에어인디아 리미티드,SIN,AI8171,P01,43,F01-F08,Slave,SQ607,2025-11-22 08:50:00,2025-11-22 09:11:00,출발,I
아시아나항공,SIN,OZ6781,P01,43,F01-F08,Slave,SQ607,2025-11-22 08:50:00,2025-11-22 09:11:00,출발,I
중국동방항공,PVG,MU5052,P02,121,H01-H18,Master,MU5052,2025-11-22 08:55:00,2025-11-22 08:45:00,출발,I
대한항공,PVG,KE5879,P02,121,H01-H18,Slave,MU5052,2025-11-22 08:55:00,2025-11-22 08:45:00,출발,I
상하이항공,PVG,FM3070,P02,121,H01-H18,Slave,MU5052,2025-11-22 08:55:00,2025-11-22 08:45:00,출발,I
아시아나항공,TSN,OZ327,P01,16,A03-C35,Master,OZ327,2025-11-22 08:55:00,2025-11-22 08:59:00,출발,I
중국국제항공,TSN,CA5014,P01,16,A03-C35,Slave,OZ327,2025-11-22 08:55:00,2025-11-22 08:59:00,출발,I
대한항공,TAO,KE841,P03,220,A B C D,Master,KE841,2025-11-22 08:55:00,2025-11-22 08:54:00,출발,I
중국동방항공,TAO,MU8940,P03,220,A B C D,Slave,KE841,2025-11-22 08:55:00,2025-11-22 08:54:00,출발,I
대한항공,CAN,KE867,P03,243,A B C D,Master,KE867,2025-11-22 08:55:00,2025-11-22 08:55:00,출발,I
진에어,KIX,LJ233,P03,280,G17-H40,Master,LJ233,2025-11-22 08:55:00,2025-11-22 08:55:00,출발,I
아시아나항공,FRA,OZ541,P01,10,A03-C35,Master,OZ541,2025-11-22 09:00:00,2025-11-22 08:59:00,출발,I
아시아나항공,NRT,OZ102,P01,19,A03-C35,Master,OZ102,2025-11-22 09:00:00,2025-11-22 09:01:00,출발,I
에티하드 항공,NRT,EY8453,P01,19,A03-C35,Slave,OZ102,2025-11-22 09:00:00,2025-11-22 09:01:00,출발,I
전일본공수,NRT,NH6972,P01,19,A03-C35,Slave,OZ102,2025-11-22 09:00:00,2025-11-22 09:01:00,출발,I
에어 뉴질랜드,NRT,NZ4060,P01,19,A03-C35,Slave,OZ102,2025-11-22 09:00:00,2025-11-22 09:01:00,출발,I
유나이티드항공,NRT,UA7318,P01,19,A03-C35,Slave,OZ102,2025-11-22 09:00:00,2025-11-22 09:01:00,출발,I
대한항공,TPE,KE2021,P03,225,A B C D,Master,KE2021,2025-11-22 09:00:00,2025-11-22 09:03:00,출발,I
델타항공,TPE,DL7775,P03,225,A B C D,Slave,KE2021,2025-11-22 09:00:00,2025-11-22 09:03:00,출발,I
중화항공,TPE,CI9065,P03,225,A B C D,Slave,KE2021,2025-11-22 09:00:00,2025-11-22 09:03:00,출발,I
대한항공,HFE,KE155,P03,245,A B C D,Master,KE155,2025-11-22 09:00:00,2025-11-22 08:59:00,출발,I
아시아나항공,HKG,OZ721,P01,27,A03-C35,Master,OZ721,2025-11-22 09:00:00,2025-11-22 09:00:00,출발,I
홍콩항공,HKG,HX1551,P01,27,A03-C35,Slave,OZ721,2025-11-22 09:00:00,2025-11-22 09:00:00,출발,I
유나이티드항공,HKG,UA7306,P01,27,A03-C35,Slave,OZ721,2025-11-22 09:00:00,2025-11-22 09:00:00,출발,I
아시아나항공,YNJ,OZ351,P01,9,A03-C35,Master,OZ351,2025-11-22 09:00:00,2025-11-22 09:08:00,출발,I
중국국제항공,YNJ,CA5016,P01,9,A03-C35,Slave,OZ351,2025-11-22 09:00:00,2025-11-22 09:08:00,출발,I
이스타항공,KIX,ZE611,P02,127,H24-J25,Master,ZE611,2025-11-22 09:05:00,2025-11-22 09:01:00,출발,I
아시아나항공,CGQ,OZ303,P01,17,A03-C35,Master,OZ303,2025-11-22 09:05:00,2025-11-22 09:09:00,출발,I
중국남방항공,CGQ,CZ4202,P01,17,A03-C35,Slave,OZ303,2025-11-22 09:05:00,2025-11-22 09:09:00,출발,I
이스타항공,CTS,ZE625,P02,126,H24-J25,Master,ZE625,2025-11-22 09:10:00,2025-11-22 09:05:00,출발,I
아시아나항공,HAN,OZ729,P01,14,A03-C35,Master,OZ729,2025-11-22 09:10:00,2025-11-22 09:17:00,출발,I
대한항공,HAN,KE441,P03,241,A B C D,Master,KE441,2025-11-22 08:00:00,2025-11-22 09:15:00,출발,I
웨스트젯,HAN,WS6067,P03,241,A B C D,Slave,KE441,2025-11-22 08:00:00,2025-11-22 09:15:00,출발,I
델타항공,HAN,DL7805,P03,241,A B C D,Slave,KE441,2025-11-22 08:00:00,2025-11-22 09:15:00,출발,I
베트남항공,HAN,VN3415,P03,241,A B C D,Slave,KE441,2025-11-22 08:00:00,2025-11-22 09:15:00,출발,I
대한항공,BOS,KE091,P03,248,A B C D,Master,KE091,2025-11-22 09:10:00,2025-11-22 09:08:00,출발,I
델타항공,BOS,DL7839,P03,248,A B C D,Slave,KE091,2025-11-22 09:10:00,2025-11-22 09:08:00,출발,I
에어부산,KIX,BX172,P03,279,E11-E20,Master,BX172,2025-11-22 09:10:00,2025-11-22 09:11:00,출발,I
제주항공,KIX,7C1303,P01,37,L13-L36,Master,7C1303,2025-11-22 09:10:00,2025-11-22 09:04:00,출발,I
대한항공,GUM,KE415,P03,233,A B C D,Master,KE415,2025-11-22 09:15:00,2025-11-22 09:19:00,출발,I
델타항공,GUM,DL7827,P03,233,A B C D,Slave,KE415,2025-11-22 09:15:00,2025-11-22 09:19:00,출발,I
대한항공,BKK,KE657,P03,246,A B C D,Master,KE657,2025-11-22 09:15:00,2025-11-22 09:14:00,출발,I
델타항공,BKK,DL7894,P03,246,A B C D,Slave,KE657,2025-11-22 09:15:00,2025-11-22 09:14:00,출발,I
하와이안 항공,BKK,HA6009,P03,246,A B C D,Slave,KE657,2025-11-22 09:15:00,2025-11-22 09:14:00,출발,I
대한항공,XIY,KE811,P03,249,A B C D,Master,KE811,2025-11-22 09:15:00,2025-11-22 09:17:00,출발,I
중국동방항공,XIY,MU8946,P03,249,A B C D,Slave,KE811,2025-11-22 09:15:00,2025-11-22 09:17:00,출발,I
티웨이항공,KLO,TW125,P02,131,F19-F36,Master,TW125,2025-11-22 09:20:00,2025-11-22 09:22:00,출발,I
아시아나항공,JFK,OZ222,P01,15,A03-C35,Master,OZ222,2025-11-22 09:00:00,2025-11-22 09:27:00,출발,I
코파항공,JFK,CM8004,P01,15,A03-C35,Slave,OZ222,2025-11-22 09:00:00,2025-11-22 09:27:00,출발,I
싱가포르항공,JFK,SQ5722,P01,15,A03-C35,Slave,OZ222,2025-11-22 09:00:00,2025-11-22 09:27:00,출발,I
타이항공,JFK,TG6745,P01,15,A03-C35,Slave,OZ222,2025-11-22 09:00:00,2025-11-22 09:27:00,출발,I
유나이티드항공,JFK,UA7293,P01,15,A03-C35,Slave,OZ222,2025-11-22 09:00:00,2025-11-22 09:27:00,출발,I
아시아나항공,YNZ,OZ337,P01,20,A03-C35,Master,OZ337,2025-11-22 09:20:00,2025-11-22 09:20:00,출발,I
에어서울,NRT,RS701,P03,278,E01-E10,Master,RS701,2025-11-22 09:20:00,2025-11-22 09:24:00,출발,I
중국남방항공,PKX,CZ316,P02,123,E19-E36,Master,CZ316,2025-11-22 09:25:00,2025-11-22 09:32:00,출발,I
대한항공,CGO,KE133,P03,267,A B C D,Master,KE133,2025-11-22 09:05:00,2025-11-22 09:33:00,출발,I
아시아나항공,IST,OZ551,P01,21,A03-C35,Master,OZ551,2025-11-22 09:35:00,2025-11-22 09:40:00,출발,I
터키항공,IST,TK8091,P01,21,A03-C35,Slave,OZ551,2025-11-22 09:35:00,2025-11-22 09:40:00,출발,I
아시아나항공,DLC,OZ301,P01,24,A03-C35,Master,OZ301,2025-11-22 09:35:00,2025-11-22 09:40:00,출발,I
중국국제항공,DLC,CA5012,P01,24,A03-C35,Slave,OZ301,2025-11-22 09:35:00,2025-11-22 09:40:00,출발,I
델타항공,DTW,DL158,P03,254,K21-K30,Master,DL158,2025-11-22 09:35:00,2025-11-22 09:25:00,출발,I
대한항공,DTW,KE7273,P03,254,K21-K30,Slave,DL158,2025-11-22 09:35:00,2025-11-22 09:25:00,출발,I
타이항공,BKK,TG659,P01,31,M05-M18,Master,TG659,2025-11-22 09:35:00,2025-11-22 09:31:00,출발,I
티웨이항공,FRA,TW403,P01,41,F19-F36,Master,TW403,2025-11-22 09:35:00,2025-11-22 09:45:00,출발,I
제주항공,NGO,7C1201,P02,103,L13-L36,Master,7C1201,2025-11-22 09:40:00,2025-11-22 09:37:00,출발,I
대한항공,PUS,KE1403,P03,235,-,Master,KE1403,2025-11-22 09:40:00,2025-11-22 09:37:00,출발,D
에어 프랑스,PUS,AF5391,P03,235,-,Slave,KE1403,2025-11-22 09:40:00,2025-11-22 09:37:00,출발,D
델타항공,PUS,DL7923,P03,235,-,Slave,KE1403,2025-11-22 09:40:00,2025-11-22 09:37:00,출발,D
델타항공,PUS,DL7931,P03,235,-,Slave,KE1403,2025-11-22 09:40:00,2025-11-22 09:37:00,출발,D
가루다인도네시아,PUS,GA9989,P03,235,-,Slave,KE1403,2025-11-22 09:40:00,2025-11-22 09:37:00,출발,D
진에어,TPE,LJ731,P03,258,G17-H40,Master,LJ731,2025-11-22 09:40:00,2025-11-22 09:42:00,출발,I
대한항공,TPE,KE5755,P03,258,G17-H40,Slave,LJ731,2025-11-22 09:40:00,2025-11-22 09:42:00,출발,I
진에어,GUM,LJ913,P03,266,G17-H40,Master,LJ913,2025-11-22 09:40:00,2025-11-22 09:42:00,출발,I
대한항공,GUM,KE5775,P03,266,G17-H40,Slave,LJ913,2025-11-22 09:40:00,2025-11-22 09:42:00,출발,I
파라타항공,NRT,WE501,P01,35,J26-J36,Master,WE501,2025-11-22 09:40:00,2025-11-22 09:40:00,출발,I
대한항공,ATL,KE035,P03,257,A B C D,Master,KE035,2025-11-22 09:45:00,2025-11-22 09:44:00,출발,I
델타항공,ATL,DL7851,P03,257,A B C D,Slave,KE035,2025-11-22 09:45:00,2025-11-22 09:44:00,출발,I
티웨이항공,SHE,TW613,P02,114,F19-F36,Master,TW613,2025-11-22 09:50:00,2025-11-22 09:52:00,출발,I
제주항공,HKG,7C6021,P01,34,L13-L36,Master,7C6021,2025-11-22 09:50:00,2025-11-22 09:47:00,출발,I
젯스타,SYD,JQ1048,P02,107,K28-K34,Master,JQ1048,2025-11-22 09:55:00,2025-11-22 09:52:00,출발,I
핀에어,SYD,AY6439,P02,107,K28-K34,Slave,JQ1048,2025-11-22 09:55:00,2025-11-22 09:52:00,출발,I
콴타스항공,SYD,QF5508,P02,107,K28-K34,Slave,JQ1048,2025-11-22 09:55:00,2025-11-22 09:52:00,출발,I
이스타항공,KIX,ZE615,P02,108,H24-J25,Master,ZE615,2025-11-22 09:55:00,2025-11-22 09:53:00,출발,I
대한항공,NRT,KE703,P03,232,A B C D,Master,KE703,2025-11-22 09:55:00,2025-11-22 10:00:00,출발,I
에어 타히티 누이,NRT,TN1577,P03,232,A B C D,Slave,KE703,2025-11-22 09:55:00,2025-11-22 10:00:00,출발,I
아에로멕시코,NRT,AM6750,P03,232,A B C D,Slave,KE703,2025-11-22 09:55:00,2025-11-22 10:00:00,출발,I
델타항공,NRT,DL7779,P03,232,A B C D,Slave,KE703,2025-11-22 09:55:00,2025-11-22 10:00:00,출발,I
일본항공,NRT,JL5202,P03,232,A B C D,Slave,KE703,2025-11-22 09:55:00,2025-11-22 10:00:00,출발,I
아시아나항공,SZX,OZ371,P01,26,A03-C35,Master,OZ371,2025-11-22 09:55:00,2025-11-22 09:57:00,출발,I
심천항공,SZX,ZH3302,P01,26,A03-C35,Slave,OZ371,2025-11-22 09:55:00,2025-11-22 09:57:00,출발,I
우즈베키스탄항공,TAS,HY514,P01,39,K10-K18,Master,HY514,2025-11-22 10:00:00,2025-11-22 10:08:00,출발,I
대한항공,TAS,KE5943,P01,39,K10-K18,Slave,HY514,2025-11-22 10:00:00,2025-11-22 10:08:00,출발,I
아시아나항공,TAS,OZ9243,P01,39,K10-K18,Slave,HY514,2025-11-22 10:00:00,2025-11-22 10:08:00,출발,I
캐세이퍼시픽항공,HKG,CX417,P01,50,J01-J08,Master,CX417,2025-11-22 10:00:00,2025-11-22 09:54:00,출발,I
콴타스항공,HKG,QF8228,P01,50,J01-J08,Slave,CX417,2025-11-22 10:00:00,2025-11-22 09:54:00,출발,I
카타르항공,HKG,QR3488,P01,50,J01-J08,Slave,CX417,2025-11-22 10:00:00,2025-11-22 09:54:00,출발,I
대한항공,FOC,KE127,P03,218,A B C D,Master,KE127,2025-11-22 10:05:00,2025-11-22 10:04:00,출발,I
샤먼항공,FOC,MF9594,P03,218,A B C D,Slave,KE127,2025-11-22 10:05:00,2025-11-22 10:04:00,출발,I
대한항공,XMN,KE125,P03,219,A B C D,Master,KE125,2025-11-22 10:05:00,2025-11-22 10:03:00,출발,I
샤먼항공,XMN,MF9018,P03,219,A B C D,Slave,KE125,2025-11-22 10:05:00,2025-11-22 10:03:00,출발,I
대한항공,KIJ,KE2197,P03,250,A B C D,Master,KE2197,2025-11-22 10:05:00,2025-11-22 10:01:00,출발,I
델타항공,KIJ,DL7901,P03,250,A B C D,Slave,KE2197,2025-11-22 10:05:00,2025-11-22 10:01:00,출발,I
일본항공,KIJ,JL5226,P03,250,A B C D,Slave,KE2197,2025-11-22 10:05:00,2025-11-22 10:01:00,출발,I
베트남항공,DAD,VN431,P02,106,D01-D17,Master,VN431,2025-11-22 10:10:00,2025-11-22 10:16:00,출발,I
이스타항공,TKS,ZE671,P02,115,H24-J25,Master,ZE671,2025-11-22 10:10:00,2025-11-22 10:10:00,출발,I
제주항공,SPN,7C3211,P02,128,L13-L36,Master,7C3211,2025-11-22 10:10:00,2025-11-22 10:07:00,출발,I
티웨이항공,FUK,TW201,P01,23,F19-F36,Master,TW201,2025-11-22 10:10:00,2025-11-22 10:13:00,출발,I
진에어,OKA,LJ341,P03,281,G17-H40,Master,LJ341,2025-11-22 10:10:00,2025-11-22 10:10:00,출발,I
대한항공,OKA,KE5745,P03,281,G17-H40,Slave,LJ341,2025-11-22 10:10:00,2025-11-22 10:10:00,출발,I
대한항공,TSN,KE805,P03,234,A B C D,Master,KE805,2025-11-22 10:15:00,2025-11-22 10:24:00,출발,I
샤먼항공,TSN,MF9098,P03,234,A B C D,Slave,KE805,2025-11-22 10:15:00,2025-11-22 10:24:00,출발,I
대한항공,IAD,KE093,P03,247,A B C D,Master,KE093,2025-11-22 10:15:00,2025-11-22 10:17:00,출발,I
델타항공,IAD,DL7857,P03,247,A B C D,Slave,KE093,2025-11-22 10:15:00,2025-11-22 10:17:00,출발,I
제주항공,KIX,7C1315,P01,38,L13-L36,Master,7C1315,2025-11-22 10:15:00,2025-11-22 10:15:00,출발,I
티웨이항공,NRT,TW243,P02,118,F19-F36,Master,TW243,2025-11-22 10:20:00,2025-11-22 10:27:00,출발,I
티웨이항공,CTS,TW263,P02,125,F19-F36,Master,TW263,2025-11-22 10:20:00,2025-11-22 10:19:00,출발,I
대한항공,DFW,KE031,P03,224,A B C D,Master,KE031,2025-11-22 10:20:00,2025-11-22 10:29:00,출발,I
델타항공,DFW,DL7869,P03,224,A B C D,Slave,KE031,2025-11-22 10:20:00,2025-11-22 10:29:00,출발,I
대한항공,JFK,KE081,P03,231,A B C D,Master,KE081,2025-11-22 10:00:00,2025-11-22 10:37:00,출발,I
델타항공,JFK,DL7841,P03,231,A B C D,Slave,KE081,2025-11-22 10:00:00,2025-11-22 10:37:00,출발,I
대한항공,YYZ,KE077,P03,255,A B C D,Master,KE077,2025-11-22 10:05:00,2025-11-22 10:37:00,출발,I
웨스트젯,YYZ,WS6063,P03,255,A B C D,Slave,KE077,2025-11-22 10:05:00,2025-11-22 10:37:00,출발,I
진에어,NRT,LJ205,P03,264,G17-H40,Master,LJ205,2025-11-22 10:20:00,2025-11-22 10:21:00,출발,I
제주항공,DAD,7C2211,P01,11,L13-L36,Master,7C2211,2025-11-22 10:25:00,2025-11-22 10:24:00,출발,I
제주항공,WEH,7C8501,P02,105,L13-L36,Master,7C8501,2025-11-22 10:30:00,2025-11-22 10:31:00,출발,I
베트남항공,HAN,VN417,P02,104,D01-D17,Master,VN417,2025-11-22 10:35:00,2025-11-22 10:28:00,출발,I
베트남항공,SGN,VN409,P02,111,D01-D17,Master,VN409,2025-11-22 10:35:00,2025-11-22 10:44:00,출발,I
피치항공,KIX,MM714,P02,117,K19-K23,Master,MM714,2025-11-22 10:35:00,2025-11-22 10:30:00,출발,I
제주항공,NRT,7C1103,P02,124,L13-L36,Master,7C1103,2025-11-22 10:35:00,2025-11-22 10:46:00,출발,I
제주항공,FUK,7C1403,P01,22,L13-L36,Master,7C1403,2025-11-22 10:35:00,2025-11-22 10:33:00,출발,I
한 에어,FUK,H19829,P01,22,L13-L36,Slave,7C1403,2025-11-22 10:35:00,2025-11-22 10:33:00,출발,I
대한항공,NGO,KE741,P03,238,A B C D,Master,KE741,2025-11-22 10:35:00,2025-11-22 10:35:00,출발,I
델타항공,NGO,DL7791,P03,238,A B C D,Slave,KE741,2025-11-22 10:35:00,2025-11-22 10:35:00,출발,I
일본항공,NGO,JL5216,P03,238,A B C D,Slave,KE741,2025-11-22 10:35:00,2025-11-22 10:35:00,출발,I
KLM네덜란드항공,NGO,KL4251,P03,238,A B C D,Slave,KE741,2025-11-22 10:35:00,2025-11-22 10:35:00,출발,I
몽골항공,NGO,OM6715,P03,238,A B C D,Slave,KE741,2025-11-22 10:35:00,2025-11-22 10:35:00,출발,I
가루다인도네시아,CGK,GA879,P03,252,J26-J38,Master,GA879,2025-11-22 10:35:00,2025-11-22 10:29:00,출발,I
대한항공,CGK,KE5643,P03,252,J26-J38,Slave,GA879,2025-11-22 10:35:00,2025-11-22 10:29:00,출발,I
사우디아항공,CGK,SV6753,P03,252,J26-J38,Slave,GA879,2025-11-22 10:35:00,2025-11-22 10:29:00,출발,I
대한항공,ORD,KE037,P03,236,A B C D,Master,KE037,2025-11-22 10:40:00,2025-11-22 10:49:00,출발,I
델타항공,ORD,DL7863,P03,236,A B C D,Slave,KE037,2025-11-22 10:40:00,2025-11-22 10:49:00,출발,I
제주항공,TPE,7C6101,P01,28,L13-L36,Master,7C6101,2025-11-22 10:40:00,2025-11-22 10:38:00,출발,I
한 에어,TPE,H19972,P01,28,L13-L36,Slave,7C6101,2025-11-22 10:40:00,2025-11-22 10:38:00,출발,I
대한항공,FUK,KE791,P03,265,A B C D,Master,KE791,2025-11-22 10:50:00,2025-11-22 10:50:00,출발,I
KLM네덜란드항공,FUK,KL3394,P03,265,A B C D,Slave,KE791,2025-11-22 10:50:00,2025-11-22 10:50:00,출발,I
델타항공,FUK,DL7801,P03,265,A B C D,Slave,KE791,2025-11-22 10:50:00,2025-11-22 10:50:00,출발,I
일본항공,FUK,JL5272,P03,265,A B C D,Slave,KE791,2025-11-22 10:50:00,2025-11-22 10:50:00,출발,I
타이항공,BKK,TG657,P01,32,M05-M18,Master,TG657,2025-11-22 10:50:00,2025-11-22 10:44:00,출발,I
라오항공,VTE,QV924,P01,42,J31-J34,Master,QV924,2025-11-22 10:50:00,2025-11-22 10:36:00,출발,I
아시아나항공,PVG,OZ363,P01,8,A03-C35,Master,OZ363,2025-11-22 10:50:00,2025-11-22 10:47:00,출발,I
길상항공,PVG,HO3111,P01,8,A03-C35,Slave,OZ363,2025-11-22 10:50:00,2025-11-22 10:47:00,출발,I
중국남방항공,CAN,CZ340,P02,121,E19-E36,Master,CZ340,2025-11-22 10:55:00,2025-11-22 10:49:00,출발,I
사천항공,CAN,3U7034,P02,121,E19-E36,Slave,CZ340,2025-11-22 10:55:00,2025-11-22 10:49:00,출발,I
대한항공,CTS,KE765,P03,241,A B C D,Master,KE765,2025-11-22 10:05:00,2025-11-22 10:57:00,출발,I
델타항공,CTS,DL7898,P03,241,A B C D,Slave,KE765,2025-11-22 10:05:00,2025-11-22 10:57:00,출발,I
일본항공,CTS,JL5208,P03,241,A B C D,Slave,KE765,2025-11-22 10:05:00,2025-11-22 10:57:00,출발,I
KLM네덜란드항공,CTS,KL4255,P03,241,A B C D,Slave,KE765,2025-11-22 10:05:00,2025-11-22 10:57:00,출발,I
버진 애트란틱항공,CTS,VS5511,P03,241,A B C D,Slave,KE765,2025-11-22 10:05:00,2025-11-22 10:57:00,출발,I
대한항공,MFM,KE2015,P03,245,A B C D,Master,KE2015,2025-11-22 10:40:00,2025-11-22 11:07:00,출발,I
델타항공,MFM,DL7903,P03,245,A B C D,Slave,KE2015,2025-11-22 10:40:00,2025-11-22 11:07:00,출발,I
에어서울,GUM,RS105,P03,277,E01-E10,Master,RS105,2025-11-22 11:00:00,2025-11-22 11:02:00,출발,I
제주항공,MFM,7C6001,P01,45,L13-L36,Master,7C6001,2025-11-22 11:00:00,2025-11-22 10:59:00,출발,I
제주항공,OIT,7C1811,P02,119,L13-L36,Master,7C1811,2025-11-22 11:05:00,2025-11-22 11:05:00,출발,I
비엣젯항공,HAN,VJ961,P02,132,E07-E18,Master,VJ961,2025-11-22 11:05:00,2025-11-22 11:00:00,출발,I
티웨이항공,CDG,TW401,P01,15,F19-F36,Master,TW401,2025-11-22 09:50:00,2025-11-22 11:05:00,출발,I
대한항공,KIX,KE727,P03,242,A B C D,Master,KE727,2025-11-22 11:05:00,2025-11-22 11:11:00,출발,I
델타항공,KIX,DL7789,P03,242,A B C D,Slave,KE727,2025-11-22 11:05:00,2025-11-22 11:11:00,출발,I
일본항공,KIX,JL5270,P03,242,A B C D,Slave,KE727,2025-11-22 11:05:00,2025-11-22 11:11:00,출발,I
말레이시아 항공,KUL,MH067,P01,49,M19-M25,Master,MH067,2025-11-22 11:05:00,2025-11-22 11:03:00,출발,I
대한항공,KUL,KE5671,P01,49,M19-M25,Slave,MH067,2025-11-22 11:05:00,2025-11-22 11:03:00,출발,I
카타르항공,KUL,QR5459,P01,49,M19-M25,Slave,MH067,2025-11-22 11:05:00,2025-11-22 11:03:00,출발,I
스리랑카항공,KUL,UL2767,P01,49,M19-M25,Slave,MH067,2025-11-22 11:05:00,2025-11-22 11:03:00,출발,I
터키항공,IST,TK021,P01,40,D26-D36,Master,TK021,2025-11-22 10:45:00,2025-11-22 11:15:00,출발,I
아시아나항공,IST,OZ6933,P01,40,D26-D36,Slave,TK021,2025-11-22 10:45:00,2025-11-22 11:15:00,출발,I
비엣젯항공,SGN,VJ863,P02,101,E07-E18,Master,VJ863,2025-11-22 10:50:00,2025-11-22 11:11:00,출발,I
대한항공,DAD,KE457,P03,233,A B C D,Master,KE457,2025-11-22 11:10:00,2025-11-22 11:15:00,출발,I
베트남항공,DAD,VN3443,P03,233,A B C D,Slave,KE457,2025-11-22 11:10:00,2025-11-22 11:15:00,출발,I
델타항공,DAD,DL7809,P03,233,A B C D,Slave,KE457,2025-11-22 11:10:00,2025-11-22 11:15:00,출발,I
대한항공,PVG,KE887,P03,275,A B C D,Master,KE887,2025-11-22 11:10:00,2025-11-22 11:09:00,출발,I
중국동방항공,PVG,MU8934,P03,275,A B C D,Slave,KE887,2025-11-22 11:10:00,2025-11-22 11:09:00,출발,I
상하이항공,PVG,FM8756,P03,275,A B C D,Slave,KE887,2025-11-22 11:10:00,2025-11-22 11:09:00,출발,I
샤먼항공,PVG,MF9090,P03,275,A B C D,Slave,KE887,2025-11-22 11:10:00,2025-11-22 11:09:00,출발,I
중국국제항공,PEK,CA710,P01,30,M26-M36,Master,CA710,2025-11-22 11:10:00,2025-11-22 11:19:00,출발,I
아시아나항공,PEK,OZ6805,P01,30,M26-M36,Slave,CA710,2025-11-22 11:10:00,2025-11-22 11:19:00,출발,I
에어부산,FUK,BX158,P03,278,E11-E20,Master,BX158,2025-11-22 11:15:00,2025-11-22 11:10:00,출발,I
아시아나항공,FUK,OZ9578,P03,278,E11-E20,Slave,BX158,2025-11-22 11:15:00,2025-11-22 11:10:00,출발,I
아시아나항공,BCN,OZ511,P01,6,A03-C35,Master,OZ511,2025-11-22 11:15:00,2025-11-22 11:23:00,출발,I
타이에어아시아엑스,DMK,XJ701,P02,110,J09-J16,Master,XJ701,2025-11-22 11:20:00,2025-11-22 11:19:00,출발,I
스카이 앙코르 항공,KTI,ZA216,P02,113,H19-H23,Master,ZA216,2025-11-22 11:20:00,2025-11-22 11:32:00,출발,I
중국남방항공,DLC,CZ686,P02,126,E19-E36,Master,CZ686,2025-11-22 11:20:00,2025-11-22 11:10:00,출발,I
이스타항공,OKA,ZE631,P02,102,H24-J25,Master,ZE631,2025-11-22 11:25:00,2025-11-22 11:32:00,출발,I
티웨이항공,BCN,TW407,P01,17,F19-F36,Master,TW407,2025-11-22 11:30:00,2025-11-22 11:32:00,출발,I
대한항공,LHR,KE907,P03,268,A B C D,Master,KE907,2025-11-22 10:40:00,2025-11-22 11:50:00,출발,I
버진 애트란틱항공,LHR,VS5501,P03,268,A B C D,Slave,KE907,2025-11-22 10:40:00,2025-11-22 11:50:00,출발,I
가루다인도네시아,DPS,GA871,P03,253,J26-J38,Master,GA871,2025-11-22 11:35:00,2025-11-22 11:26:00,출발,I
대한항공,DPS,KE5629,P03,253,J26-J38,Slave,GA871,2025-11-22 11:35:00,2025-11-22 11:26:00,출발,I
에티하드 항공,DPS,EY8156,P03,253,J26-J38,Slave,GA871,2025-11-22 11:35:00,2025-11-22 11:26:00,출발,I
에바항공,TPE,BR169,P01,31,D19-D25,Master,BR169,2025-11-22 11:40:00,2025-11-22 11:46:00,출발,I
에어캐나다,TPE,AC6539,P01,31,D19-D25,Slave,BR169,2025-11-22 11:40:00,2025-11-22 11:46:00,출발,I
에어 뉴질랜드,TPE,NZ4929,P01,31,D19-D25,Slave,BR169,2025-11-22 11:40:00,2025-11-22 11:46:00,출발,I
타이항공,TPE,TG6397,P01,31,D19-D25,Slave,BR169,2025-11-22 11:40:00,2025-11-22 11:46:00,출발,I
유니항공,TPE,B77027,P01,31,D19-D25,Slave,BR169,2025-11-22 11:40:00,2025-11-22 11:46:00,출발,I
아시아나항공,TPE,OZ6873,P01,31,D19-D25,Slave,BR169,2025-11-22 11:40:00,2025-11-22 11:46:00,출발,I
에어 아스타나,ALA,KC910,P01,47,N01-N06,Master,KC910,2025-11-22 11:40:00,2025-11-22 11:51:00,출발,I
아시아나항공,ALA,OZ6961,P01,47,N01-N06,Slave,KC910,2025-11-22 11:40:00,2025-11-22 11:51:00,출발,I
캐세이퍼시픽항공,ALA,CX6227,P01,47,N01-N06,Slave,KC910,2025-11-22 11:40:00,2025-11-22 11:51:00,출발,I
중국동방항공,WUX,MU2990,P02,131,H01-H18,Master,MU2990,2025-11-22 11:45:00,2025-11-22 11:42:00,출발,I
산동항공,TNA,SC8002,P01,36,N07-N15,Master,SC8002,2025-11-22 11:45:00,2025-11-22 11:47:00,출발,I
중국국제항공,TNA,CA8874,P01,36,N07-N15,Slave,SC8002,2025-11-22 11:45:00,2025-11-22 11:47:00,출발,I
아시아나항공,TNA,OZ6701,P01,36,N07-N15,Slave,SC8002,2025-11-22 11:45:00,2025-11-22 11:47:00,출발,I
에바항공,KHH,BR139,P01,37,F11-F16,Master,BR139,2025-11-22 11:45:00,2025-11-22 11:44:00,출발,I
아시아나항공,KHH,OZ6877,P01,37,F11-F16,Slave,BR139,2025-11-22 11:45:00,2025-11-22 11:44:00,출발,I
에어캐나다,KHH,AC6540,P01,37,F11-F16,Slave,BR139,2025-11-22 11:45:00,2025-11-22 11:44:00,출발,I
티웨이항공,OKA,TW281,P02,103,F19-F36,Master,TW281,2025-11-22 11:50:00,2025-11-22 11:53:00,출발,I
에어로케이항공,OBO,RF358,P02,106,K24-K27,Master,RF358,2025-11-22 11:50:00,2025-11-22 11:49:00,출발,I
제주항공,NRT,7C1105,P02,108,L13-L36,Master,7C1105,2025-11-22 11:50:00,2025-11-22 11:55:00,출발,I
중국동방항공,YNT,MU550,P02,123,H01-H18,Master,MU550,2025-11-22 11:55:00,2025-11-22 12:03:00,출발,I
대한항공,YNT,KE5847,P02,123,H01-H18,Slave,MU550,2025-11-22 11:55:00,2025-11-22 12:03:00,출발,I
중국동방항공,TAO,MU2040,P02,118,H01-H18,Master,MU2040,2025-11-22 12:00:00,2025-11-22 12:07:00,출발,I
대한항공,TAO,KE5853,P02,118,H01-H18,Slave,MU2040,2025-11-22 12:00:00,2025-11-22 12:07:00,출발,I
상하이항공,TAO,FM3078,P02,118,H01-H18,Slave,MU2040,2025-11-22 12:00:00,2025-11-22 12:07:00,출발,I
중화항공,KHH,CI165,P03,254,J01-J09,Master,CI165,2025-11-22 12:00:00,2025-11-22 12:07:00,출발,I
대한항공,KHH,KE5699,P03,254,J01-J09,Slave,CI165,2025-11-22 12:00:00,2025-11-22 12:07:00,출발,I
진에어,FUK,LJ263,P03,267,G17-H40,Master,LJ263,2025-11-22 12:00:00,2025-11-22 12:03:00,출발,I
대한항공,FUK,KE5075,P03,267,G17-H40,Slave,LJ263,2025-11-22 12:00:00,2025-11-22 12:03:00,출발,I
스쿠트 항공,SIN,TR843,P02,112,K03-K10,Master,TR843,2025-11-22 11:35:00,2025-11-22 12:20:00,출발,I
대한항공,CDG,KE901,P03,248,A B C D,Master,KE901,2025-11-22 12:05:00,2025-11-22 12:18:00,출발,I
에어 프랑스,CDG,AF5093,P03,248,A B C D,Slave,KE901,2025-11-22 12:05:00,2025-11-22 12:18:00,출발,I
에어인디아 리미티드,DEL,AI313,P01,33,M01-M08,Master,AI313,2025-11-22 12:05:00,2025-11-22 11:56:00,출발,I
아시아나항공,DEL,OZ6377,P01,33,M01-M08,Slave,AI313,2025-11-22 12:05:00,2025-11-22 11:56:00,출발,I
티웨이항공,KIX,TW303,P02,107,F19-F36,Master,TW303,2025-11-22 12:10:00,2025-11-22 12:07:00,출발,I
타이비엣젯항공,BKK,VZ851,P02,122,D01-D05,Master,VZ851,2025-11-22 12:10:00,2025-11-22 12:03:00,출발,I
대한항공,AMS,KE925,P03,225,A B C D,Master,KE925,2025-11-22 12:10:00,2025-11-22 12:23:00,출발,I
KLM네덜란드항공,AMS,KL200,P03,225,A B C D,Slave,KE925,2025-11-22 12:10:00,2025-11-22 12:23:00,출발,I
에어서울,DYG,RS811,P03,281,E01-E10,Master,RS811,2025-11-22 12:10:00,2025-11-22 12:22:00,출발,I
중국동방항공,NKG,MU580,P02,125,H01-H18,Master,MU580,2025-11-22 12:15:00,2025-11-22 12:21:00,출발,I
대한항공,NKG,KE5859,P02,125,H01-H18,Slave,MU580,2025-11-22 12:15:00,2025-11-22 12:21:00,출발,I
중국남방항공,PVG,CZ314,P02,127,E19-E36,Master,CZ314,2025-11-22 12:15:00,2025-11-22 12:16:00,출발,I
대한항공,BUD,KE963,P03,256,A B C D,Master,KE963,2025-11-22 12:15:00,2025-11-22 12:28:00,출발,I
중국동방항공,HGH,MU5072,P02,128,H01-H18,Master,MU5072,2025-11-22 12:20:00,2025-11-22 12:14:00,출발,I
대한항공,HGH,KE5877,P02,128,H01-H18,Slave,MU5072,2025-11-22 12:20:00,2025-11-22 12:14:00,출발,I
아시아나항공,HRB,OZ339,P01,18,A03-C34,Master,OZ339,2025-11-22 12:20:00,2025-11-22 12:34:00,출발,I
산동항공,TAO,SC4610,P01,38,N07-N15,Master,SC4610,2025-11-22 12:20:00,2025-11-22 12:23:00,출발,I
중국국제항공,TAO,CA8888,P01,38,N07-N15,Slave,SC4610,2025-11-22 12:20:00,2025-11-22 12:23:00,출발,I
아시아나항공,TAO,OZ6709,P01,38,N07-N15,Slave,SC4610,2025-11-22 12:20:00,2025-11-22 12:23:00,출발,I
홍콩익스프레스,HKG,UO619,P02,109,K29-K34,Master,UO619,2025-11-22 12:25:00,2025-11-22 12:35:00,출발,I
캐세이퍼시픽항공,HKG,CX5619,P02,109,K29-K34,Slave,UO619,2025-11-22 12:25:00,2025-11-22 12:35:00,출발,I
중화항공,TPE,CI161,P03,255,J10-J19,Master,CI161,2025-11-22 12:30:00,2025-11-22 12:44:00,출발,I
대한항공,TPE,KE5691,P03,255,J10-J19,Slave,CI161,2025-11-22 12:30:00,2025-11-22 12:44:00,출발,I
에어 프랑스,TPE,AF4160,P03,255,J10-J19,Slave,CI161,2025-11-22 12:30:00,2025-11-22 12:44:00,출발,I
델타항공,TPE,DL7718,P03,255,J10-J19,Slave,CI161,2025-11-22 12:30:00,2025-11-22 12:44:00,출발,I
하와이안 항공,TPE,HA2571,P03,255,J10-J19,Slave,CI161,2025-11-22 12:30:00,2025-11-22 12:44:00,출발,I
아시아나항공,NKG,OZ349,P01,9,A03-C34,Master,OZ349,2025-11-22 12:30:00,2025-11-22 12:38:00,출발,I
길상항공,NKG,HO3103,P01,9,A03-C34,Slave,OZ349,2025-11-22 12:30:00,2025-11-22 12:38:00,출발,I
심천항공,NKG,ZH3294,P01,9,A03-C34,Slave,OZ349,2025-11-22 12:30:00,2025-11-22 12:38:00,출발,I
싱가포르항공,SIN,SQ611,P01,43,F01-F08,Master,SQ611,2025-11-22 12:35:00,2025-11-22 12:54:00,출발,I
아시아나항공,SIN,OZ6725,P01,43,F01-F08,Slave,SQ611,2025-11-22 12:35:00,2025-11-22 12:54:00,출발,I
버진 오스트레일리아,SIN,VA5681,P01,43,F01-F08,Slave,SQ611,2025-11-22 12:35:00,2025-11-22 12:54:00,출발,I
에어인디아 리미티드,SIN,AI8173,P01,43,F01-F08,Slave,SQ611,2025-11-22 12:35:00,2025-11-22 12:54:00,출발,I
아시아나항공,LHR,OZ521,P01,7,A03-C34,Master,OZ521,2025-11-22 12:25:00,2025-11-22 12:42:00,출발,I
이스타항공,FUK,ZE647,P02,130,H24-J25,Master,ZE647,2025-11-22 12:40:00,2025-11-22 12:38:00,출발,I
제주항공,KOJ,7C1823,P01,20,L13-L36,Master,7C1823,2025-11-22 12:40:00,2025-11-22 12:34:00,출발,I
아시아나항공,LAX,OZ202,P01,24,A03-C34,Master,OZ202,2025-11-22 12:40:00,2025-11-22 12:42:00,출발,I
코파항공,LAX,CM8000,P01,24,A03-C34,Slave,OZ202,2025-11-22 12:40:00,2025-11-22 12:42:00,출발,I
싱가포르항공,LAX,SQ5702,P01,24,A03-C34,Slave,OZ202,2025-11-22 12:40:00,2025-11-22 12:42:00,출발,I
타이항공,LAX,TG6737,P01,24,A03-C34,Slave,OZ202,2025-11-22 12:40:00,2025-11-22 12:42:00,출발,I
유나이티드항공,LAX,UA7285,P01,24,A03-C34,Slave,OZ202,2025-11-22 12:40:00,2025-11-22 12:42:00,출발,I
에어부산,KIX,BX174,P03,277,E11-E20,Master,BX174,2025-11-22 12:40:00,2025-11-22 12:36:00,출발,I
중국남방항공,SHE,CZ682,P02,124,E19-E36,Master,CZ682,2025-11-22 12:45:00,2025-11-22 12:38:00,출발,I
중국국제항공,TSN,CA172,P01,28,M19-M36,Master,CA172,2025-11-22 12:45:00,2025-11-22 12:40:00,출발,I
아시아나항공,TSN,OZ6811,P01,28,M19-M36,Slave,CA172,2025-11-22 12:45:00,2025-11-22 12:40:00,출발,I
유나이티드항공,SFO,UA806,P01,32,E01-E08,Master,UA806,2025-11-22 12:45:00,2025-11-22 12:50:00,출발,I
아시아나항공,SFO,OZ6620,P01,32,E01-E08,Slave,UA806,2025-11-22 12:45:00,2025-11-22 12:50:00,출발,I
아시아나항공,PEK,OZ333,P01,11,A03-C34,Master,OZ333,2025-11-22 12:50:00,2025-11-22 13:07:00,출발,I
중국국제항공,PEK,CA5004,P01,11,A03-C34,Slave,OZ333,2025-11-22 12:50:00,2025-11-22 13:07:00,출발,I
대한항공,DLC,KE873,P03,235,A B C D,Master,KE873,2025-11-22 12:50:00,2025-11-22 12:47:00,출발,I
중국동방항공,DLC,MU8958,P03,235,A B C D,Slave,KE873,2025-11-22 12:50:00,2025-11-22 12:47:00,출발,I
대한항공,TAO,KE843,P03,246,A B C D,Master,KE843,2025-11-22 12:55:00,2025-11-22 12:51:00,출발,I
중국동방항공,TAO,MU8938,P03,246,A B C D,Slave,KE843,2025-11-22 12:55:00,2025-11-22 12:51:00,출발,I
대한항공,KTM,KE695,P03,224,A B C D,Master,KE695,2025-11-22 13:00:00,2025-11-22 12:53:00,출발,I
대한항공,DXB,KE951,P03,231,A B C D,Master,KE951,2025-11-22 13:00:00,2025-11-22 13:04:00,출발,I
에미레이트항공,DXB,EK3483,P03,231,A B C D,Slave,KE951,2025-11-22 13:00:00,2025-11-22 13:04:00,출발,I
사우디아항공,DXB,SV6612,P03,231,A B C D,Slave,KE951,2025-11-22 13:00:00,2025-11-22 13:04:00,출발,I
집에어,NRT,ZG046,P02,111,M10-M16,Master,ZG046,2025-11-22 13:05:00,2025-11-22 13:07:00,출발,I
제주항공,MYJ,7C1703,P02,119,L13-L36,Master,7C1703,2025-11-22 13:05:00,2025-11-22 13:00:00,출발,I
루프트한자 독일항공,FRA,LH713,P01,46,J26-J35,Master,LH713,2025-11-22 13:05:00,2025-11-22 13:04:00,출발,I
아시아나항공,FUK,OZ134,P01,14,A03-C34,Master,OZ134,2025-11-22 13:10:00,2025-11-22 13:16:00,출발,I
에티하드 항공,FUK,EY8467,P01,14,A03-C34,Slave,OZ134,2025-11-22 13:10:00,2025-11-22 13:16:00,출발,I
전일본공수,FUK,NH6960,P01,14,A03-C34,Slave,OZ134,2025-11-22 13:10:00,2025-11-22 13:16:00,출발,I
터키항공,FUK,TK8094,P01,14,A03-C34,Slave,OZ134,2025-11-22 13:10:00,2025-11-22 13:16:00,출발,I
에어캐나다,FUK,AC6998,P01,14,A03-C34,Slave,OZ134,2025-11-22 13:10:00,2025-11-22 13:16:00,출발,I
에티오피아항공,FUK,ET1444,P01,14,A03-C34,Slave,OZ134,2025-11-22 13:10:00,2025-11-22 13:16:00,출발,I
중국국제항공,PEK,CA124,P01,27,M19-M36,Master,CA124,2025-11-22 13:10:00,2025-11-22 13:02:00,출발,I
아시아나항공,PEK,OZ6807,P01,27,M19-M36,Slave,CA124,2025-11-22 13:10:00,2025-11-22 13:02:00,출발,I
산동항공,PEK,SC124,P01,27,M19-M36,Slave,CA124,2025-11-22 13:10:00,2025-11-22 13:02:00,출발,I
에어서울,KIX,RS713,P03,279,E01-E10,Master,RS713,2025-11-22 13:10:00,2025-11-22 13:05:00,출발,I
아시아나항공,CTS,OZ174,P01,8,A03-C34,Master,OZ174,2025-11-22 13:10:00,2025-11-22 13:10:00,출발,I
전일본공수,CTS,NH6998,P01,8,A03-C34,Slave,OZ174,2025-11-22 13:10:00,2025-11-22 13:10:00,출발,I
에티오피아항공,CTS,ET1294,P01,8,A03-C34,Slave,OZ174,2025-11-22 13:10:00,2025-11-22 13:10:00,출발,I
필리핀에어아시아,MNL,Z2885,P02,104,K19-K22,Master,Z2885,2025-11-22 13:00:00,2025-11-22 13:41:00,출발,I
중국동방항공,TAO,MU2034,P02,121,H01-H18,Master,MU2034,2025-11-22 13:15:00,2025-11-22 13:08:00,출발,I
대한항공,TAO,KE5843,P02,121,H01-H18,Slave,MU2034,2025-11-22 13:15:00,2025-11-22 13:08:00,출발,I
상하이항공,TAO,FM3080,P02,121,H01-H18,Slave,MU2034,2025-11-22 13:15:00,2025-11-22 13:08:00,출발,I
중국남방항공,YNJ,CZ6074,P02,132,E19-E36,Master,CZ6074,2025-11-22 13:20:00,2025-11-22 13:14:00,출발,I
샤먼항공,XMN,MF872,P03,250,J22-J27,Master,MF872,2025-11-22 13:20:00,2025-11-22 13:12:00,출발,I
몽골항공,UBN,OM302,P01,30,K09-K16,Master,OM302,2025-11-22 13:20:00,2025-11-22 13:22:00,출발,I
제주항공,OKA,7C1801,P01,35,L13-L36,Master,7C1801,2025-11-22 13:20:00,2025-11-22 13:19:00,출발,I
티웨이항공,KHH,TW671,P02,115,F19-F36,Master,TW671,2025-11-22 13:25:00,2025-11-22 13:27:00,출발,I
